,v1,v2,v3,v4,v5,v6,v7,v8,v9,v10,v11,v12,v13,v14,v15,v16,v17,v18,v19,v20,v21,v22,v23,v24,v25,v26,v27,v28,v29,v30,v31,v32,v33,v34,v35,v36,v37,v38,v39,v40,v41,v42,v43,v44,v45,v46,v47,v48,v49,v50,v51,v52,v53,v54,v55,v56,v57,v58,v59,v60,v61,v62,v63,v64,v65,v66,v67,v68,v69,v70,v71,v72,y
972,0.3,0.3,0.6,0.5,0.6,0.8,0.7,0.6,0.6,1.1,0.4,0.8,0.8,3.3,4.3,3.8,3.9,3.6,3.0,2.8,4.1,1.5,1.1,0.7,4.3,1.7,25.3,24.9,24.8,25.0,24.8,25.2,25.4,26.9,28.7,30.0,30.9,31.7,32.5,33.0,30.6,32.4,32.2,31.2,29.8,28.3,24.3,24.2,24.3,24.3,33.0,27.9,13.575298,0.57732,2.136487,1.662464,1531.49426,5.931129,0.406445,5.459634,0.994001,3145.420501,-10.51141,0.304716,9.872418,0.830116,5818.821222,10.511051,37.388335,10164.198442,-0.119949,0.86,0
1106,1.4,0.8,1.1,0.8,0.6,1.4,1.3,1.0,1.1,0.8,0.6,0.4,2.0,1.3,2.2,2.4,2.6,2.3,1.1,0.7,0.2,0.5,0.5,0.4,2.6,1.2,8.8,8.6,8.0,7.5,7.4,7.6,7.6,7.7,8.1,8.7,9.9,12.1,14.7,15.9,17.0,17.7,17.9,17.3,15.3,13.3,11.7,10.3,9.7,8.9,17.9,11.3,4.7,0.43,7.76,-2.22,1542.0,-0.75,0.57,13.85,0.23,3107.5,-14.9,0.46,9.872418,0.830116,5715.0,-4.3,21.6,10250.0,-30.0,0.03,0
1892,1.4,1.6,1.1,1.3,0.8,0.8,0.8,1.9,2.3,3.0,3.7,3.3,3.8,4.1,2.9,3.7,4.6,3.8,0.8,0.4,0.3,0.4,0.5,0.3,4.6,2.0,7.4,6.6,6.1,5.4,3.7,3.0,2.6,5.0,8.2,10.1,11.6,12.9,14.1,15.0,15.9,16.8,17.2,16.9,15.9,12.7,11.1,10.0,9.2,8.4,17.2,10.3,0.9,0.11,3.96,-12.53,1529.0,-7.5,0.39,13.29,-4.95,3070.0,-19.0,0.18,32.22,13.18,5615.0,-22.5,12.8,10255.0,100.0,0.0,0
1258,0.4,0.3,0.4,0.9,0.9,1.4,1.2,2.0,2.4,2.4,2.6,2.5,3.0,3.1,3.4,3.4,2.6,2.8,3.0,2.0,1.6,1.4,0.8,1.0,3.4,1.9,22.8,22.6,22.0,22.1,21.8,21.7,22.3,24.4,26.7,27.9,29.0,29.6,30.4,30.7,31.2,30.9,30.7,30.4,29.2,27.9,26.9,25.9,25.0,24.9,31.2,26.5,14.0,0.82,-4.61,0.06,1569.0,7.3,0.49,0.99,-0.04,3184.5,-8.9,0.09,-1.86,-4.35,5880.0,10.05,42.75,10180.0,10.0,0.0,0
191,1.9,1.7,1.4,1.8,1.8,0.6,1.8,3.1,4.2,3.7,2.8,2.7,2.0,1.7,1.8,1.5,0.7,1.2,2.5,3.4,2.1,2.7,3.3,2.8,4.2,2.2,27.3,26.9,26.8,26.5,26.4,26.2,26.3,27.4,28.9,30.3,31.8,33.3,34.7,35.7,36.8,37.9,38.1,38.0,35.7,33.0,31.4,30.6,29.7,28.6,38.1,31.2,13.575298,0.57732,2.136487,1.662464,1531.49426,5.931129,0.406445,5.459634,0.994001,3145.420501,-10.51141,0.304716,9.872418,0.830116,5818.821222,10.511051,37.388335,10164.198442,-0.119949,0.0,0
54,0.8,0.6,0.5,0.8,0.9,1.4,1.5,1.7,1.8,2.1,4.1,3.5,3.9,4.5,5.2,5.4,5.4,4.9,4.2,3.6,4.5,4.3,4.0,4.3,5.4,3.1,13.1,12.9,12.8,13.8,14.4,14.8,15.1,15.4,16.2,17.6,20.7,22.2,23.7,24.3,24.2,24.1,23.3,22.1,20.2,18.6,18.2,18.1,18.1,18.1,24.3,18.4,11.3,0.34,7.47,-6.53,1517.0,5.0,0.25,12.25,-7.44,3119.0,-11.8,0.25,25.51,-10.96,5775.0,2.4,31.2,10185.0,75.0,0.0,0
1909,3.4,2.8,3.0,2.8,1.2,1.1,1.3,2.4,2.6,3.3,3.1,3.6,3.8,3.2,2.8,3.8,4.0,3.3,2.7,2.0,2.6,3.5,3.1,2.7,4.0,2.8,19.6,19.4,19.1,18.9,19.1,19.4,19.7,20.1,20.7,21.3,22.0,22.6,23.4,23.3,23.7,24.5,24.8,24.1,23.0,22.4,22.4,22.2,21.8,21.7,24.8,21.6,13.575298,0.57732,2.136487,1.662464,1531.49426,5.931129,0.406445,5.459634,0.994001,3145.420501,-10.51141,0.304716,9.872418,0.830116,5818.821222,10.511051,37.388335,10164.198442,-0.119949,0.0,0
2227,4.8,4.9,4.8,4.4,4.8,4.9,4.4,4.3,3.8,3.2,3.4,4.3,4.5,4.6,4.2,4.5,3.0,0.5,0.8,1.3,0.4,3.1,2.3,3.5,4.9,3.5,15.5,15.7,15.9,16.1,16.3,16.4,16.6,16.8,17.1,17.6,18.5,19.2,19.9,20.8,20.7,20.8,19.6,16.8,15.7,14.9,16.0,18.9,19.1,19.5,20.8,17.7,13.575298,0.57732,2.136487,1.662464,1531.49426,5.931129,0.406445,5.459634,0.994001,3145.420501,-10.51141,0.304716,9.872418,0.830116,5818.821222,10.511051,37.388335,10164.198442,-0.119949,1.24,0
2050,0.3,0.5,0.2,0.2,1.4,1.8,1.4,2.1,1.7,2.2,2.8,2.5,2.6,2.9,3.0,2.9,1.9,1.8,0.9,1.3,2.0,1.5,0.6,0.6,3.0,1.6,24.8,24.6,24.7,24.8,25.0,24.8,24.4,25.1,26.7,28.1,29.0,29.9,30.7,31.2,31.4,29.0,24.7,23.1,23.5,23.9,23.9,23.6,23.5,23.4,31.4,26.0,13.575298,0.57732,2.136487,1.662464,1531.49426,5.931129,0.406445,5.459634,0.994001,3145.420501,-10.51141,0.304716,9.872418,0.830116,5818.821222,10.511051,37.388335,10164.198442,-0.119949,0.3,0
1713,1.640179,1.586351,1.54558,1.526405,1.522624,1.542417,1.637896,2.047127,2.539037,2.847708,2.969768,3.016414,3.044148,3.106679,3.177738,3.231005,3.1928,2.934562,2.561343,2.285638,2.089554,1.938376,1.803805,1.708538,4.172092,2.314949,18.649275,18.34785,18.060886,17.821319,17.611319,17.475542,17.589366,18.417822,19.778799,21.216943,22.462532,23.393553,24.025245,24.433077,24.705081,24.720153,24.397532,23.6321,22.509702,21.425661,20.615352,20.031588,19.502647,19.06226,25.578338,20.840483,15.3,0.52,-1.3,2.96,1539.0,9.4,0.03,0.87,-0.18,3159.5,-4.9,0.08,0.75,0.13,5875.0,-16.9,28.0,10150.0,-5.0,0.0,0
1157,4.3,3.8,3.0,2.6,1.8,1.5,2.0,3.6,4.0,3.4,3.2,2.5,2.6,3.4,2.5,4.0,3.6,2.5,2.1,1.4,1.1,1.5,2.5,2.5,4.3,2.7,12.2,10.8,9.8,8.9,8.3,7.6,7.2,8.1,9.1,10.6,12.9,14.8,16.2,17.4,18.6,19.3,19.4,18.9,17.9,16.2,14.9,14.2,14.2,13.9,19.4,13.4,9.6,0.24,9.77,-7.8,1457.5,3.5,0.02,20.8,1.42,3048.0,-15.2,0.07,25.95,8.36,5680.0,-26.1,31.1,10115.0,85.0,0.0,0
1184,0.8,0.7,0.7,0.1,0.5,0.8,1.5,1.8,2.3,2.5,3.1,3.0,4.1,3.9,4.5,3.3,3.2,3.4,2.6,2.3,1.9,1.9,2.0,2.4,4.5,2.2,19.2,19.6,20.0,20.7,21.3,22.2,22.7,23.2,23.8,24.2,25.4,26.8,27.2,27.6,27.9,27.5,27.1,26.9,25.9,24.8,24.1,24.2,24.3,24.0,27.9,24.2,16.5,0.87,5.98,9.25,1505.5,7.4,0.4,7.9,6.97,3132.5,-7.7,0.11,20.96,9.62,5835.0,17.5,46.15,10115.0,25.0,0.03,0
1338,0.8,0.9,1.0,1.0,0.8,1.1,1.3,1.9,2.6,2.0,2.1,2.3,2.2,3.2,2.5,2.9,3.1,2.4,1.7,1.3,0.3,0.4,0.4,0.3,3.2,1.6,24.1,23.6,23.4,23.2,23.1,22.8,22.8,23.8,25.5,27.5,29.2,30.5,31.2,31.8,32.3,32.4,32.3,31.8,30.7,29.3,27.7,27.0,26.1,25.1,32.4,27.4,18.0,0.76,-5.8,-3.35,1543.5,8.6,0.64,-4.9,-3.79,3181.0,-6.0,0.15,3.01,-11.93,5885.0,31.2,43.7,10135.0,-20.0,0.0,0
2494,0.8,1.4,1.7,1.0,0.9,1.1,1.3,1.0,2.1,2.5,1.9,2.1,2.1,2.0,2.0,4.2,2.8,3.4,2.4,4.2,3.3,4.1,2.9,3.2,4.2,2.3,21.8,21.6,21.9,22.1,22.2,22.3,22.4,22.6,22.9,22.8,20.7,21.3,22.2,22.1,22.1,21.2,20.8,20.9,20.9,20.9,21.5,22.3,22.7,23.4,23.4,21.9,13.9,0.86,2.38,5.53,1553.5,5.5,0.47,5.95,5.34,3167.5,-12.0,0.72,15.33,8.13,5830.0,27.4,49.4,10175.0,0.0,7.85,0
2450,1.8,1.8,2.2,2.5,3.1,2.9,2.3,2.7,3.4,3.6,3.8,3.6,4.0,4.1,4.1,3.2,3.8,3.4,3.1,3.0,3.0,3.5,3.4,3.5,4.1,3.2,23.7,23.6,22.6,21.8,21.0,21.1,21.1,21.3,21.9,22.9,23.2,23.8,24.3,24.6,24.4,23.7,23.0,22.6,22.2,21.7,21.3,21.0,20.8,20.6,24.6,22.4,15.9,0.92,-1.17,3.61,1488.5,8.9,0.73,2.34,1.61,3122.0,-7.1,0.49,6.06,4.68,5835.0,32.8,44.7,10090.0,-70.0,0.0,0
656,0.4,0.5,0.4,0.4,0.2,0.7,0.8,0.9,2.6,3.2,3.6,3.7,3.3,3.6,2.7,4.1,3.7,3.6,2.561343,2.285638,2.089554,1.938376,1.803805,1.708538,4.1,2.1,11.8,10.8,10.4,10.6,9.9,9.6,9.6,10.6,13.4,15.8,17.7,18.9,19.9,20.3,20.1,20.6,19.9,19.1,22.509702,21.425661,20.615352,20.031588,19.502647,19.06226,20.6,14.9,11.4,0.57,7.32,5.81,1536.0,3.3,0.65,8.05,17.27,3137.0,-12.7,0.14,8.68,20.84,5785.0,17.9,36.55,10180.0,0.0,0.0,0
1903,0.3,0.2,0.4,0.3,0.6,0.6,0.3,0.4,0.7,0.5,2.1,2.7,3.3,3.2,2.8,2.3,2.1,1.5,0.7,0.9,0.7,0.1,0.1,0.1,3.3,1.1,7.1,6.7,6.3,5.8,5.2,4.8,5.6,9.7,14.0,15.9,17.3,18.6,19.6,20.3,21.0,21.7,22.0,21.8,19.7,18.0,16.7,15.2,14.0,13.3,22.0,14.2,2.85,0.47,5.67,-11.32,1509.0,1.4,0.07,8.62,-23.68,3079.5,-15.0,0.06,16.2,-25.99,5705.0,-19.6,24.9,10215.0,0.0,0.0,0
1454,2.0,1.7,1.4,1.7,2.0,0.5,0.8,1.1,2.2,3.2,4.5,5.2,5.3,4.9,4.8,4.3,3.1,2.1,1.1,0.4,0.5,0.2,0.1,0.2,5.3,2.2,8.9,7.7,6.3,5.6,5.3,3.8,2.5,2.6,4.9,7.6,9.6,10.8,11.4,12.2,13.0,13.4,12.7,11.7,9.9,8.0,6.2,5.0,3.6,2.5,13.4,7.7,-0.45,0.21,10.04,-14.34,1502.0,-6.5,0.28,19.32,-21.11,3034.5,-18.2,0.11,29.18,-16.24,5625.0,-24.7,17.0,10220.0,80.0,0.0,0
84,4.8,4.1,4.2,3.6,3.2,4.2,4.6,4.0,5.3,6.3,6.1,6.6,6.8,7.2,7.0,6.4,5.9,5.7,6.4,5.8,6.0,5.9,5.5,5.7,7.2,5.5,20.3,20.1,19.9,19.6,19.6,19.8,19.7,19.9,21.3,23.3,23.9,24.7,24.8,25.0,24.8,23.9,23.2,22.8,22.2,21.6,21.4,21.1,20.6,20.2,25.0,21.8,13.3,0.11,0.0,13.4,1573.5,6.4,0.17,2.35,9.73,3187.0,-9.3,0.17,10.27,-5.22,5870.0,-15.6,16.2,10230.0,25.0,0.0,0
2076,1.3,1.8,1.8,1.3,1.2,1.1,1.7,2.5,3.3,3.3,3.7,2.9,3.4,2.7,2.4,2.3,2.1,1.7,1.2,1.1,1.1,0.9,0.3,1.0,3.7,1.9,17.3,17.1,16.6,15.3,14.9,14.9,14.8,16.1,17.8,19.8,20.9,21.9,22.7,23.5,23.9,24.4,24.4,23.8,22.3,20.8,20.0,19.2,17.8,17.6,24.4,19.5,14.4,0.1,-10.49,-10.45,1566.5,8.5,0.26,-1.26,-6.25,3190.0,-7.6,0.09,9.18,0.21,5890.0,-14.6,10.5,10220.0,30.0,0.0,0
970,1.3,0.9,0.9,0.5,0.9,0.5,0.3,1.2,0.8,1.1,1.3,1.2,1.4,3.8,2.1,4.6,2.3,1.8,1.8,2.1,1.8,1.5,0.5,0.6,4.6,1.5,25.4,25.2,25.0,24.7,24.7,24.7,24.5,26.5,28.6,29.2,30.8,31.8,33.1,31.0,30.5,30.9,26.4,27.7,28.2,28.1,27.6,26.9,26.4,25.9,33.1,27.7,18.1,0.76,2.136487,1.662464,1526.0,9.7,0.8,1.93,8.2,3166.5,-6.3,0.79,4.24,9.65,5885.0,34.7,44.45,10120.0,15.0,0.03,0
1181,2.9,3.1,2.8,2.5,2.8,2.8,2.9,3.2,3.4,3.8,3.9,4.3,4.4,4.4,4.9,4.7,4.4,3.8,3.6,3.7,3.4,3.4,4.3,3.9,4.9,3.6,23.9,23.7,23.6,23.4,23.0,22.7,22.7,22.9,23.4,24.4,25.7,26.9,27.8,28.6,28.6,27.9,27.4,26.2,25.5,24.9,24.7,24.6,24.5,24.4,28.6,25.1,15.7,0.84,3.23,10.24,1538.0,10.7,0.13,2.81,2.87,3167.0,-9.8,0.23,9.53,2.25,5865.0,12.15,47.95,10155.0,-15.0,0.0,0
546,1.7,1.9,1.4,1.4,0.7,1.0,1.3,1.4,1.6,1.6,2.0,2.4,2.7,3.0,3.4,3.4,3.9,3.6,3.0,1.9,1.9,2.2,1.4,0.9,3.9,2.1,25.3,25.0,24.6,24.6,24.3,23.9,24.2,25.6,27.3,29.0,30.1,31.0,31.7,32.2,32.3,31.7,30.6,30.6,29.5,28.6,28.1,27.9,27.3,26.9,32.3,28.0,17.3,0.85,-1.18,2.3,1554.0,7.4,0.73,-4.7,-1.4,3185.5,-6.3,0.73,-6.21,-1.66,5890.0,33.6,44.55,10155.0,-0.119949,0.0,0
1887,1.0,0.7,1.6,1.3,1.2,1.4,1.2,2.0,3.1,4.2,4.3,4.1,3.9,3.4,3.0,2.8,2.8,2.3,2.7,1.9,1.7,2.3,1.3,2.3,4.3,2.4,17.4,16.9,17.2,17.4,17.4,17.6,17.7,18.4,20.1,21.8,22.8,24.0,24.4,24.9,24.8,24.6,23.8,23.2,22.8,22.1,21.8,20.9,20.6,19.8,24.9,20.9,12.1,0.17,5.2,7.3,1504.5,6.6,0.09,6.81,4.21,3119.5,-16.0,0.46,15.64,1.46,5765.0,-13.8,32.7,10155.0,-10.0,0.18,0
1314,0.8,0.8,0.7,0.5,0.4,0.3,0.4,0.5,1.5,1.1,1.2,1.5,1.7,1.3,2.4,3.1,4.2,4.0,3.0,2.3,1.7,1.8,1.3,1.0,4.2,1.6,26.1,26.0,25.8,25.6,24.8,24.4,25.0,27.1,28.8,29.9,31.2,32.2,33.2,34.1,35.0,34.3,33.7,32.9,31.4,29.9,28.8,28.2,27.8,27.2,35.0,29.3,19.6,0.58,1.89,1.06,1560.0,7.6,0.48,4.38,0.18,3197.0,-8.3,0.46,6.59,-2.38,5880.0,29.0,47.3,10150.0,5.0,0.0,0
637,1.5,1.4,1.2,1.4,1.5,1.5,1.5,2.1,2.2,2.1,1.8,1.7,2.0,1.7,2.5,2.5,3.1,2.6,1.6,1.1,0.4,0.3,0.8,0.4,3.1,1.6,21.8,22.0,21.8,22.1,21.7,21.2,20.7,21.6,23.5,25.8,27.7,28.6,29.3,30.1,30.2,30.4,30.0,28.6,26.5,25.3,24.1,23.3,22.1,22.1,30.4,25.0,15.0,0.64,-3.51,-2.54,1560.0,6.6,0.2,-1.12,0.25,3173.5,-9.8,0.04,-2.58,-2.72,5860.0,12.85,42.65,10175.0,10.0,0.0,0
561,1.3,0.8,0.6,1.1,0.6,0.4,1.3,2.5,3.1,2.8,2.4,1.2,1.4,1.5,1.0,1.3,1.6,3.1,3.5,2.8,1.7,2.4,2.3,2.0,3.5,1.8,27.0,26.4,26.0,25.6,25.3,25.2,25.7,27.2,28.8,29.6,30.6,31.5,32.2,33.2,33.8,34.4,34.4,32.6,30.9,29.3,28.8,29.0,28.4,27.9,34.4,29.3,18.9,0.72,1.28,-0.04,1572.0,8.6,0.61,-0.5,-0.97,3211.0,-6.5,0.65,-4.28,-0.55,5910.0,32.15,45.65,10160.0,0.0,0.0,0
1517,1.7,1.7,1.5,1.6,2.0,1.7,2.2,2.2,2.3,2.7,3.7,4.1,3.2,3.7,4.0,4.0,3.5,4.0,3.8,5.5,4.7,4.6,4.7,4.6,5.5,3.2,12.2,12.6,12.7,12.6,12.3,12.2,12.3,12.4,12.8,14.2,16.1,17.6,17.9,18.1,20.0,21.7,21.4,21.5,21.4,20.9,19.6,19.2,19.1,19.1,21.7,16.7,11.1,0.44,3.19,3.26,1565.5,2.8,0.5,7.39,1.91,3165.5,-15.4,0.6,16.16,0.85,5805.0,2.55,28.35,10250.0,-50.0,0.0,0
1419,1.0,1.2,0.8,1.5,1.4,0.9,1.6,1.7,2.0,2.2,2.7,3.2,3.1,3.0,2.9,2.9,2.9,2.5,2.1,2.4,3.2,2.9,2.2,1.8,3.2,2.2,13.3,12.9,12.6,12.7,12.6,12.6,13.1,13.3,14.8,16.0,17.6,19.9,21.3,21.0,21.2,21.2,20.7,20.3,19.8,19.4,19.2,19.5,19.5,19.6,21.3,17.2,15.5,0.52,2.136487,1.662464,1570.5,4.1,0.73,2.71,-2.46,3186.5,-11.7,0.72,8.85,2.56,5840.0,28.35,44.4,10220.0,5.0,0.0,0
1559,0.9,0.7,0.4,0.3,0.2,0.2,0.6,0.3,0.5,0.4,0.9,0.9,1.1,2.1,2.6,3.2,3.4,2.5,2.5,3.0,2.2,1.3,1.2,1.6,3.4,1.4,22.7,22.2,21.8,21.8,21.6,21.2,21.6,22.8,24.2,25.1,25.8,27.5,28.2,29.0,29.4,29.1,28.2,27.1,26.8,25.8,25.0,23.6,22.6,22.8,29.4,24.8,15.6,0.78,3.74,-1.3,1535.0,10.9,0.13,4.95,2.06,3167.0,-7.6,0.32,17.08,7.07,5880.0,7.95,42.55,10150.0,20.0,0.0,0
165,3.4,3.2,2.9,1.9,2.1,1.6,2.6,2.9,3.8,3.7,4.2,4.0,3.9,4.0,3.8,4.0,3.8,4.7,4.4,4.3,4.1,3.4,2.8,2.4,4.7,3.4,27.2,27.0,26.9,26.8,26.9,26.9,28.1,29.7,30.7,32.3,34.1,35.1,35.6,35.7,36.2,36.0,35.6,33.9,31.9,30.1,28.7,28.0,27.4,26.8,36.2,30.7,21.3,0.48,2.13,6.42,1556.0,11.1,0.27,2.84,1.99,3208.0,-9.5,0.71,3.09,-2.99,5915.0,23.1,50.1,10140.0,-20.0,0.0,0
1589,0.3,0.2,0.7,0.3,0.2,1.4,1.0,1.4,4.3,4.6,4.8,5.7,5.4,5.4,5.4,5.7,5.0,5.1,4.4,4.2,3.2,2.5,2.7,2.8,5.7,3.2,17.8,16.4,16.5,15.8,15.7,16.5,17.7,20.8,24.0,24.5,25.2,25.9,26.1,25.8,25.7,25.8,25.4,24.7,23.9,23.2,22.6,22.0,21.8,21.6,26.1,21.9,12.4,0.59,-4.21,1.78,1556.0,6.8,0.3,3.33,-2.57,3170.0,-11.5,0.19,2.08,-4.26,5830.0,12.55,39.55,10200.0,-15.0,0.0,0
764,1.9,2.1,2.0,1.4,2.0,2.4,2.4,2.3,2.8,4.2,4.7,5.1,6.3,5.6,5.4,4.5,5.2,4.9,4.6,5.5,4.7,4.1,3.7,4.1,6.3,3.8,19.8,19.2,19.5,19.6,19.8,20.1,20.4,20.6,21.2,22.6,24.0,25.0,25.3,25.2,25.4,25.1,24.8,24.3,23.2,22.9,22.5,22.3,22.0,21.7,25.4,22.4,12.7,0.92,1.19,6.79,1556.0,5.5,0.19,8.32,9.11,3164.0,-14.8,0.64,18.44,2.33,5820.0,19.0,53.8,10190.0,15.0,0.0,0
305,2.8,2.7,3.5,3.4,3.1,3.3,3.7,4.0,4.0,3.4,2.7,2.5,3.9,3.6,3.2,3.7,3.8,3.5,3.1,2.3,2.0,2.1,2.2,2.1,4.0,3.1,13.1,12.8,12.4,11.9,11.7,11.7,11.8,12.4,13.4,15.4,16.9,17.9,19.6,21.2,21.8,22.4,22.9,22.7,21.8,21.6,22.1,22.3,22.3,22.4,22.9,17.7,10.4,0.42,-0.68,1.13,1555.5,2.4,0.82,12.98,0.4,3156.0,-12.7,0.2,22.41,3.97,5810.0,18.35,33.7,10245.0,25.0,0.08,0
2402,1.0,0.2,0.6,0.4,0.4,0.7,0.9,1.0,1.3,2.3,2.5,4.1,2.4,2.3,1.9,2.2,1.1,1.2,1.5,1.3,1.3,1.1,1.3,1.5,4.1,1.4,24.3,24.1,24.1,24.1,24.2,24.2,24.2,25.3,27.2,29.8,31.5,29.2,26.1,28.8,27.6,25.5,24.8,24.7,24.8,25.1,25.6,25.8,25.9,26.4,31.5,26.0,18.1,0.72,4.62,3.04,1555.0,8.9,0.53,7.45,3.84,3192.0,-7.7,0.61,7.9,1.93,5890.0,29.8,46.5,10150.0,-10.0,0.56,0
1544,3.7,3.8,3.9,4.0,3.2,2.5,2.2,2.8,3.6,4.9,4.8,5.4,6.8,5.9,5.7,6.1,5.8,4.7,5.0,5.6,5.0,5.6,5.6,1.5,6.8,4.5,17.8,17.9,18.4,18.7,18.6,18.7,18.8,19.2,20.4,21.6,21.9,22.8,23.2,23.2,23.3,22.7,22.2,21.7,21.8,22.6,22.2,22.4,22.8,22.3,23.3,21.1,11.8,0.29,-1.8,7.2,1520.0,4.4,0.71,4.71,3.08,3129.5,-13.7,0.53,12.97,1.79,5785.0,15.55,34.0,10175.0,-60.0,1.35,0
55,4.4,4.7,5.5,5.2,4.5,3.7,4.2,3.4,4.1,2.847708,2.969768,3.016414,6.8,7.2,6.9,6.8,6.1,4.6,4.6,4.5,5.2,6.2,5.7,4.9,7.2,5.2,18.0,17.9,17.9,18.3,18.3,18.2,18.1,18.3,19.3,20.7,21.8,23.6,23.9,23.6,23.3,23.1,22.8,21.6,20.2,19.7,19.7,19.8,20.1,20.4,23.9,20.4,14.1,0.24,2.1,10.14,1505.5,7.5,0.21,9.52,5.35,3125.0,-10.5,0.21,17.69,3.92,5810.0,-1.3,29.2,10155.0,-30.0,0.0,0
848,2.5,2.5,3.0,3.5,3.3,3.1,3.4,3.8,4.0,4.4,4.3,4.2,4.6,4.3,4.2,4.6,4.4,4.5,4.0,4.1,4.6,4.6,4.6,3.9,4.6,3.9,24.4,24.4,24.9,25.3,25.7,25.7,25.9,26.3,26.8,27.7,28.6,29.1,29.7,30.1,29.3,29.4,29.4,28.4,27.4,26.6,26.4,26.4,26.6,26.4,30.1,27.1,17.9,0.54,2.59,8.87,1517.5,10.3,0.24,4.62,2.18,3157.0,-8.0,0.06,2.23,-0.05,5870.0,15.3,42.3,10120.0,-5.0,0.0,0
1554,2.3,3.1,3.1,2.5,1.8,2.2,2.5,2.9,3.4,3.1,3.6,4.1,4.7,5.1,5.1,4.8,5.1,4.2,3.4,3.4,3.0,2.9,2.9,2.5,5.1,3.4,24.4,24.1,23.8,23.5,23.3,23.7,23.8,24.3,25.0,25.9,26.7,27.7,28.1,27.9,27.8,27.4,26.9,26.4,25.3,24.4,23.7,23.4,23.2,22.9,28.1,25.2,15.3,0.61,1.49,9.59,1562.0,7.8,0.33,5.48,0.47,3184.5,-11.3,0.7,10.58,7.65,5850.0,19.65,45.45,10180.0,30.0,0.0,0
1165,0.4,0.3,0.8,1.8,1.5,1.4,1.7,1.5,1.7,1.7,1.4,1.1,3.0,1.9,0.6,1.4,2.3,2.1,3.3,4.4,4.6,3.8,3.9,3.9,4.6,2.1,15.3,15.3,15.3,15.3,15.3,15.6,15.7,16.1,16.3,17.3,19.9,21.9,23.3,23.6,23.2,22.6,21.9,21.4,20.3,18.8,17.4,16.7,16.1,15.1,23.6,18.3,11.3,0.26,1.71,1.87,1509.0,3.6,0.31,6.9,-0.18,3109.5,-17.8,0.59,17.63,-8.27,5735.0,7.9,40.2,10160.0,-5.0,0.03,0
2334,0.4,0.7,0.2,1.0,1.1,3.0,3.3,0.9,1.8,0.2,1.7,0.7,0.4,0.8,1.6,2.6,1.2,1.3,0.7,0.6,0.6,0.5,0.3,1.0,3.3,1.1,23.9,23.9,23.9,24.1,23.9,22.9,21.4,22.3,21.7,21.7,20.9,21.7,23.2,25.4,27.2,24.3,24.4,24.6,24.9,23.5,22.9,22.7,22.7,22.8,27.2,23.4,16.9,0.76,0.66,-2.39,1503.5,7.3,0.75,0.73,-0.92,3132.5,-8.2,0.26,-0.71,7.31,5825.0,33.55,45.95,10100.0,-20.0,6.68,0
2302,1.7,1.1,1.1,1.3,0.6,1.9,1.2,1.3,2.2,3.8,3.4,3.0,3.0,3.3,3.6,3.3,3.3,3.6,2.5,2.1,2.1,2.0,2.4,2.5,3.8,2.3,18.9,18.9,19.2,19.3,18.9,18.8,18.6,19.3,20.5,20.6,22.2,23.1,24.3,24.8,25.1,24.6,25.0,24.6,23.9,22.4,21.3,20.2,19.1,18.2,25.1,21.3,14.5,0.93,2.136487,1.662464,1527.0,5.2,0.93,2.82,17.0,3145.5,-10.3,0.88,5.59,14.8,5820.0,37.0,48.4,10150.0,20.0,0.91,0
1875,1.6,0.8,1.1,1.3,0.8,1.0,1.0,0.6,0.9,1.5,1.4,1.8,1.8,1.3,4.2,2.8,3.3,3.0,2.8,2.4,2.2,1.4,0.8,0.8,4.2,1.7,20.8,20.7,20.6,20.3,20.3,20.2,20.1,20.2,20.4,20.5,20.6,21.3,21.6,23.0,19.3,20.2,21.4,20.1,18.8,18.2,17.7,17.4,17.1,16.9,23.0,19.9,15.0,0.85,7.77,9.04,1520.0,4.2,0.64,9.81,4.72,3134.5,-15.9,0.34,14.95,3.72,5775.0,36.95,59.15,10140.0,-10.0,0.13,0
1270,1.2,0.7,1.1,0.7,0.4,0.2,0.5,0.7,0.9,1.1,0.8,0.8,1.3,1.8,2.6,4.3,2.6,2.1,2.3,1.3,1.3,1.0,1.7,1.4,4.3,1.4,26.9,26.4,25.9,25.7,25.2,25.1,25.9,27.4,28.6,29.6,30.8,31.6,32.0,32.0,32.5,29.3,29.3,29.9,29.7,28.7,27.9,27.3,26.9,26.3,32.5,28.4,18.7,0.65,-2.33,2.54,1576.5,8.1,0.71,-6.94,0.48,3211.5,-7.0,0.4,-9.62,-1.64,5915.0,32.55,44.5,10175.0,10.0,0.0,0
1055,1.3,1.6,1.5,1.5,1.7,1.7,1.1,1.3,1.7,2.0,1.9,1.7,2.1,2.2,1.8,2.0,1.6,1.2,1.7,1.1,1.3,0.9,1.0,0.2,2.2,1.5,6.7,6.6,6.4,6.4,6.3,6.2,6.2,6.3,6.5,7.1,8.3,9.0,9.2,9.4,10.0,10.7,11.1,10.8,9.5,8.3,7.6,7.0,6.3,5.4,11.1,7.8,3.7,0.17,0.71,-1.8,1568.0,-1.3,0.93,11.46,-1.36,3137.5,-16.2,0.63,11.3,0.0,5750.0,-4.35,12.8,10305.0,10.0,0.0,0
500,0.3,0.1,0.1,0.0,0.4,0.5,1.1,1.4,2.7,3.2,4.0,3.5,2.7,2.4,2.9,3.2,4.3,3.7,3.4,2.3,3.0,2.5,1.1,0.9,4.3,2.1,22.0,21.7,21.4,20.7,20.7,21.0,22.2,24.6,26.6,27.5,28.1,29.1,29.8,30.4,30.6,30.8,30.1,29.4,28.2,26.6,25.5,24.6,23.7,22.9,30.8,25.8,15.2,0.63,-0.77,3.7,1552.5,7.3,0.32,5.1,-3.8,3173.0,-11.3,0.21,5.25,-6.84,5860.0,19.45,45.75,10165.0,0.0,0.0,0
829,0.4,0.4,0.4,0.4,0.1,0.5,0.3,1.3,2.7,3.4,4.0,4.0,4.9,5.1,4.8,5.0,4.4,4.2,3.6,3.3,2.6,1.3,2.3,3.1,5.1,2.6,14.9,14.4,13.3,12.4,11.4,11.4,12.5,15.9,19.3,22.3,24.1,24.8,25.3,25.2,25.6,24.9,24.2,23.8,22.7,21.7,21.1,20.7,20.1,20.7,25.6,19.7,14.7,0.04,1.27,-6.79,1518.0,8.3,0.06,5.99,-10.02,3141.0,-10.4,0.23,15.48,-11.91,5825.0,-38.2,8.7,10155.0,0.0,0.0,0
1247,4.3,3.9,3.7,3.7,3.6,3.8,3.7,3.9,4.2,4.5,4.1,4.4,4.7,4.3,4.0,4.1,4.6,4.5,4.6,3.7,3.8,3.8,3.3,2.9,4.7,4.0,27.8,27.6,27.4,27.2,27.2,27.2,27.4,28.2,28.9,29.9,30.7,31.4,31.3,31.7,31.9,32.2,31.2,30.7,29.9,29.1,28.7,28.7,28.1,27.8,32.2,29.3,18.2,0.76,-0.31,10.04,1510.0,9.1,0.55,4.15,7.9,3150.0,-6.7,0.04,4.42,0.07,5850.0,30.35,45.55,10100.0,10.0,0.0,0
1583,3.0,2.5,1.9,1.7,1.7,1.5,1.8,3.4,3.7,3.2,4.2,4.3,4.6,4.6,4.6,5.0,5.1,4.8,5.5,4.6,4.2,4.0,3.8,2.7,5.5,3.6,23.7,23.6,23.2,23.0,22.8,23.1,24.0,25.9,27.3,27.7,29.2,30.4,30.8,30.7,30.5,30.5,29.8,28.3,27.2,26.7,26.6,26.3,26.1,25.9,30.8,26.8,12.5,0.9,0.96,7.3,1541.0,8.8,0.11,2.31,2.75,3166.5,-11.6,0.54,2.93,2.33,5850.0,5.45,46.55,10165.0,-20.0,0.0,0
303,2.7,3.4,3.5,3.5,3.4,3.1,3.3,2.6,2.7,3.9,3.7,3.3,3.4,3.5,3.3,2.9,2.1,1.9,1.4,1.8,1.6,1.9,1.6,1.6,3.9,2.8,12.1,11.9,11.5,11.5,11.4,11.2,11.0,11.0,11.6,11.8,12.0,12.5,13.0,13.2,12.9,12.7,12.6,12.4,12.2,12.0,11.8,11.6,11.3,11.0,13.2,11.9,7.9,0.72,2.2,-6.85,1495.0,0.95,0.59,10.46,-5.44,3080.0,-14.6,0.43,21.35,0.0,5710.0,19.0,40.1,10160.0,-0.119949,0.0,0
1984,1.1,1.4,1.5,1.9,1.7,1.5,1.9,2.2,2.2,1.9,2.2,2.1,1.9,1.8,2.0,2.1,2.2,1.9,1.7,1.3,0.7,0.8,0.9,0.9,2.2,1.7,25.4,25.3,24.8,24.5,24.2,24.1,24.2,24.6,25.1,25.3,26.5,27.8,28.6,29.2,29.9,30.7,30.8,30.6,29.9,29.2,28.3,27.2,27.1,26.4,30.8,27.1,17.0,0.87,-4.06,-0.51,1544.5,8.9,0.8,-4.48,0.7,3181.5,-4.8,0.29,0.04,0.5,5895.0,33.45,41.5,10145.0,5.0,0.1,0
1353,0.3,0.4,0.4,0.7,0.7,0.6,0.8,1.3,2.1,2.1,2.8,3.1,2.8,2.8,3.1,2.6,2.6,2.2,0.4,0.3,0.5,1.0,0.2,0.1,3.1,1.4,15.4,15.0,14.5,14.2,13.5,13.4,13.1,15.4,18.8,21.3,23.4,24.3,25.0,25.4,25.9,26.2,26.1,25.6,22.6,20.4,19.1,18.9,17.7,16.9,26.2,19.7,15.2,0.06,-2.58,-5.8,1522.5,5.4,0.34,0.53,-6.06,3140.0,-10.3,0.04,6.46,-4.17,5820.0,-9.8,14.5,10155.0,-30.0,0.0,0
2208,1.8,1.2,0.7,1.4,1.5,1.8,3.0,3.2,3.6,3.5,3.4,3.3,2.8,2.1,3.1,2.9,3.0,3.2,2.5,2.7,2.4,2.4,2.1,2.1,3.6,2.5,16.2,16.3,16.4,16.3,16.3,16.1,14.6,12.7,11.3,10.9,10.6,10.6,10.7,10.7,10.7,10.7,10.6,10.3,10.2,10.0,9.7,9.5,9.4,9.3,16.4,12.1,9.8,0.9,7.99,3.2,1546.5,-1.05,0.99,13.73,4.28,3132.0,-15.2,0.63,22.4,3.95,5755.0,33.0,48.35,10210.0,-50.0,3.68,0
455,0.5,0.5,0.3,0.1,0.1,0.4,0.3,1.5,2.1,2.8,4.2,4.0,3.4,3.3,3.1,3.0,3.5,3.0,2.7,2.1,2.4,3.1,3.2,2.8,4.2,2.2,13.8,12.6,12.1,12.1,11.4,10.9,11.0,14.8,20.3,24.1,25.9,27.0,28.0,28.1,28.7,29.1,28.7,27.1,25.1,23.4,22.3,20.9,19.1,20.1,29.1,20.7,15.5,0.92,4.53,4.03,1529.5,10.1,0.15,10.07,6.31,3160.0,-12.5,0.3,15.78,3.39,5840.0,10.15,54.65,10145.0,40.0,0.0,0
178,1.6,1.3,0.9,0.9,0.8,1.4,1.9,3.8,3.6,3.5,2.2,3.6,4.8,5.2,4.5,4.3,2.6,2.5,2.3,2.2,3.8,3.1,2.8,2.5,5.2,2.8,27.6,27.0,26.6,26.4,26.1,26.2,27.1,28.0,28.0,25.9,25.8,27.8,28.5,29.3,28.8,28.6,27.1,27.7,27.7,27.7,27.9,27.6,27.2,27.0,29.3,27.4,18.3,0.85,-3.52,6.67,1572.0,10.8,0.64,-4.31,4.02,3215.5,-5.7,0.45,-1.91,1.37,5940.0,33.15,45.35,10165.0,10.0,0.46,0
827,1.4,2.3,1.3,1.4,1.8,1.0,0.8,1.0,1.1,2.7,2.6,2.5,4.1,4.3,3.4,3.4,3.4,2.3,1.7,2.0,2.0,1.9,0.8,0.2,4.3,2.1,23.6,23.0,22.9,22.4,21.8,21.6,21.4,22.5,23.6,24.9,25.6,25.7,27.8,28.4,28.9,29.0,29.2,28.7,27.1,24.8,23.3,21.9,20.0,17.3,29.2,24.4,21.2,0.17,7.23,9.92,1522.5,11.1,0.22,11.43,4.67,3174.0,-10.9,0.54,13.14,-1.59,5870.0,5.8,36.7,10130.0,-10.0,0.0,0
1624,0.7,0.0,0.4,0.3,0.3,0.5,0.8,1.2,1.5,1.7,1.6,2.8,1.2,2.3,3.5,3.5,3.9,3.4,2.9,1.4,1.9,1.5,1.4,1.7,3.9,1.7,23.7,23.2,22.8,22.9,22.6,22.7,23.9,25.4,27.2,27.4,27.9,25.8,25.3,27.0,27.7,28.2,28.7,28.4,27.5,26.6,26.1,25.7,25.1,24.5,28.7,25.7,15.8,0.85,3.47,6.59,1546.0,6.7,0.74,3.87,2.36,3169.0,-9.5,0.73,4.82,6.23,5850.0,34.2,47.95,10150.0,5.0,0.36,0
2231,3.0,3.4,3.1,2.9,3.7,3.6,4.1,4.8,5.6,4.1,4.6,5.3,6.2,8.1,7.1,6.4,5.8,5.2,5.4,4.8,3.6,2.9,2.9,2.6,8.1,4.5,21.1,20.8,20.3,20.3,20.0,19.8,19.5,19.7,20.0,20.6,21.1,21.4,21.7,23.1,23.1,23.1,22.9,22.7,22.5,22.4,22.1,21.2,21.2,21.1,23.1,21.3,12.6,0.85,-2.06,12.09,1528.0,9.7,0.03,1.86,13.65,3139.5,-10.2,0.38,7.41,15.07,5840.0,-8.15,43.05,10155.0,-30.0,0.1,0
72,2.2,2.2,1.8,1.8,2.1,2.5,2.5,2.0,3.4,3.6,3.8,4.8,4.7,5.0,4.1,3.8,2.8,2.9,2.5,2.7,3.2,3.7,3.2,2.3,5.0,3.1,11.9,12.2,12.8,13.3,13.6,13.9,14.2,14.4,15.1,15.3,15.7,16.9,17.9,17.4,17.3,16.4,16.4,16.2,16.0,15.9,16.3,16.2,15.9,15.8,17.9,15.3,7.0,0.75,1.78,5.54,1579.0,-2.6,0.88,7.48,-2.48,3148.0,-17.5,0.55,13.23,-1.24,5755.0,25.65,44.75,10270.0,-40.0,1.24,0
983,2.8,2.3,1.9,1.6,2.0,2.1,2.4,2.9,3.3,4.4,3.5,4.0,4.0,3.9,4.3,4.5,4.1,3.9,3.4,3.0,2.5,2.6,2.1,2.3,4.5,3.1,27.7,27.5,27.3,27.3,27.3,27.1,27.4,28.3,29.3,30.7,31.2,32.4,32.7,32.9,33.0,32.7,32.1,30.9,29.6,28.7,28.0,27.8,27.7,27.6,33.0,29.5,19.4,0.77,5.53,7.32,1517.0,10.3,0.74,6.89,5.79,3165.5,-5.4,0.32,7.9,4.03,5890.0,35.45,45.35,10100.0,10.0,0.0,0
53,0.3,0.3,0.3,0.4,0.1,0.2,0.3,0.0,0.1,1.7,2.7,2.9,3.1,3.1,2.1,2.2,1.3,2.7,2.4,2.3,1.7,1.6,1.8,1.2,3.1,1.5,9.6,8.7,8.5,7.5,7.1,6.9,7.0,7.4,9.9,12.8,15.2,17.0,18.4,19.6,20.9,21.9,21.8,19.1,17.3,15.7,14.6,14.1,13.8,13.6,21.9,13.7,6.3,0.61,10.24,-11.01,1433.5,1.3,0.25,19.17,-13.42,3016.0,-15.9,0.14,29.59,-13.8,5635.0,4.35,37.25,10110.0,40.0,0.0,0
550,0.1,0.2,0.4,0.3,0.2,0.1,0.1,1.2,2.4,3.0,3.4,2.4,3.0,3.8,3.8,4.3,3.3,2.2,1.8,1.0,1.0,1.1,0.9,0.4,4.3,1.7,25.2,25.2,25.0,24.8,24.4,23.8,24.7,25.9,27.8,28.8,29.7,29.5,30.1,28.7,28.0,28.2,27.8,27.8,27.7,27.3,26.5,25.9,25.3,25.0,30.1,26.8,18.1,0.76,5.39,0.25,1576.5,8.6,0.6,9.2,2.21,3211.5,-7.3,0.8,6.64,-0.16,5915.0,31.6,46.4,10175.0,5.0,0.0,0
1816,1.640179,1.586351,1.54558,1.526405,1.522624,1.542417,1.637896,2.047127,2.539037,2.847708,2.969768,3.016414,3.044148,3.106679,3.177738,3.231005,3.1928,2.934562,2.561343,2.285638,2.089554,1.938376,1.803805,1.708538,4.172092,2.314949,3.0,2.9,2.9,2.8,2.5,2.6,2.7,2.8,3.1,3.7,4.9,6.8,8.3,9.6,10.5,11.2,11.5,11.2,10.0,8.5,7.3,6.3,5.2,4.1,11.5,6.0,2.9,0.97,4.45,-2.9,1544.0,-2.8,0.77,9.41,-1.43,3102.0,-19.5,0.46,21.84,10.08,5695.0,21.35,44.35,10285.0,5.0,0.0,0
2412,0.7,0.7,0.9,1.0,1.0,0.5,0.8,1.6,2.2,2.0,2.1,1.8,1.8,2.0,1.8,1.5,1.7,1.8,1.2,1.0,0.2,0.3,0.3,0.6,2.2,1.2,22.3,21.6,21.1,20.9,20.6,20.2,20.7,23.1,25.0,27.1,28.2,28.9,29.3,29.4,29.6,30.1,30.1,29.8,28.5,27.4,25.8,24.9,24.4,24.2,30.1,25.5,14.1,0.7,-1.95,-2.02,1565.5,10.2,0.02,1.5,-2.37,3193.5,-7.8,0.06,3.16,0.07,5895.0,-14.45,37.85,10180.0,15.0,0.0,0
312,1.7,1.7,1.7,1.4,1.4,1.2,2.6,1.9,1.6,1.3,2.6,3.3,2.5,2.3,2.2,2.3,2.1,2.1,1.5,1.7,1.9,2.2,2.4,2.6,3.3,2.0,15.3,15.4,15.2,15.1,15.1,15.0,14.8,14.7,14.7,15.3,15.8,15.0,14.8,14.9,14.9,14.6,14.5,14.4,14.5,14.6,14.5,14.6,14.6,14.6,15.8,14.9,14.0,0.93,4.91,10.86,1511.5,5.8,1.0,9.45,10.4,3131.0,-9.1,0.85,16.89,13.03,5815.0,35.9,45.0,10140.0,-85.0,3.56,0
2261,2.0,0.2,1.6,0.9,0.8,0.6,0.4,0.7,1.6,0.7,1.2,1.7,2.2,2.0,3.0,3.2,2.7,2.4,1.5,1.6,1.4,0.2,0.1,0.1,3.2,1.4,18.5,18.2,17.5,17.4,17.3,16.8,16.8,17.7,19.7,21.4,22.7,23.1,21.6,23.0,23.6,24.1,24.1,23.5,22.4,21.1,20.0,19.2,17.9,17.2,24.1,20.2,10.5,0.51,-0.33,0.01,1515.5,1.8,0.17,0.93,-0.59,3107.0,-15.1,0.52,7.49,-5.79,5730.0,5.1,40.7,10150.0,10.0,0.0,0
1169,3.5,3.0,2.8,2.9,2.8,2.1,2.1,2.1,2.1,2.3,2.2,3.0,4.0,3.4,2.0,1.8,2.9,1.5,2.8,2.4,2.0,2.0,1.5,1.6,4.0,2.4,9.4,9.2,9.2,9.2,9.2,9.2,9.3,9.6,9.7,10.4,11.6,12.9,14.5,15.2,15.7,15.8,15.6,15.4,15.2,15.0,14.9,14.2,13.5,13.2,15.8,12.4,8.5,0.96,-1.35,6.99,1497.0,-0.5,1.0,4.27,3.49,3079.0,-16.0,0.87,8.76,7.39,5695.0,32.45,48.45,10180.0,-50.0,1.3,0
1895,1.3,1.1,1.0,0.8,0.8,1.4,1.6,1.7,3.4,4.2,3.9,4.1,4.2,4.4,4.8,4.4,4.7,4.3,3.5,3.1,2.8,2.8,2.5,2.2,4.8,2.9,16.1,15.3,14.9,14.8,15.2,15.4,15.6,17.0,20.1,21.7,22.4,22.9,23.4,23.3,22.9,22.7,22.2,21.6,20.6,19.7,19.2,18.7,18.2,17.9,23.4,19.2,10.2,0.19,4.72,10.22,1555.0,6.2,0.05,3.1,1.18,3160.5,-12.6,0.04,6.97,0.4,5825.0,-24.0,24.1,10225.0,-35.0,0.0,0
2448,1.5,2.1,2.3,2.3,1.9,1.6,1.7,2.0,2.7,3.1,3.4,3.4,2.4,1.5,1.3,2.1,2.9,2.7,2.4,2.3,1.1,1.3,1.3,1.4,3.4,2.1,23.3,23.3,23.3,23.2,23.1,23.4,23.8,23.6,23.6,24.7,26.0,25.6,25.1,25.1,25.2,24.9,25.3,25.1,25.2,25.6,25.9,25.8,25.6,25.4,26.0,24.6,15.6,0.82,-6.76,5.5,1577.0,6.0,0.81,-5.73,3.75,3200.5,-8.8,0.89,-0.6,3.13,5890.0,33.75,45.7,10190.0,5.0,0.84,0
375,1.7,1.4,1.3,1.1,1.1,1.1,1.3,1.3,1.5,2.6,3.8,5.1,4.5,4.4,4.5,4.6,4.5,4.3,3.2,3.3,2.8,2.6,2.8,2.7,5.1,2.8,8.1,8.2,7.8,7.8,8.2,8.8,9.6,9.7,11.0,14.5,18.9,21.0,22.4,22.7,22.9,22.5,21.9,20.8,19.8,19.2,18.8,18.6,18.6,18.9,22.9,15.9,11.8,0.06,6.88,2.92,1499.5,5.4,0.07,7.31,1.55,3105.0,-12.4,0.03,4.99,6.64,5770.0,-37.5,10.4,10165.0,-50.0,0.0,0
1838,1.640179,1.586351,1.54558,1.526405,1.522624,1.542417,1.637896,2.047127,2.539037,2.847708,2.969768,3.016414,3.044148,3.106679,3.177738,3.231005,3.1928,2.934562,2.561343,2.285638,2.089554,1.938376,1.803805,1.708538,4.172092,2.314949,11.5,10.4,9.5,8.8,8.1,6.9,6.2,5.8,6.3,7.5,8.9,10.7,12.6,13.7,14.8,15.6,15.7,15.3,13.9,12.7,11.6,10.9,10.5,10.1,15.7,10.7,10.5,0.44,9.32,-1.59,1484.0,1.6,0.5,19.61,3.25,3077.0,-11.4,0.19,26.59,-0.49,5720.0,2.7,29.55,10145.0,25.0,0.0,0
453,1.1,1.8,2.3,2.1,2.2,2.6,2.7,3.4,3.4,4.2,5.0,5.5,6.2,5.8,5.8,4.9,3.1,3.1,3.5,3.8,3.9,3.7,3.7,4.1,6.2,3.7,17.9,18.2,18.3,18.4,18.2,18.4,19.0,19.9,21.0,21.9,23.2,23.5,24.6,23.9,23.6,22.7,22.1,22.4,22.2,22.5,22.6,22.7,22.8,22.8,24.6,21.4,17.1,0.7,1.12,9.98,1482.5,6.3,0.73,11.61,13.23,3110.5,-12.2,0.43,16.71,19.92,5770.0,34.5,51.6,10085.0,-30.0,0.08,0
2263,1.1,1.2,1.5,1.6,2.7,3.0,3.5,3.7,3.4,3.7,3.8,4.0,3.5,3.4,4.5,4.7,4.8,4.3,3.8,2.5,2.7,3.0,3.0,2.8,4.8,3.2,18.4,17.7,17.8,17.6,18.3,17.7,16.9,16.8,16.9,17.4,18.6,19.3,20.3,20.8,22.1,22.8,22.6,21.8,20.7,20.0,19.1,18.8,18.3,17.5,22.8,19.1,10.4,0.66,2.136487,1.662464,1519.5,3.6,0.17,1.26,-1.26,3113.0,-14.1,0.59,9.6,0.42,5760.0,5.4,43.0,10160.0,0.0,0.0,0
1558,3.4,2.9,2.9,2.5,2.3,2.5,2.5,3.1,3.1,3.1,3.2,3.8,3.5,3.8,4.1,4.2,3.8,3.0,3.2,2.7,2.4,1.7,1.9,1.4,4.2,3.0,23.6,23.4,23.6,23.6,23.4,23.4,23.4,24.3,24.9,26.4,27.5,28.6,28.9,29.5,29.6,29.0,28.4,27.8,26.8,25.7,24.8,23.9,23.3,22.9,29.6,25.7,16.4,0.47,2.56,9.11,1517.0,13.8,0.02,4.31,4.42,3155.0,-7.0,0.19,12.15,4.01,5885.0,-18.7,35.3,10130.0,-35.0,0.0,0
1612,1.2,0.4,0.1,0.2,0.5,0.2,1.1,2.8,3.6,3.2,2.8,3.1,3.3,4.0,4.1,4.0,3.6,3.5,3.2,2.3,2.1,2.7,2.6,2.2,4.1,2.4,25.8,25.3,24.7,24.3,24.0,23.8,25.0,26.6,27.8,29.3,30.6,31.9,32.8,33.7,34.1,34.3,34.3,33.9,32.9,31.5,30.0,29.1,28.1,27.1,34.3,29.2,17.5,0.64,1.18,-1.05,1518.0,8.8,0.51,0.59,-5.54,3152.5,-6.7,0.31,3.46,-6.18,5860.0,23.45,40.85,10110.0,-5.0,0.0,0
2532,1.3,0.9,1.5,1.2,1.6,1.8,1.1,1.0,1.9,2.0,2.5,2.1,2.5,3.6,3.9,4.0,3.6,3.1,3.2,2.3,1.8,1.7,1.4,1.3,4.0,2.1,18.1,18.0,18.0,18.3,18.3,18.4,18.4,18.4,18.9,18.8,18.9,20.1,21.9,23.3,23.6,23.5,22.6,21.8,21.1,20.4,19.8,19.5,19.1,18.7,23.6,19.9,9.3,0.66,0.85,9.76,1581.5,6.7,0.02,1.1,3.4,3170.5,-10.8,0.25,7.72,-0.89,5845.0,-19.6,34.2,10245.0,-30.0,0.05,0
1205,1.7,1.3,0.5,0.9,1.1,1.3,2.1,2.6,3.7,4.3,4.9,5.1,5.5,5.8,5.7,6.0,5.4,4.6,4.2,3.5,3.0,2.8,1.7,1.5,6.0,3.3,21.8,21.5,21.4,21.3,21.2,20.6,20.4,22.3,24.3,25.4,26.2,26.9,27.2,27.4,27.2,26.7,26.2,25.3,24.4,23.8,23.2,22.9,22.7,22.6,27.4,23.9,13.0,0.74,-4.51,5.4,1525.0,3.9,0.44,-2.75,-1.29,3133.0,-11.5,0.09,4.28,-6.43,5800.0,22.55,44.55,10145.0,0.0,0.0,0
407,3.0,3.5,2.5,3.2,3.3,2.4,1.8,1.9,2.3,3.1,3.4,2.7,3.0,2.2,2.7,2.4,2.0,2.2,1.3,0.1,0.0,0.4,0.8,1.2,3.5,2.1,17.4,15.0,14.4,14.0,13.7,13.3,13.0,12.7,13.1,14.2,15.3,16.9,18.5,19.7,20.8,21.2,21.2,20.4,18.6,15.8,13.9,12.7,12.9,13.3,21.2,15.9,7.2,0.86,3.95,6.28,1486.5,0.05,0.56,9.9,8.79,3059.0,-18.9,0.79,15.36,4.96,5665.0,19.4,49.95,10140.0,-45.0,0.43,0
30,0.7,0.9,0.9,1.4,2.5,3.2,2.8,1.7,2.8,4.1,4.4,5.2,5.8,6.2,4.7,4.6,5.0,4.4,4.4,4.2,3.8,3.6,3.4,3.6,6.2,3.5,14.3,13.9,13.5,13.9,14.0,14.2,14.4,14.5,15.2,15.8,17.7,18.9,19.4,19.3,18.4,18.2,18.1,17.3,16.2,15.6,15.3,15.1,14.7,14.7,19.4,15.9,7.2,0.83,-0.92,-2.22,1488.0,-0.15,0.2,3.69,-3.78,3061.5,-19.4,0.29,6.76,-1.32,5660.0,12.55,50.45,10145.0,-5.0,0.03,0
1535,3.1,3.0,2.9,3.3,3.1,3.8,3.6,3.8,5.0,4.9,5.1,4.6,4.2,4.7,4.9,4.9,4.7,3.8,2.9,3.0,3.0,3.6,4.5,4.4,5.1,4.0,22.2,22.1,22.1,22.2,22.2,21.8,21.9,22.7,23.5,24.1,24.8,25.6,26.6,27.5,28.0,27.7,25.9,24.4,24.0,23.7,23.3,22.8,22.7,22.6,28.0,23.9,16.9,0.54,9.75,6.77,1506.0,9.2,0.18,13.98,-5.23,3138.5,-11.7,0.33,9.872418,0.830116,5815.0,10.9,44.6,10130.0,-45.0,0.0,0
1634,1.640179,1.586351,1.54558,1.526405,1.522624,1.542417,1.637896,2.047127,2.539037,2.847708,2.969768,3.016414,3.044148,3.106679,3.177738,3.231005,3.1928,2.934562,2.561343,2.285638,2.089554,1.938376,1.803805,1.708538,4.172092,2.314949,18.649275,18.34785,18.060886,17.821319,17.611319,17.475542,17.589366,18.417822,19.778799,21.216943,22.462532,23.393553,24.025245,24.433077,24.705081,24.720153,24.397532,23.6321,22.509702,21.425661,20.615352,20.031588,19.502647,19.06226,25.578338,20.840483,18.7,0.8,-7.8,-1.13,1570.0,8.1,0.61,-10.77,-2.39,3209.0,-7.6,0.34,-12.19,-2.74,5910.0,34.45,49.05,10160.0,10.0,0.0,0
645,0.8,0.8,0.8,0.8,1.0,0.6,1.1,1.6,2.7,3.5,3.7,4.2,4.1,3.5,3.9,3.4,3.2,2.4,0.6,0.2,0.4,0.1,0.3,0.4,4.2,1.8,9.7,9.4,8.9,8.6,8.3,8.1,8.3,10.2,13.1,15.7,18.1,19.6,20.4,21.2,21.8,22.2,22.1,21.1,18.1,14.6,13.2,11.9,10.7,10.1,22.2,14.4,10.9,0.77,2.96,-2.41,1560.5,4.0,0.55,11.6,1.48,3162.0,-11.2,0.05,19.0,9.89,5820.0,17.85,39.7,10245.0,50.0,0.0,0
984,1.7,1.6,1.9,1.6,1.0,1.1,0.6,1.9,3.4,3.4,3.8,3.0,2.7,2.7,2.5,3.5,3.3,3.4,3.2,3.4,3.0,3.9,2.5,4.6,4.6,2.7,27.1,26.7,26.6,26.5,26.2,26.2,26.1,27.7,29.2,30.3,31.4,32.6,32.9,33.5,34.1,33.4,33.0,31.8,30.3,29.5,26.7,23.3,22.7,21.7,34.1,28.7,20.2,0.43,3.36,7.8,1528.0,12.0,0.38,3.26,4.14,3181.5,-5.6,0.31,7.38,4.14,5905.0,19.0,38.6,10115.0,15.0,0.38,0
736,3.2,3.2,3.2,3.1,4.0,3.0,3.1,3.2,4.6,4.6,5.3,5.7,4.9,4.6,5.4,4.5,4.1,3.0,3.3,3.6,3.9,3.2,0.9,2.3,5.7,3.7,18.9,18.9,18.8,18.9,18.6,18.2,18.5,18.8,19.5,19.9,21.1,22.3,23.8,25.3,26.0,26.6,26.4,25.6,23.9,22.2,21.0,20.3,19.7,19.2,26.6,21.3,11.9,0.59,8.67,1.12,1536.5,6.2,0.25,11.61,-4.22,3149.5,-10.1,0.44,18.4,-9.67,5825.0,8.4,36.0,10175.0,-55.0,0.0,0
1572,0.7,1.1,1.4,1.6,1.3,1.0,1.1,1.7,3.3,4.2,4.7,4.8,5.2,5.2,4.5,4.5,4.5,4.4,3.6,3.2,3.4,3.4,3.3,3.9,5.2,3.2,24.3,24.4,24.3,24.2,24.3,24.3,24.9,26.4,27.9,28.7,29.6,30.1,30.4,30.1,30.3,30.2,29.8,29.2,27.9,26.7,26.2,25.9,25.9,26.2,30.4,27.2,17.6,0.75,0.71,2.56,1566.5,10.8,0.15,4.59,3.06,3205.0,-9.6,0.47,8.66,-0.04,5910.0,16.3,49.9,10175.0,55.0,0.0,0
567,1.3,1.0,1.3,0.8,0.1,0.8,0.8,2.2,2.7,2.7,2.6,2.1,2.0,1.9,1.3,0.7,1.2,3.1,2.4,0.6,0.8,0.5,1.2,1.1,3.1,1.5,26.9,26.8,26.7,26.0,25.7,25.4,26.1,27.0,28.5,29.9,31.0,32.1,33.2,34.0,34.8,35.2,34.9,31.6,29.9,29.1,28.2,27.4,27.1,27.3,35.2,29.4,20.2,0.6,2.136487,1.662464,1577.5,9.4,0.57,5.459634,0.994001,3221.0,-6.5,0.46,-3.92,1.14,5930.0,30.45,45.4,10160.0,5.0,0.0,0
1885,0.3,0.5,0.6,0.5,0.4,0.5,0.4,0.7,1.4,0.7,1.4,2.3,2.1,1.5,1.4,1.3,2.1,1.3,0.6,0.4,2.3,2.2,1.7,1.3,2.3,1.2,10.7,10.2,9.9,9.6,9.3,8.9,8.8,9.9,12.6,15.0,16.8,18.3,19.3,20.1,21.2,21.7,21.9,21.9,20.9,18.1,17.4,16.6,15.6,14.9,21.9,15.4,6.0,0.69,4.59,-0.11,1511.5,-2.7,0.68,11.28,-3.42,3076.0,-18.3,0.49,16.58,10.26,5675.0,19.9,43.15,10185.0,40.0,0.0,0
2222,1.9,1.3,1.0,1.4,1.3,1.4,1.7,2.3,2.2,3.6,3.8,4.2,3.3,2.0,1.6,2.1,0.8,1.7,1.9,2.0,1.9,1.8,1.6,0.8,4.2,2.0,15.2,15.0,14.9,14.8,14.6,14.6,14.6,14.6,14.8,15.1,15.8,17.2,17.4,17.7,18.1,17.9,16.7,16.1,15.8,15.6,15.3,14.7,14.2,14.1,18.1,15.6,11.4,0.77,4.34,3.47,1453.5,4.4,0.14,11.26,6.06,3056.0,-15.1,0.4,20.91,14.86,5690.0,5.15,48.75,10095.0,-45.0,1.22,0
464,6.2,6.5,6.1,5.5,5.0,5.9,6.0,6.3,6.5,6.1,6.4,5.8,5.9,5.9,6.0,6.0,5.8,5.1,4.3,3.6,3.2,2.9,2.1,0.9,6.5,5.2,21.9,19.6,17.7,16.3,15.1,14.1,13.0,12.9,13.6,14.8,16.1,17.6,18.3,18.9,19.3,19.6,19.4,18.8,17.6,16.1,15.1,14.2,13.5,12.6,21.9,16.5,15.4,0.6,17.74,0.64,1426.5,4.4,0.16,24.37,4.88,3039.5,-11.3,0.3,9.872418,0.830116,5715.0,7.1,42.4,10040.0,-65.0,0.0,0
804,0.2,0.1,0.4,0.4,0.1,0.3,0.2,0.5,2.5,2.5,2.3,2.8,3.1,3.4,4.2,4.8,4.7,4.6,4.2,4.3,3.9,3.3,2.3,2.4,4.8,2.4,15.7,15.0,14.7,14.3,13.7,13.6,13.7,16.8,20.4,21.1,22.4,23.9,24.9,26.0,26.7,26.7,25.9,25.0,24.2,23.3,22.8,22.6,22.4,22.2,26.7,20.8,14.7,0.27,5.7,-4.37,1451.5,2.9,0.26,11.21,-8.72,3057.0,-14.7,0.02,10.19,-6.5,5695.0,9.6,40.3,10060.0,-35.0,0.0,0
2415,1.3,1.1,1.2,0.8,0.3,0.8,1.0,1.1,1.3,1.3,0.8,1.1,1.3,3.0,2.4,2.8,2.8,2.0,1.8,0.9,0.2,0.2,0.7,0.3,3.0,1.3,24.4,24.7,25.0,25.0,25.1,25.3,25.4,25.4,25.9,26.9,28.6,30.2,30.8,28.5,31.2,31.3,31.6,29.7,26.6,26.4,26.2,26.2,26.3,26.4,31.6,27.2,16.9,0.73,-1.06,5.46,1537.5,8.5,0.76,2.33,5.83,3174.0,-7.0,0.92,4.21,5.71,5880.0,31.9,42.9,10145.0,5.0,0.0,0
115,3.7,3.3,2.8,2.9,3.2,2.8,3.8,4.0,4.2,3.9,3.6,4.1,3.8,4.3,4.4,3.9,3.7,4.1,4.1,3.6,4.6,3.2,5.0,4.1,5.0,3.8,20.2,20.0,20.1,20.3,20.4,20.4,20.9,21.7,22.4,23.3,23.1,23.1,23.8,23.7,23.7,23.0,22.4,22.4,22.2,21.9,21.8,22.2,22.4,22.4,23.8,22.0,11.8,0.31,2.8,12.27,1491.5,8.7,0.31,9.65,7.23,3119.5,-8.4,0.18,17.22,0.76,5805.0,0.0,24.4,10130.0,-35.0,0.0,0
1979,1.5,0.8,1.2,1.0,0.7,0.6,1.0,1.6,2.6,2.7,2.0,1.4,1.0,4.5,3.7,4.1,3.6,3.4,3.4,2.5,2.1,1.9,1.4,1.2,4.5,2.1,26.3,25.9,25.9,25.8,25.8,25.9,26.8,28.7,30.1,31.4,32.2,33.1,33.6,30.6,29.2,30.6,30.7,31.2,30.7,29.6,28.7,28.1,27.6,27.3,33.6,29.0,19.3,0.71,-1.74,5.89,1554.0,9.5,0.75,0.15,-1.13,3198.5,-5.5,0.32,-3.1,-4.79,5920.0,34.35,44.15,10145.0,25.0,0.0,0
2223,1.9,0.8,0.8,3.4,3.0,3.6,3.5,2.6,2.9,3.1,2.9,3.0,4.6,5.0,5.6,5.9,5.8,5.9,6.4,5.3,4.5,4.2,3.8,3.2,6.4,3.8,13.6,13.3,13.3,12.3,11.6,11.0,10.7,10.7,10.8,10.8,10.5,10.2,8.9,8.3,7.8,7.6,7.6,7.3,7.2,7.4,7.4,7.5,7.4,7.3,13.6,9.6,8.4,0.74,2.61,-2.15,1407.5,-1.45,0.72,7.53,4.33,2983.0,-20.3,0.55,13.89,15.84,5570.0,28.15,52.45,10055.0,-40.0,0.08,0
531,1.8,1.4,1.7,1.7,1.7,2.0,2.2,2.3,2.4,2.8,3.4,4.2,3.4,1.2,1.7,1.0,1.5,1.9,1.7,1.9,2.1,2.1,2.0,1.6,4.2,2.1,25.1,24.8,24.7,24.4,24.0,23.9,24.3,25.3,26.3,27.4,28.8,29.8,28.7,23.7,24.4,25.4,26.7,26.8,26.2,25.7,25.1,24.9,24.6,24.3,29.8,25.6,16.1,0.72,-8.66,1.16,1555.5,7.2,0.81,1.15,0.97,3180.0,-6.7,0.39,2.17,1.55,5885.0,29.85,39.7,10155.0,0.0,1.17,0
2193,2.3,1.6,1.4,1.8,0.9,0.4,0.4,1.1,1.7,2.8,5.8,6.2,6.0,6.5,6.5,6.9,6.1,6.2,5.5,5.9,8.7,9.3,7.7,8.3,9.3,4.6,16.0,16.0,15.3,15.1,14.4,13.6,12.4,12.6,14.1,17.1,20.1,20.9,21.2,21.1,21.6,21.1,20.0,18.3,16.3,14.3,9.9,7.6,6.4,5.7,21.6,15.4,12.0,0.26,11.13,0.45,1435.5,3.2,0.17,15.4,8.79,3032.5,-15.9,0.32,23.44,19.67,5665.0,-6.1,35.3,10065.0,-10.0,0.0,0
2518,2.5,2.2,2.2,2.6,2.6,2.3,2.5,2.7,2.8,3.8,4.5,4.2,2.7,3.0,2.9,2.8,3.3,3.5,3.8,4.1,3.0,2.7,2.6,2.8,4.5,3.0,7.3,7.6,8.1,7.9,7.8,8.1,8.3,8.3,8.1,6.9,7.2,6.6,7.4,8.1,8.3,9.1,9.8,9.9,10.1,10.0,10.1,10.1,10.2,10.2,10.2,8.6,4.5,0.42,0.63,4.96,1571.5,-2.05,0.46,6.96,4.43,3137.0,-16.5,0.12,12.52,0.88,5745.0,-16.2,22.45,10290.0,-60.0,1.17,0
755,0.9,1.6,2.0,1.9,2.1,2.3,2.1,2.2,2.3,2.2,2.2,3.1,3.0,3.7,4.6,4.4,3.0,2.0,0.4,0.3,0.2,0.1,0.4,0.2,4.6,2.0,14.1,13.9,13.6,13.1,12.9,12.7,12.5,12.4,12.4,13.0,15.2,18.1,19.5,20.3,20.9,21.4,21.5,21.1,19.0,16.1,13.8,12.2,11.2,10.1,21.5,15.5,5.9,0.66,3.49,-4.48,1580.0,-3.9,0.62,14.66,-11.25,3143.0,-20.9,0.69,21.55,2.38,5710.0,20.0,47.25,10270.0,10.0,0.0,0
911,2.9,2.1,1.8,1.6,1.2,1.5,2.3,3.5,4.2,3.2,3.3,3.0,2.2,1.3,1.9,1.2,1.1,1.3,3.3,3.1,2.1,2.2,2.5,2.5,4.2,2.3,26.5,26.1,25.6,25.4,24.7,24.6,24.9,26.6,28.1,29.4,31.1,32.9,34.2,35.2,36.0,36.7,37.3,37.2,34.8,31.8,30.3,29.4,28.4,27.5,37.3,30.2,21.1,0.38,4.63,0.23,1565.5,10.7,0.39,1.74,-2.55,3213.0,-6.1,0.26,-2.0,-5.08,5920.0,16.8,35.9,10155.0,5.0,0.0,0
1285,1.6,1.3,1.1,1.1,0.4,1.0,1.4,2.6,3.4,3.1,1.8,1.4,1.5,0.9,1.7,2.0,2.1,1.8,1.8,1.6,1.8,1.7,2.1,1.4,3.4,1.7,26.9,26.6,26.1,25.8,25.3,25.1,25.5,26.8,28.4,29.8,30.8,32.4,33.2,34.6,34.7,34.9,34.8,34.8,33.8,32.0,30.9,30.0,29.2,28.5,34.9,30.1,18.9,0.81,0.18,-0.86,1528.0,11.1,0.35,-3.56,-3.55,3171.0,-5.1,0.43,-5.21,-6.62,5895.0,25.0,44.6,10105.0,-35.0,0.0,0
910,1.9,1.2,2.1,2.1,1.6,1.5,1.6,3.3,3.4,2.9,2.8,2.7,3.0,2.8,3.3,2.5,2.1,1.8,2.4,3.5,3.0,3.3,3.7,3.3,3.7,2.6,26.2,25.6,25.8,25.7,25.4,25.3,26.1,27.7,29.2,30.6,31.9,33.3,34.5,35.4,36.2,36.9,37.1,36.9,35.6,32.3,30.7,29.1,27.7,26.9,37.1,30.5,20.9,0.14,6.64,0.2,1562.5,10.8,0.41,0.82,-0.55,3211.0,-6.6,0.18,1.16,-1.35,5925.0,7.9,27.5,10150.0,-15.0,0.0,0
1295,0.7,0.7,0.3,0.1,0.3,0.4,1.0,1.1,0.7,0.7,0.4,1.2,1.2,2.1,1.9,2.9,4.1,3.2,2.2,1.4,1.4,2.3,1.3,0.3,4.1,1.3,25.8,25.4,25.3,24.7,24.6,24.5,25.1,26.6,28.2,29.4,31.1,31.7,32.7,33.1,33.4,33.2,32.7,31.3,30.7,29.8,29.2,28.2,27.3,26.8,33.4,28.8,18.4,0.86,-2.8,0.4,1587.0,9.7,0.57,-1.48,-3.31,3228.0,-5.8,0.5,-6.55,-4.59,5945.0,31.6,45.9,10180.0,15.0,0.0,0
1707,1.640179,1.586351,1.54558,1.526405,1.522624,1.542417,1.637896,2.047127,2.539037,2.847708,2.969768,3.016414,3.044148,3.106679,3.177738,3.231005,3.1928,2.934562,2.561343,2.285638,2.089554,1.938376,1.803805,1.708538,4.172092,2.314949,18.649275,18.34785,18.060886,17.821319,17.611319,17.475542,17.589366,18.417822,19.778799,21.216943,22.462532,23.393553,24.025245,24.433077,24.705081,24.720153,24.397532,23.6321,22.509702,21.425661,20.615352,20.031588,19.502647,19.06226,25.578338,20.840483,15.9,0.86,-9.33,-4.35,1518.0,8.7,0.57,-6.65,-2.92,3150.0,-7.8,0.43,-2.22,-0.19,5850.0,29.25,45.05,10125.0,5.0,0.0,0
158,3.8,4.0,3.6,3.7,3.6,3.7,4.5,4.9,4.7,5.1,5.0,5.3,5.8,5.2,5.1,5.5,5.2,5.0,4.4,4.5,3.5,3.8,4.1,3.8,5.8,4.5,25.7,25.9,26.0,26.1,26.4,26.5,27.0,27.8,29.0,30.3,30.4,31.0,32.0,31.6,32.2,32.4,31.7,30.7,29.9,28.3,27.7,27.6,27.7,27.7,32.4,28.8,17.8,0.39,-1.55,10.63,1568.0,10.0,0.13,-0.49,1.22,3207.0,-7.3,0.06,7.31,-1.27,5910.0,2.4,35.2,10180.0,-20.0,0.0,0
2281,3.3,3.3,3.1,2.6,2.6,2.8,3.2,3.4,4.4,5.0,4.9,5.6,4.6,5.3,4.8,3.7,3.3,3.6,3.0,2.6,3.8,4.3,4.9,5.1,5.6,3.9,23.9,23.8,23.6,23.4,23.1,22.9,23.3,23.9,24.8,26.3,26.8,27.1,26.9,27.0,26.3,24.4,24.3,24.3,24.0,23.6,23.2,23.2,23.6,23.7,27.1,24.5,15.9,0.58,0.0,11.85,1512.5,9.7,0.19,6.59,7.41,3138.5,-10.4,0.06,10.56,2.22,5820.0,12.7,44.1,10125.0,25.0,0.0,0
318,0.3,0.2,0.1,1.2,0.3,0.8,2.1,3.6,4.0,4.3,3.6,4.2,4.0,3.2,3.8,4.2,3.4,3.7,3.6,4.1,3.9,3.4,3.0,3.1,4.3,2.8,20.4,19.4,18.7,19.1,19.8,19.1,19.7,18.9,16.7,15.7,17.2,18.1,17.8,17.4,17.4,16.9,16.3,15.8,15.6,14.9,13.9,13.3,13.1,12.8,20.4,17.0,13.7,0.69,8.12,5.14,1541.5,6.2,0.14,10.86,1.26,3152.0,-7.6,0.03,17.63,5.56,5845.0,3.2,36.8,10165.0,-0.119949,0.0,0
2124,2.4,1.8,1.8,1.9,1.9,1.6,1.8,2.1,2.0,1.7,1.2,1.3,1.8,3.9,1.5,1.1,0.7,0.5,1.8,2.285638,2.089554,1.938376,1.803805,1.708538,3.9,1.7,22.2,22.2,22.3,22.6,22.8,22.8,22.8,23.1,23.2,23.2,23.2,23.0,23.0,23.0,21.2,21.3,21.9,21.9,22.7,21.425661,20.615352,20.031588,19.502647,19.06226,23.2,22.5,13.7,0.71,-0.39,6.28,1541.0,6.2,0.33,3.85,6.67,3154.0,-11.2,0.46,12.83,7.56,5820.0,18.45,44.65,10160.0,0.0,13.18,0
1039,2.5,2.5,2.5,2.7,2.4,3.0,4.0,4.3,4.5,4.5,3.9,3.8,4.6,4.9,4.2,4.2,3.5,2.9,3.0,2.5,2.7,2.8,3.0,3.0,4.9,3.4,8.2,7.4,7.1,7.0,7.0,6.9,6.5,6.0,5.7,5.6,5.9,5.8,5.6,5.9,6.4,6.4,6.6,6.5,6.3,6.1,6.1,5.9,5.8,5.6,8.2,6.3,7.8,0.84,0.04,-2.05,1518.5,4.0,0.9,14.04,9.4,3117.5,-10.1,0.89,21.09,14.82,5785.0,21.55,33.2,10215.0,50.0,5.13,0
1800,1.640179,1.586351,1.54558,1.526405,1.522624,1.542417,1.637896,2.047127,2.539037,2.847708,2.969768,3.016414,3.044148,3.106679,3.177738,3.231005,3.1928,2.934562,2.561343,2.285638,2.089554,1.938376,1.803805,1.708538,4.172092,2.314949,18.649275,18.34785,18.060886,17.821319,17.611319,17.475542,17.589366,18.417822,19.778799,21.216943,22.462532,23.393553,24.025245,24.433077,24.705081,24.720153,24.397532,23.6321,22.509702,21.425661,20.615352,20.031588,19.502647,19.06226,25.578338,20.840483,8.5,0.05,8.66,-1.21,1577.5,0.6,0.03,9.39,-5.89,3157.0,-18.3,0.1,10.89,-10.89,5760.0,-38.7,17.6,10275.0,-0.119949,0.0,0
472,3.9,3.2,3.5,3.9,3.7,3.5,3.2,4.1,4.2,4.6,4.4,4.5,4.6,5.1,4.6,4.8,4.3,4.1,4.2,3.6,3.0,2.8,2.5,2.5,5.1,3.9,24.5,24.2,23.9,23.7,23.7,23.4,23.4,25.1,27.1,28.6,28.9,29.5,31.2,31.4,31.9,31.9,31.2,29.6,27.4,25.9,24.9,24.3,24.3,24.3,31.9,26.9,17.8,0.64,3.31,15.28,1512.0,11.6,0.22,9.96,13.01,3157.0,-8.7,0.05,12.18,4.79,5855.0,17.3,46.0,10115.0,15.0,0.0,0
2344,0.4,0.1,0.4,0.8,1.5,0.8,1.3,1.7,1.4,1.6,0.3,0.6,1.8,3.0,2.8,2.1,2.1,1.5,2.2,1.2,0.1,1.0,1.4,1.9,3.0,1.3,24.6,24.7,24.8,24.9,25.1,25.1,24.3,23.9,23.9,23.9,23.9,24.1,24.6,24.3,24.2,24.8,24.7,24.5,24.1,23.6,23.3,23.1,22.9,22.6,25.1,24.2,15.8,0.83,9.04,1.77,1537.5,7.6,0.71,9.71,2.49,3165.5,-7.1,0.86,9.37,7.49,5860.0,30.95,42.95,10150.0,-10.0,1.91,0
794,1.7,1.3,1.3,1.2,1.7,1.5,1.6,1.4,1.4,1.3,1.8,3.0,4.0,3.2,2.5,3.4,3.5,2.6,2.3,1.1,0.3,0.2,1.3,2.3,4.0,1.9,12.4,12.2,12.4,12.6,12.9,13.1,13.6,14.2,15.4,17.2,19.9,23.7,24.9,24.3,24.4,24.3,23.6,24.2,23.6,21.8,19.1,18.0,18.2,19.6,24.9,18.6,12.6,0.53,-0.78,3.01,1518.0,4.6,0.33,12.9,7.45,3119.0,-16.3,0.06,21.44,3.76,5750.0,17.5,47.8,10155.0,10.0,0.05,0
2324,5.5,2.9,2.9,1.0,0.9,1.2,1.9,2.2,3.0,1.3,1.4,0.9,0.3,0.3,0.8,0.6,2.0,3.5,2.1,1.4,1.5,1.7,2.1,2.1,5.5,1.8,23.0,24.8,24.4,23.1,22.2,22.2,23.2,25.4,26.8,26.3,25.5,23.9,25.2,27.1,28.7,29.7,29.7,29.6,28.1,25.4,25.8,25.9,25.9,25.6,29.7,25.7,16.4,0.92,2.136487,1.662464,1565.5,7.7,0.7,8.39,-2.46,3193.5,-10.5,0.52,4.68,-1.29,5865.0,36.25,52.4,10160.0,-25.0,0.23,0
376,3.0,2.5,2.4,1.4,1.3,1.4,1.7,1.9,2.1,3.7,3.8,5.6,6.1,5.8,5.0,4.0,2.8,2.0,0.9,0.5,0.1,0.2,0.1,0.2,6.1,2.4,18.9,18.6,18.2,17.7,17.4,17.5,17.7,17.9,18.6,19.7,20.8,22.6,22.8,23.6,24.2,24.8,24.7,23.9,21.2,18.6,17.1,16.1,14.7,13.8,24.8,19.6,9.6,0.86,7.87,9.13,1491.5,4.0,0.24,15.88,10.03,3090.5,-16.5,0.43,17.04,7.95,5730.0,12.9,49.9,10130.0,-35.0,0.0,0
45,3.4,4.6,4.6,3.0,2.8,2.5,2.0,2.3,2.8,3.0,3.3,3.5,3.4,3.8,3.6,3.3,3.4,3.4,2.9,2.7,2.6,2.0,0.8,1.6,4.6,3.0,12.1,11.7,11.2,10.5,10.3,10.2,10.1,9.9,9.8,10.4,11.2,11.9,12.6,13.2,13.9,13.8,13.6,12.9,12.1,11.8,11.6,11.2,11.1,10.8,13.9,11.6,6.5,0.56,-12.94,6.77,1463.5,0.9,0.62,-0.47,10.99,3051.0,-14.2,0.83,5.3,9.3,5680.0,11.45,33.4,10130.0,-55.0,0.0,0
545,0.8,0.3,0.6,0.9,0.4,0.4,0.3,0.4,1.0,1.6,1.1,1.9,2.3,2.3,2.4,2.6,3.0,2.8,2.5,1.8,2.9,2.5,2.1,1.7,3.0,1.6,23.1,23.2,23.3,23.3,23.4,23.6,23.7,24.1,26.0,27.9,29.3,30.6,31.4,31.9,32.3,32.8,32.9,32.7,32.0,29.8,28.7,27.4,26.4,25.7,32.9,27.7,13.575298,0.57732,2.136487,1.662464,1531.49426,5.931129,0.406445,5.459634,0.994001,3145.420501,-10.51141,0.304716,9.872418,0.830116,5818.821222,10.511051,37.388335,10164.198442,-0.119949,0.0,0
1408,1.3,1.4,1.5,1.4,1.3,1.5,1.8,1.8,1.7,2.1,2.3,2.6,0.3,0.1,2.9,3.4,2.2,1.6,1.5,2.0,2.0,1.0,1.3,2.0,3.4,1.7,14.3,14.2,14.1,14.0,13.8,13.4,13.3,13.4,14.6,16.7,19.2,21.7,21.8,21.3,20.9,20.7,19.7,19.1,18.4,18.1,18.2,18.3,18.0,18.2,21.8,17.3,9.9,0.48,7.28,2.32,1497.0,0.55,0.76,10.45,4.52,3086.5,-15.3,0.55,11.34,4.77,5715.0,7.15,26.5,10155.0,-45.0,0.0,0
451,3.2,2.9,3.6,2.7,2.3,2.1,2.1,2.4,4.2,4.6,4.9,3.8,3.4,3.6,4.2,4.7,3.5,2.7,2.7,3.4,3.0,2.4,2.6,3.6,4.9,3.3,20.7,20.8,21.2,21.3,21.4,21.4,21.6,21.9,23.3,24.2,24.9,24.2,24.4,23.6,23.2,22.6,22.0,22.2,22.1,22.1,21.8,21.7,22.0,22.5,24.9,22.4,15.1,0.6,5.92,13.59,1505.5,9.9,0.24,5.8,5.04,3140.5,-12.6,0.7,18.27,2.99,5815.0,15.2,47.3,10125.0,5.0,0.0,0
1809,1.640179,1.586351,1.54558,1.526405,1.522624,1.542417,1.637896,2.047127,2.539037,2.847708,2.969768,3.016414,3.044148,3.106679,3.177738,3.231005,3.1928,2.934562,2.561343,2.285638,2.089554,1.938376,1.803805,1.708538,4.172092,2.314949,11.5,10.7,10.2,9.8,9.2,9.2,9.2,9.2,9.8,11.5,13.5,16.3,17.8,18.4,19.1,19.4,19.2,17.9,15.9,14.8,13.8,13.2,12.4,10.9,19.4,13.5,9.4,0.25,1.24,-3.36,1538.5,1.2,0.3,6.74,-3.58,3120.0,-15.1,0.11,15.81,-3.45,5750.0,1.4,31.0,10210.0,10.0,0.0,0
1182,3.9,3.9,4.2,4.3,4.0,3.7,3.6,3.6,3.8,4.2,4.5,5.0,5.5,6.0,5.6,5.3,5.7,4.9,4.7,5.6,5.8,5.2,5.0,5.1,6.0,4.7,24.2,24.1,23.4,23.0,22.7,22.6,22.6,23.1,23.8,24.9,25.9,27.0,27.7,27.4,27.3,26.8,26.0,25.4,25.0,24.7,24.4,24.4,24.3,23.9,27.7,24.8,16.1,0.67,3.2,11.93,1521.0,12.3,0.15,0.81,4.82,3149.5,-9.3,0.29,8.3,-2.9,5850.0,9.25,43.05,10130.0,-25.0,0.0,0
359,1.3,1.7,1.7,1.8,1.7,1.3,1.3,1.5,1.7,1.7,1.7,1.6,2.9,3.3,4.1,3.3,3.1,3.1,2.2,2.3,2.5,1.2,1.7,1.2,4.1,2.1,9.4,9.6,10.1,10.5,10.7,10.6,10.8,11.2,11.7,12.9,15.3,17.6,20.4,22.0,22.2,21.2,20.1,19.0,18.4,18.1,17.7,17.4,16.7,16.4,22.2,15.4,8.5,0.45,8.44,4.52,1518.5,2.0,0.29,10.92,1.63,3100.0,-14.4,0.33,14.5,-1.96,5750.0,0.8,30.2,10195.0,0.0,0.3,0
2414,0.6,0.9,0.9,0.7,1.7,1.6,1.3,1.3,1.6,2.2,2.3,2.3,3.0,3.3,3.0,2.4,2.8,2.1,2.2,1.0,1.7,2.0,1.7,1.5,3.3,1.8,23.9,24.1,24.3,24.4,24.1,22.9,23.8,24.1,24.3,24.9,26.0,26.4,26.4,26.7,26.7,26.8,26.4,26.1,25.6,25.1,25.0,24.3,24.2,24.3,26.8,25.0,16.5,0.77,-2.17,3.4,1541.5,6.9,0.74,0.47,5.84,3166.5,-8.0,0.79,1.9,8.49,5860.0,32.25,44.95,10140.0,-15.0,0.97,0
2065,0.2,1.5,1.2,0.5,1.0,1.1,1.2,1.6,2.1,2.1,2.0,1.6,1.3,1.2,1.6,1.7,1.9,1.3,1.4,1.4,1.0,1.0,0.9,1.4,2.1,1.3,22.7,22.6,22.7,22.4,22.2,22.1,22.3,23.6,25.1,26.9,28.1,28.6,28.9,29.7,30.0,30.2,29.9,28.8,27.3,26.8,25.6,24.8,24.4,24.2,30.2,25.8,16.8,0.42,1.56,-1.1,1542.5,8.9,0.06,0.74,1.36,3170.0,-9.9,0.58,1.8,1.91,5865.0,-3.0,40.4,10150.0,5.0,0.0,0
2256,1.4,1.1,0.7,0.9,0.3,1.1,3.3,3.1,2.6,2.1,2.5,2.8,2.5,2.3,3.0,2.0,1.5,1.3,1.4,0.7,0.1,0.1,0.4,0.1,3.3,1.5,20.9,20.7,20.3,20.1,20.2,19.9,17.5,17.1,16.9,16.8,16.9,17.1,17.9,18.8,19.5,19.9,20.2,21.2,20.5,18.9,16.2,14.2,12.6,12.2,21.2,18.2,11.6,0.79,2.44,4.17,1550.5,4.5,0.44,3.46,0.63,3154.0,-13.2,0.13,11.19,1.52,5810.0,21.25,45.95,10185.0,0.0,0.3,0
1202,0.5,1.0,0.7,0.5,0.5,0.5,1.3,2.4,2.7,3.1,2.3,3.3,3.9,3.7,4.3,4.6,5.0,4.3,3.2,2.7,1.6,0.7,0.3,0.4,5.0,2.2,17.5,16.9,16.7,16.3,16.4,16.6,17.2,19.2,21.7,23.2,24.2,25.4,25.6,26.1,25.9,25.6,24.9,24.2,23.4,22.4,21.8,21.3,20.7,20.1,26.1,21.4,12.7,0.2,-8.88,2.04,1568.5,3.3,0.32,-5.11,0.63,3167.0,-13.0,0.12,4.68,-5.82,5810.0,-4.6,28.4,10210.0,5.0,0.08,0
2210,3.0,2.5,3.7,4.4,4.6,4.2,4.4,4.0,3.9,3.9,4.3,4.6,4.8,5.1,5.3,5.3,4.4,3.6,4.0,3.4,3.4,2.8,2.7,3.1,5.3,4.0,7.6,7.5,7.4,7.3,7.0,6.8,6.5,6.6,6.8,6.9,7.7,7.6,7.8,8.1,8.3,8.5,8.5,8.4,7.6,7.2,7.2,7.1,7.0,6.9,8.5,7.4,12.2,0.88,12.86,5.36,1484.5,3.8,0.82,17.14,9.76,3091.5,-12.8,0.92,25.28,13.22,5745.0,32.45,48.05,10145.0,-35.0,0.0,0
1119,1.8,1.9,1.7,1.7,1.3,1.3,1.1,1.0,1.7,3.0,5.3,5.1,4.7,4.2,4.0,4.1,3.8,3.2,3.1,3.8,2.2,1.7,1.5,1.0,5.3,2.7,10.9,11.1,11.7,12.3,11.6,11.8,12.3,12.5,14.4,17.3,19.4,20.6,21.6,21.9,22.6,22.8,22.5,21.7,20.2,19.0,17.9,17.1,15.9,15.3,22.8,16.9,8.8,0.15,8.23,0.18,1518.0,4.5,0.1,12.33,-0.51,3116.5,-12.8,0.05,16.0,-2.82,5760.0,-22.1,17.2,10195.0,-35.0,0.0,0
1120,0.8,1.3,1.3,1.2,0.4,0.7,1.4,1.7,2.1,4.1,4.3,4.1,3.3,4.0,4.6,4.2,4.3,3.6,3.5,4.0,4.0,3.7,3.8,3.7,4.6,2.9,15.1,14.7,14.6,14.6,14.6,14.7,14.9,14.9,16.3,19.4,21.1,21.3,21.2,20.3,20.3,20.5,20.7,19.9,19.5,19.4,19.2,19.2,19.3,19.4,21.3,18.1,11.5,0.15,6.14,7.88,1517.0,6.2,0.03,11.91,5.33,3124.0,-14.5,0.04,15.47,1.73,5775.0,-29.0,25.5,10180.0,-15.0,0.0,0
1218,1.7,1.3,1.2,1.2,1.3,1.6,1.3,2.8,3.8,3.4,3.3,3.0,3.2,3.0,3.6,3.8,3.6,4.2,3.8,3.1,3.0,2.9,3.0,2.9,4.2,2.7,21.7,21.4,21.0,21.2,21.2,21.3,22.5,24.1,25.0,26.1,27.3,28.1,28.7,29.3,29.8,30.1,29.3,28.2,27.0,25.9,24.9,24.3,23.9,23.7,30.1,25.2,15.8,0.22,1.04,4.73,1519.5,7.4,0.16,1.29,1.4,3140.0,-10.3,0.12,5.8,-4.22,5820.0,-4.1,30.7,10140.0,-45.0,0.0,0
1684,1.640179,1.586351,1.54558,1.526405,1.522624,1.542417,1.637896,2.047127,2.539037,2.847708,2.969768,3.016414,3.044148,3.106679,3.177738,3.231005,3.1928,2.934562,2.561343,2.285638,2.089554,1.938376,1.803805,1.708538,4.172092,2.314949,18.649275,18.34785,18.060886,17.821319,17.611319,17.475542,17.589366,18.417822,19.778799,21.216943,22.462532,23.393553,24.025245,24.433077,24.705081,24.720153,24.397532,23.6321,22.509702,21.425661,20.615352,20.031588,19.502647,19.06226,25.578338,20.840483,17.8,0.79,-5.66,-1.5,1565.5,8.0,0.71,-3.11,-1.7,3201.0,-4.1,0.06,-4.14,-3.58,5915.0,31.05,40.2,10160.0,15.0,0.0,0
1189,1.7,0.9,1.6,1.9,2.4,2.8,3.8,4.8,5.4,5.4,4.5,3.6,3.3,3.0,4.2,4.2,3.8,2.9,2.6,2.1,2.1,1.8,2.0,1.8,5.4,3.0,19.1,19.1,18.8,19.1,18.9,18.6,18.2,17.4,16.6,16.5,16.3,16.0,15.5,15.7,16.9,16.3,15.1,14.1,13.7,13.2,12.7,12.4,12.4,12.5,19.1,16.0,12.1,0.86,1.67,-3.47,1551.5,4.0,0.14,8.76,-2.04,3154.5,-12.3,0.07,16.93,-9.78,5795.0,10.6,46.4,10185.0,40.0,0.0,0
934,1.0,1.9,2.2,1.2,0.6,0.6,0.1,1.3,2.0,2.4,2.4,1.3,2.0,2.6,3.4,4.2,4.3,4.5,4.2,3.6,3.0,2.6,2.1,1.7,4.5,2.3,25.8,25.4,25.7,25.6,25.2,24.7,25.2,26.8,28.7,29.8,30.8,31.8,32.9,33.7,33.9,32.1,31.3,31.5,30.7,29.7,28.7,27.8,27.1,26.6,33.9,28.8,17.9,0.64,1.86,1.8,1575.0,8.5,0.53,2.16,0.2,3210.5,-5.8,0.19,2.92,-1.5,5925.0,25.6,40.4,10175.0,15.0,0.0,0
2271,0.4,0.5,0.8,1.6,1.3,2.1,2.7,4.3,4.7,4.3,4.3,5.0,4.3,3.8,4.1,4.3,4.2,3.8,2.8,1.4,0.7,0.2,0.2,0.4,5.0,2.6,8.3,7.7,7.6,7.7,7.4,8.0,8.5,9.8,11.5,13.1,14.7,15.7,16.3,17.1,17.8,18.2,18.3,18.2,17.3,15.8,13.2,11.7,10.8,9.5,18.3,12.7,0.95,0.95,2.136487,1.662464,1457.0,-7.5,0.8,13.93,-7.48,2994.5,-21.8,0.33,26.15,2.29,5545.0,20.4,44.9,10145.0,70.0,0.0,0
382,6.2,6.8,5.4,5.3,6.0,4.8,5.1,4.3,4.4,5.2,4.9,5.2,5.4,5.0,5.3,4.7,4.4,3.2,1.1,0.5,0.3,0.0,0.3,0.2,6.8,3.9,9.2,8.7,8.1,7.8,7.6,7.6,7.7,7.9,8.7,9.6,10.8,12.3,13.8,14.6,15.5,16.1,16.0,15.1,13.4,11.3,9.5,8.4,8.1,7.1,16.1,10.6,9.5,0.22,10.65,4.85,1416.5,0.05,0.27,16.64,10.13,2999.5,-19.0,0.21,10.83,22.53,5605.0,1.0,35.5,10070.0,45.0,0.0,0
93,1.4,2.5,2.7,2.5,2.0,2.1,2.0,3.0,3.1,3.4,3.0,2.8,2.5,2.8,3.0,2.9,2.8,3.0,2.1,1.6,0.1,0.2,0.4,0.2,3.4,2.2,15.4,14.9,14.7,13.7,12.6,11.6,11.2,12.0,13.4,14.9,16.7,18.4,20.1,21.2,22.1,22.9,23.0,22.5,21.0,19.2,16.6,14.8,14.6,12.7,23.0,16.7,12.9,0.23,6.3,-7.85,1482.5,8.1,0.1,17.65,-1.16,3098.5,-11.7,0.12,24.01,2.14,5775.0,-10.5,29.2,10120.0,20.0,0.0,0
2470,1.9,2.0,2.1,1.8,1.8,1.7,1.6,2.3,3.6,3.6,3.7,4.0,3.9,4.2,2.4,2.7,3.5,3.2,3.0,3.0,2.6,2.3,2.3,1.9,4.2,2.7,24.8,24.9,24.8,24.6,24.4,24.7,24.9,25.3,26.8,27.7,28.7,29.3,29.1,25.4,25.8,27.6,27.9,27.0,26.3,25.9,25.6,25.5,25.4,25.3,29.3,26.2,16.2,0.58,1.21,8.66,1564.5,10.1,0.05,1.32,4.73,3195.5,-7.4,0.13,11.38,3.14,5905.0,-5.5,37.4,10175.0,-20.0,1.4,0
731,3.8,4.3,4.4,4.6,4.2,3.8,3.4,3.3,4.5,4.6,4.5,4.6,4.0,3.7,4.1,4.2,3.6,2.1,1.8,1.7,1.3,0.8,1.4,1.3,4.6,3.3,15.8,15.3,14.5,13.7,12.7,11.8,11.1,10.4,10.4,11.6,13.4,14.8,15.9,17.4,18.2,18.4,18.2,17.1,15.1,13.4,11.8,11.0,10.4,10.1,18.4,13.9,10.3,0.52,-2.06,-2.13,1630.5,2.7,0.24,6.22,-7.61,3214.5,-12.5,0.13,10.99,-10.04,5870.0,3.45,33.45,10320.0,115.0,0.0,0
1306,1.6,1.5,2.5,1.5,1.0,0.8,0.9,2.2,3.6,4.4,4.1,3.6,3.6,3.3,2.5,1.9,2.3,3.0,2.7,2.8,2.7,1.9,2.3,2.4,4.4,2.5,27.5,27.2,26.9,26.6,26.3,25.8,26.2,27.6,29.0,30.2,31.4,32.3,33.2,34.1,34.6,33.7,33.3,33.4,32.3,31.0,30.1,29.0,28.3,27.9,34.6,29.9,18.5,0.81,2.13,-0.11,1572.5,9.0,0.75,1.59,-3.21,3213.5,-6.7,0.44,1.15,-6.08,5915.0,35.85,47.0,10165.0,0.0,0.0,0
2457,0.1,0.1,0.1,1.3,0.4,0.1,0.1,0.2,1.5,2.3,4.2,3.8,3.4,3.6,3.0,2.9,3.3,3.1,3.1,2.5,1.5,1.5,1.2,1.4,4.2,1.9,16.9,16.1,15.8,16.5,16.7,15.5,15.2,16.8,21.2,24.4,26.2,27.5,28.4,28.8,29.2,29.3,28.6,27.3,25.9,25.1,24.1,23.3,22.8,22.7,29.3,22.7,15.0,0.27,7.13,0.9,1488.5,6.4,0.31,9.21,-0.9,3109.0,-8.9,0.18,18.52,-7.62,5790.0,5.4,29.3,10105.0,10.0,0.0,0
796,0.5,0.8,0.2,0.2,0.4,0.0,0.2,0.4,2.2,4.8,4.5,4.7,5.4,5.6,5.8,5.9,5.5,4.7,4.2,3.4,3.0,3.7,4.2,3.7,5.9,3.1,8.1,8.8,7.6,6.9,6.8,6.4,6.4,9.7,15.8,18.4,19.6,20.6,21.3,21.4,21.2,20.7,20.2,19.4,18.1,17.6,17.8,17.8,18.0,17.6,21.4,15.3,6.5,0.33,8.23,-6.14,1467.5,1.55,0.06,15.34,-5.77,3055.0,-14.8,0.08,27.95,-11.46,5680.0,-30.7,17.6,10140.0,30.0,0.0,0
2393,0.6,0.4,0.6,1.0,0.8,1.4,2.3,3.3,3.5,3.6,3.0,2.8,2.9,2.3,2.1,2.1,0.9,1.5,1.3,0.4,1.5,2.1,2.3,1.6,3.6,1.8,21.2,19.7,19.3,19.7,19.3,19.2,19.4,20.9,23.1,24.6,25.8,26.7,27.5,27.6,28.0,28.0,28.6,28.7,27.7,26.2,26.5,25.0,24.2,23.3,28.7,24.2,14.2,0.51,-2.07,-7.73,1539.0,7.5,0.18,1.41,-10.45,3158.5,-8.3,0.11,9.46,-7.94,5840.0,4.0,33.8,10160.0,45.0,0.0,0
824,0.6,0.6,0.3,0.2,0.4,0.3,0.5,0.8,0.6,0.5,0.6,1.1,1.7,1.3,1.4,1.7,2.3,3.5,2.7,2.2,2.0,1.4,0.8,1.0,3.5,1.2,20.1,19.4,18.4,17.8,17.3,17.7,19.1,20.1,21.1,22.9,24.6,26.1,27.3,28.2,28.6,29.2,29.3,27.7,26.4,24.9,23.6,22.3,21.1,20.2,29.3,23.1,12.7,0.88,1.54,-4.05,1546.0,7.8,0.13,12.18,-3.45,3168.0,-11.7,0.04,17.39,-5.95,5835.0,5.7,46.9,10175.0,25.0,0.0,0
2025,0.7,0.7,0.2,0.2,0.4,0.3,0.4,0.9,1.2,2.5,2.0,0.9,0.8,1.2,1.0,1.4,2.8,2.9,2.5,1.5,0.6,0.5,0.3,0.1,2.9,1.1,25.1,25.1,25.1,24.8,24.9,24.8,25.2,26.4,27.8,29.2,30.3,31.6,32.5,33.4,34.2,34.2,32.0,30.9,29.3,28.1,27.1,26.3,25.7,25.2,34.2,28.3,17.4,0.8,-0.75,-2.81,1549.5,7.7,0.38,-0.02,-8.19,3178.5,-6.3,0.42,3.13,-7.02,5895.0,24.1,43.9,10135.0,15.0,0.0,0
2527,2.3,2.3,2.7,2.2,2.4,3.0,2.9,2.4,2.3,2.5,1.7,1.7,2.3,2.1,1.5,0.6,1.4,0.4,0.3,0.1,0.3,1.1,0.7,0.7,3.0,1.7,1.8,1.7,1.6,1.4,1.2,1.0,0.7,0.6,0.5,0.8,1.3,2.6,3.6,5.3,6.7,7.9,8.2,7.2,4.6,3.1,1.9,2.2,1.5,0.9,8.2,2.8,-0.6,0.56,-1.05,-6.28,1473.0,-3.4,0.86,11.78,-2.97,3025.0,-17.9,0.77,19.82,11.83,5620.0,7.1,26.75,10220.0,-35.0,0.0,0
666,0.7,0.2,0.3,0.0,1.0,1.0,1.3,1.6,1.7,1.3,1.7,1.2,1.5,1.6,2.1,1.6,2.0,1.9,1.4,0.6,0.5,0.6,0.0,0.3,2.1,1.1,16.5,17.3,17.9,18.3,18.7,18.9,18.8,18.7,18.8,19.5,19.8,21.2,23.8,25.4,25.4,25.8,25.4,24.1,22.7,21.4,19.9,18.3,17.5,16.7,25.8,20.5,10.8,0.61,0.03,7.35,1566.5,6.9,0.07,0.74,-1.95,3181.5,-9.6,0.05,3.85,-1.98,5870.0,-7.3,32.8,10215.0,-5.0,0.0,0
1100,3.4,3.4,3.1,3.4,3.3,3.1,3.2,3.1,3.0,2.8,2.6,3.6,3.8,4.0,4.2,3.9,3.8,3.7,4.0,4.2,4.1,3.5,3.7,4.2,4.2,3.5,5.9,5.8,5.8,5.7,5.6,5.6,5.4,5.3,5.2,5.1,5.0,5.1,5.5,5.3,5.3,5.6,5.4,5.4,5.3,5.6,5.5,5.5,5.5,5.4,5.9,5.4,10.7,0.91,2.04,8.76,1486.5,4.6,0.65,10.55,8.97,3086.0,-12.8,0.06,22.33,13.12,5740.0,26.9,45.6,10135.0,-30.0,1.35,0
650,0.4,0.3,0.2,0.4,0.2,0.4,0.4,1.8,2.5,2.2,1.7,1.8,0.9,1.3,1.5,2.0,2.5,2.2,1.8,2.1,1.7,0.9,0.4,0.1,2.5,1.2,9.2,8.8,8.3,7.9,7.8,7.7,8.3,10.9,13.7,17.1,19.4,21.1,22.1,22.9,23.3,23.4,22.7,20.9,18.7,17.1,16.1,15.0,13.7,12.9,23.4,15.4,11.8,0.02,-1.13,-5.77,1560.0,3.9,0.1,-1.4,-4.87,3161.0,-14.6,0.06,3.13,-11.59,5800.0,-36.3,5.3,10240.0,20.0,0.0,0
558,1.0,0.6,0.6,0.4,0.8,0.5,0.5,1.2,2.6,1.9,0.5,0.1,1.0,3.3,1.7,1.7,3.7,1.9,0.7,1.4,1.3,1.2,1.2,1.0,3.7,1.3,27.1,26.6,26.2,26.3,25.9,25.6,25.6,27.1,28.4,29.3,29.9,31.1,31.2,25.8,29.0,31.3,28.9,27.6,27.3,27.2,27.1,26.8,26.6,25.9,31.3,27.7,15.4,0.67,-1.15,0.42,1524.5,5.4,0.76,-3.56,2.5,3142.5,-9.1,0.94,-6.48,-1.57,5820.0,28.9,42.05,10140.0,-10.0,0.0,0
1444,1.2,1.5,0.1,0.7,0.6,1.3,0.8,0.4,0.7,1.1,1.6,1.3,0.6,1.0,1.8,1.6,1.9,1.3,2.1,2.2,2.0,1.3,1.3,0.5,2.2,1.2,12.7,12.0,12.4,12.1,12.2,11.8,11.7,10.9,11.6,14.2,15.4,16.8,18.0,19.3,20.2,20.6,20.7,18.7,16.4,15.3,14.4,13.5,12.8,12.1,20.7,14.8,6.2,0.47,13.79,2.02,1458.0,-3.7,0.53,18.04,2.91,3019.5,-20.0,0.43,20.63,3.77,5600.0,4.8,38.0,10130.0,-70.0,0.81,0
1950,1.9,2.5,2.3,2.4,2.5,2.6,2.2,3.6,4.0,3.5,3.7,3.4,3.3,3.1,2.7,3.4,3.2,2.9,2.5,1.7,1.4,1.1,1.3,0.9,4.0,2.6,22.0,21.8,21.8,22.0,22.0,21.8,22.2,22.9,23.9,24.4,25.2,25.8,26.1,27.2,28.1,28.0,27.8,27.8,27.3,26.2,24.8,23.7,22.9,22.0,28.1,24.5,13.575298,0.57732,2.136487,1.662464,1531.49426,5.931129,0.406445,5.459634,0.994001,3145.420501,-10.51141,0.304716,9.872418,0.830116,5818.821222,10.511051,37.388335,10164.198442,-0.119949,0.0,0
1078,5.0,4.6,4.2,4.0,4.2,4.6,5.0,4.1,4.2,4.3,3.8,4.4,4.2,4.6,4.9,5.1,4.6,3.9,4.2,4.4,4.5,4.7,4.4,4.3,5.1,4.4,4.8,4.3,4.1,4.0,3.9,3.9,3.9,3.9,3.8,3.8,3.9,3.7,3.2,2.8,2.7,2.6,2.4,2.3,2.4,2.4,2.3,2.3,2.5,2.6,4.8,3.3,10.0,0.99,4.18,8.36,1526.0,0.9,0.93,9.09,5.79,3119.0,-14.5,0.17,16.48,3.49,5745.0,33.45,48.9,10180.0,-60.0,0.23,0
2375,2.2,1.7,1.4,2.0,1.6,1.8,2.3,2.0,2.1,2.4,1.6,2.1,1.9,1.9,1.7,2.1,1.9,2.5,2.1,1.7,1.7,1.6,1.1,1.0,2.5,1.9,23.9,23.7,23.6,23.5,23.4,23.1,23.1,22.8,22.8,23.4,24.4,25.7,27.4,28.6,29.9,30.1,30.1,29.9,28.6,27.1,25.8,24.9,24.2,23.7,30.1,25.6,13.575298,0.57732,2.136487,1.662464,1531.49426,5.931129,0.406445,5.459634,0.994001,3145.420501,-10.51141,0.304716,9.872418,0.830116,5818.821222,10.511051,37.388335,10164.198442,-0.119949,0.0,0
163,4.1,4.2,3.8,2.8,2.8,3.2,3.4,4.4,4.2,3.9,3.0,3.8,4.5,4.1,4.7,4.8,4.9,5.2,4.9,4.2,4.3,3.8,3.6,3.2,5.2,4.0,28.6,28.2,27.9,27.8,27.4,27.7,28.4,29.4,30.7,32.9,33.3,35.3,35.7,35.3,35.1,35.6,35.1,33.7,32.1,30.5,29.8,29.5,29.4,29.2,35.7,31.2,19.1,0.77,3.33,12.41,1565.5,14.2,0.09,2.25,7.03,3222.5,-7.1,0.53,4.75,1.55,5940.0,10.1,48.2,10155.0,25.0,0.0,0
1972,0.9,0.5,0.4,0.1,0.2,0.3,0.4,0.4,1.0,1.6,1.9,2.3,2.1,1.8,2.1,2.0,1.7,1.3,1.3,2.0,1.3,1.5,0.8,0.8,2.3,1.2,22.6,22.6,22.2,22.1,22.1,22.2,23.1,24.7,26.5,28.1,29.1,30.2,30.8,31.4,31.6,31.7,31.7,31.7,30.8,28.4,26.4,25.7,25.2,24.9,31.7,26.9,16.8,0.74,1.3,4.86,1517.0,6.9,0.67,4.19,3.37,3145.5,-8.2,0.15,9.05,1.89,5835.0,31.3,45.35,10115.0,-15.0,0.0,0
1836,1.640179,1.586351,1.54558,1.526405,1.522624,1.542417,1.637896,2.047127,2.539037,2.847708,2.969768,3.016414,3.044148,3.106679,3.177738,3.231005,3.1928,2.934562,2.561343,2.285638,2.089554,1.938376,1.803805,1.708538,4.172092,2.314949,12.6,12.1,11.9,12.8,13.4,13.9,14.2,14.6,15.6,17.1,19.1,20.8,22.2,23.6,24.0,24.0,23.3,22.2,20.7,19.7,18.8,18.4,18.1,18.3,24.0,18.0,12.8,0.21,5.57,2.51,1520.0,5.9,0.06,10.88,0.04,3125.5,-13.6,0.04,9.38,-1.27,5780.0,-16.3,30.8,10175.0,-35.0,0.0,0
2203,0.4,0.4,1.6,5.5,4.4,3.1,1.7,2.5,1.9,1.3,1.7,3.0,3.2,2.7,2.4,3.2,3.2,2.9,2.2,3.2,3.2,3.5,3.6,3.6,5.5,2.7,14.9,16.0,18.2,12.4,9.2,8.7,8.8,8.6,8.4,8.9,9.9,11.4,12.3,13.4,14.6,15.3,15.2,14.3,12.3,10.6,9.6,9.2,8.8,8.9,18.2,11.7,13.2,0.86,4.87,18.75,1467.5,4.3,0.66,4.78,19.24,3075.5,-13.3,0.43,20.47,18.7,5730.0,30.2,50.5,10095.0,-120.0,2.36,0
2235,2.4,3.2,3.0,2.8,2.0,1.3,1.5,1.7,2.8,3.9,3.6,2.9,1.9,1.2,0.5,0.4,1.0,1.1,0.8,1.3,1.7,2.0,1.7,1.0,3.9,1.9,17.7,16.6,15.7,14.4,13.4,11.9,10.9,11.4,13.6,15.4,16.5,17.4,18.2,19.1,20.1,20.9,21.0,20.9,19.8,17.9,16.7,15.7,14.8,14.2,21.0,16.4,12.3,0.28,6.27,-7.68,1588.5,6.8,0.06,9.68,-11.58,3188.5,-11.3,0.02,11.98,-4.51,5865.0,-17.1,27.2,10250.0,45.0,0.0,0
1545,0.7,2.2,2.4,2.0,2.8,2.1,1.6,3.9,4.3,2.7,3.3,4.3,4.3,4.2,4.2,4.5,4.0,3.8,2.4,1.7,1.6,1.5,1.8,1.9,4.5,2.8,16.5,16.3,16.5,16.6,16.6,16.6,16.6,16.4,16.2,16.2,16.5,17.3,18.7,19.9,20.4,21.0,20.7,19.9,19.3,18.4,17.9,17.6,17.8,18.0,21.0,17.8,11.6,0.99,4.04,9.6,1476.5,4.4,1.0,9.57,22.15,3085.5,-10.5,0.69,12.56,17.36,5755.0,33.6,44.1,10110.0,-65.0,8.28,0
2026,0.1,0.3,0.2,0.2,0.3,0.6,1.0,2.1,3.0,3.2,2.8,0.8,5.1,4.6,1.2,2.2,1.9,1.6,1.3,0.8,0.9,0.7,0.9,0.9,5.1,1.5,24.9,24.3,24.1,24.2,24.2,24.3,24.5,26.6,28.4,30.1,30.2,30.3,27.2,22.2,20.9,22.6,23.9,24.1,24.1,23.6,23.0,22.8,22.6,22.5,30.3,24.8,17.8,0.74,0.73,-0.9,1545.5,6.1,0.65,-1.2,-10.39,3173.0,-6.3,0.21,4.3,-7.67,5875.0,30.75,43.45,10135.0,0.0,2.24,0
837,1.9,2.3,2.3,1.7,2.1,2.9,2.2,3.3,4.6,4.7,6.1,5.9,5.4,5.3,5.6,6.3,5.9,5.3,4.9,4.2,4.3,4.7,4.3,3.5,6.3,4.2,21.9,22.3,22.3,22.7,22.9,23.1,23.5,23.9,24.6,24.9,25.2,25.5,25.4,25.2,25.4,25.5,25.2,24.7,24.2,23.8,23.7,23.7,23.6,23.9,25.5,24.0,15.5,0.47,-0.04,3.94,1544.0,5.7,0.55,6.1,2.61,3164.5,-13.4,0.18,7.86,-2.31,5825.0,24.25,46.3,10170.0,20.0,0.0,0
452,4.2,5.0,3.5,2.6,2.4,4.3,6.1,4.5,5.4,5.8,6.9,7.1,4.4,3.8,4.1,6.0,5.0,4.7,5.4,4.4,2.089554,3.0,1.7,1.3,7.1,4.4,22.5,22.4,22.2,21.9,21.9,22.2,22.9,23.0,22.8,24.1,26.1,26.1,25.2,25.8,26.7,27.4,26.3,26.0,25.6,24.8,20.615352,18.1,17.9,18.1,27.4,23.5,17.2,0.61,1.23,16.15,1506.5,8.9,0.15,10.06,14.29,3140.5,-12.9,0.8,10.03,17.36,5810.0,14.35,51.75,10115.0,-10.0,0.94,0
751,0.2,0.0,0.2,1.1,0.4,0.9,2.4,2.5,3.7,4.4,5.0,4.6,4.6,4.4,4.4,4.7,5.1,4.0,3.7,4.2,4.0,4.0,3.8,3.3,5.1,3.1,10.9,9.6,8.9,8.6,8.8,7.9,8.8,8.6,9.6,11.6,13.6,15.3,16.4,17.3,18.1,18.3,17.7,16.5,14.8,13.3,11.9,10.9,9.9,8.9,18.3,12.3,8.1,0.38,6.1,-4.27,1524.5,2.8,0.07,5.51,-6.69,3115.0,-17.8,0.09,8.09,-11.18,5730.0,-16.5,35.3,10200.0,-55.0,0.0,0
2232,1.8,2.8,2.1,2.2,2.3,2.1,1.4,2.6,1.9,0.9,0.5,1.7,1.2,0.9,2.0,1.2,1.7,1.4,0.5,0.2,0.2,1.1,1.0,0.7,2.8,1.4,21.0,17.0,16.3,16.0,15.8,15.8,16.0,16.1,16.5,16.7,17.2,17.8,19.2,20.2,22.0,23.3,24.4,24.5,22.3,19.3,17.6,18.2,17.4,16.7,24.5,18.6,15.0,0.81,2.15,17.51,1485.0,7.2,0.73,7.8,14.61,3104.5,-9.9,0.26,19.9,17.91,5800.0,30.8,46.2,10100.0,-55.0,0.41,0
2105,0.3,0.1,0.3,0.3,0.3,0.1,0.2,0.2,1.7,2.3,3.4,3.4,3.3,3.6,3.8,3.8,3.7,3.4,2.6,2.1,1.3,1.3,1.5,1.4,3.8,1.9,13.9,13.1,12.6,12.1,11.8,11.4,11.2,13.9,18.4,21.7,23.3,24.3,25.2,26.1,26.4,26.2,25.4,23.6,22.2,21.4,20.6,20.0,19.9,19.6,26.4,19.3,13.0,0.31,1.83,-3.72,1472.0,4.5,0.48,6.33,-1.61,3079.5,-6.9,0.18,13.47,-13.47,5760.0,6.4,23.3,10105.0,-15.0,0.0,0
1239,4.2,4.2,3.7,3.3,3.6,2.8,3.4,3.8,4.7,4.5,4.5,4.8,3.6,3.1,3.4,2.7,2.5,2.1,1.1,0.5,0.4,0.5,1.1,0.9,4.8,2.9,22.3,22.3,22.3,22.2,22.0,22.0,22.2,23.3,24.7,24.9,26.1,26.9,26.9,27.3,27.9,29.1,29.3,29.8,29.2,27.6,27.5,26.2,25.5,25.5,29.8,25.5,15.7,1.0,-4.76,14.84,1492.5,7.4,0.86,-3.92,14.15,3123.5,-6.3,0.52,-2.26,11.65,5830.0,35.5,44.0,10090.0,-25.0,0.08,0
1005,1.7,1.7,1.3,1.3,1.6,1.3,0.7,1.5,1.9,2.5,3.6,3.6,3.8,4.0,3.6,3.3,3.9,3.6,2.8,2.2,1.9,1.6,1.8,2.1,4.0,2.4,20.4,20.3,20.3,20.5,20.8,20.9,20.8,21.7,23.4,25.8,27.3,27.8,27.8,27.6,27.3,27.1,26.8,25.8,24.6,23.6,23.2,23.1,23.1,23.0,27.8,23.9,13.5,0.77,-2.35,2.16,1560.5,7.1,0.32,0.43,3.64,3175.5,-8.1,0.23,8.37,4.94,5870.0,8.75,38.85,10190.0,-20.0,0.13,0
1872,1.640179,1.586351,1.54558,1.526405,1.522624,1.542417,1.637896,2.047127,2.539037,2.847708,2.969768,3.016414,3.044148,3.106679,3.177738,3.231005,3.1928,2.934562,2.561343,2.285638,2.089554,1.938376,1.803805,1.708538,4.172092,2.314949,15.9,15.1,14.1,13.7,13.4,12.9,12.9,13.7,14.6,15.5,17.7,19.6,21.2,22.8,24.705081,23.8,23.4,22.4,20.6,18.8,17.6,16.9,16.3,15.6,23.8,17.3,10.9,0.6,0.92,-4.15,1525.0,3.9,0.07,6.75,-3.15,3126.5,-11.8,0.04,25.11,-4.43,5775.0,-6.4,37.9,10170.0,30.0,0.0,0
1023,1.1,0.5,0.8,1.4,0.5,0.7,1.0,0.8,1.9,2.4,2.2,1.7,0.8,1.1,3.7,2.8,3.0,2.1,2.1,2.6,2.7,1.9,1.9,1.5,3.7,1.7,22.2,22.4,22.0,22.2,22.5,22.5,22.8,23.1,24.6,26.3,27.0,27.2,27.1,27.7,25.7,25.6,25.2,23.9,23.7,23.0,22.2,21.9,21.9,22.1,27.7,23.9,13.4,0.82,1.31,7.23,1535.5,6.0,0.5,3.37,5.41,3145.0,-10.0,0.46,10.44,7.58,5825.0,24.3,43.8,10155.0,-20.0,0.23,0
1701,1.640179,1.586351,1.54558,1.526405,1.522624,1.542417,1.637896,2.047127,2.539037,2.847708,2.969768,3.016414,3.044148,3.106679,3.177738,3.231005,3.1928,2.934562,2.561343,2.285638,2.089554,1.938376,1.803805,1.708538,4.172092,2.314949,18.649275,18.34785,18.060886,17.821319,17.611319,17.475542,17.589366,18.417822,19.778799,21.216943,22.462532,23.393553,24.025245,24.433077,24.705081,24.720153,24.397532,23.6321,22.509702,21.425661,20.615352,20.031588,19.502647,19.06226,25.578338,20.840483,18.0,0.8,4.34,5.73,1524.5,9.1,0.74,6.96,6.14,3163.0,-6.0,0.69,11.55,5.18,5875.0,33.95,44.4,10115.0,-40.0,0.0,0
1136,1.9,1.5,2.0,2.9,3.0,3.4,3.4,3.3,3.3,4.0,4.3,4.3,4.4,3.8,4.1,4.1,4.3,5.2,4.7,5.3,5.2,5.0,5.3,5.6,5.6,3.9,16.0,15.9,15.8,15.8,15.9,15.5,14.9,14.8,14.8,14.9,16.0,17.2,17.3,17.3,17.5,18.0,18.8,19.1,19.1,19.2,19.1,18.9,19.4,19.8,19.8,17.1,11.5,0.8,1.9,1.93,1536.5,2.4,0.49,3.97,5.02,3135.0,-15.0,0.6,8.87,2.52,5765.0,24.25,49.7,10190.0,5.0,0.0,0
2304,0.3,0.4,0.7,0.8,1.0,1.2,1.9,2.4,2.1,2.3,2.5,2.1,2.3,3.0,3.1,3.0,3.5,3.2,2.2,1.9,1.1,1.0,1.2,1.1,3.5,1.9,19.7,19.1,19.0,18.9,19.2,19.2,19.7,20.9,22.8,24.3,25.7,26.3,26.9,27.1,25.6,26.2,26.6,25.4,24.7,23.9,23.4,22.8,22.8,22.6,27.1,23.0,15.0,0.59,-1.33,0.8,1553.5,4.4,0.4,0.21,-0.23,3164.5,-10.7,0.06,0.57,-1.07,5840.0,19.85,42.05,10180.0,10.0,0.05,0
1115,1.3,1.4,1.6,1.6,1.9,1.3,2.0,2.7,3.0,3.9,3.8,3.4,4.0,3.9,4.1,4.1,3.6,3.2,1.7,1.4,0.7,0.8,0.5,0.3,4.1,2.3,10.2,9.8,9.1,8.9,8.7,8.6,8.4,8.4,8.3,8.6,9.5,10.1,10.8,10.9,11.6,12.0,11.8,11.1,10.4,9.9,9.4,8.4,7.6,7.3,12.0,9.6,2.7,0.27,3.14,-7.38,1540.0,-0.05,0.59,14.87,1.07,3100.5,-14.9,0.8,31.65,8.52,5720.0,-5.7,19.2,10250.0,50.0,0.0,0
503,1.3,1.6,1.9,1.1,0.8,1.3,2.5,2.6,3.4,2.7,2.1,1.5,0.8,0.3,1.9,2.2,2.4,2.3,2.0,2.0,1.7,0.9,1.2,1.7,3.4,1.8,24.7,24.6,24.5,24.2,23.5,23.5,24.1,25.1,26.4,27.3,28.0,28.6,29.1,29.8,30.2,30.5,30.7,30.8,30.2,29.2,27.8,26.8,25.9,25.4,30.8,27.1,16.8,0.56,4.62,-3.67,1548.5,8.0,0.23,5.84,-8.44,3178.0,-8.9,0.22,7.19,-11.59,5860.0,13.0,42.4,10150.0,-25.0,0.0,0
1782,1.640179,1.586351,1.54558,1.526405,1.522624,1.542417,1.637896,2.047127,2.539037,2.847708,2.969768,3.016414,3.044148,3.106679,3.177738,3.231005,3.1928,2.934562,2.561343,2.285638,2.089554,1.938376,1.803805,1.708538,4.172092,2.314949,18.649275,18.34785,18.060886,17.821319,17.611319,17.475542,17.589366,18.417822,19.778799,21.216943,22.462532,23.393553,24.025245,24.433077,24.705081,24.720153,24.397532,23.6321,22.509702,21.425661,20.615352,20.031588,19.502647,19.06226,25.578338,20.840483,6.1,0.8,4.23,1.13,1495.5,-1.2,0.57,11.62,6.76,3069.0,-17.5,0.46,16.91,9.7,5675.0,15.45,43.95,10190.0,-40.0,0.0,0
493,0.6,0.8,1.0,0.8,0.6,0.9,1.9,1.4,1.3,2.9,3.0,3.1,2.6,3.4,4.3,4.7,4.4,4.2,3.6,3.5,3.0,2.4,2.5,1.5,4.7,2.4,21.6,22.2,22.1,21.7,21.5,21.2,21.3,22.6,25.4,26.9,29.2,30.1,30.4,29.9,29.6,29.1,28.5,27.5,26.1,25.1,24.7,24.4,24.4,24.4,30.4,25.4,17.1,0.56,3.09,-2.27,1515.5,7.7,0.25,4.91,-4.91,3148.5,-9.1,0.09,7.32,-7.62,5835.0,15.35,41.95,10115.0,0.0,0.0,0
1810,1.640179,1.586351,1.54558,1.526405,1.522624,1.542417,1.637896,2.047127,2.539037,2.847708,2.969768,3.016414,3.044148,3.106679,3.177738,3.231005,3.1928,2.934562,2.561343,2.285638,2.089554,1.938376,1.803805,1.708538,4.172092,2.314949,9.4,8.3,8.4,7.7,6.9,6.4,5.8,5.6,6.1,7.0,8.8,10.6,12.3,13.7,14.6,15.3,15.4,14.2,12.2,10.9,9.8,8.3,7.0,5.9,15.4,9.6,5.4,0.45,2.09,-7.11,1586.0,-0.25,0.32,7.28,-6.63,3155.0,-15.7,0.18,16.69,-5.49,5770.0,1.5,30.7,10300.0,90.0,0.0,0
160,2.2,2.7,3.2,2.5,1.5,2.0,3.0,3.8,4.1,4.7,5.3,5.1,4.6,4.0,3.2,2.3,3.9,1.0,1.5,2.4,1.1,0.0,1.2,1.0,5.3,2.8,27.6,27.3,27.0,26.7,26.1,26.1,27.2,29.0,31.1,32.9,34.5,36.2,36.5,35.8,35.1,35.4,30.9,27.9,26.4,27.0,27.2,26.7,26.1,26.0,36.5,29.7,24.1,0.41,6.52,3.3,1484.5,11.5,0.61,11.85,-2.2,3149.0,-5.3,0.15,20.41,-2.28,5875.0,31.65,44.8,10055.0,-55.0,1.04,0
1835,1.640179,1.586351,1.54558,1.526405,1.522624,1.542417,1.637896,2.047127,2.539037,2.847708,2.969768,3.016414,3.044148,3.106679,3.177738,3.231005,3.1928,2.934562,2.561343,2.285638,2.089554,1.938376,1.803805,1.708538,4.172092,2.314949,9.3,8.8,7.8,7.3,6.6,6.1,5.8,5.6,8.2,12.9,15.7,17.2,18.3,19.1,19.7,19.9,19.3,17.6,15.5,14.1,13.2,12.6,12.3,12.3,19.9,12.7,12.3,0.1,4.76,-6.36,1528.0,3.6,0.15,9.61,-12.25,3127.5,-14.7,0.03,13.4,-11.04,5775.0,-16.7,20.0,10210.0,-5.0,0.0,0
179,1.9,2.3,2.3,2.4,2.6,2.1,2.3,2.5,3.1,4.0,3.7,3.5,3.3,3.2,3.0,3.4,3.5,3.8,3.3,2.1,1.6,1.4,1.5,1.8,4.0,2.7,26.8,27.1,27.2,27.3,27.3,27.2,27.6,27.9,29.7,31.1,32.0,32.6,33.6,34.2,34.2,34.6,34.3,32.9,31.2,29.6,28.4,27.7,27.3,27.2,34.6,30.0,19.7,0.54,5.24,10.7,1578.0,8.8,0.75,6.03,11.42,3218.0,-6.1,0.76,-1.77,2.52,5930.0,29.65,39.95,10175.0,10.0,0.0,0
1221,0.5,0.2,0.8,0.6,0.4,0.8,1.5,1.5,2.3,2.2,2.5,2.1,2.6,2.6,2.6,3.1,3.0,3.4,3.1,2.5,2.2,2.4,2.0,1.7,3.4,1.9,23.5,22.6,22.4,22.1,21.4,21.4,22.5,24.9,26.5,27.7,28.6,29.6,30.1,30.8,30.7,29.9,29.6,28.6,27.8,26.9,26.1,25.6,25.0,24.4,30.8,26.2,17.3,0.64,1.9,5.94,1519.0,9.1,0.29,9.27,-3.85,3160.5,-9.6,0.2,8.14,-11.51,5850.0,20.7,46.8,10125.0,5.0,0.0,0
2153,1.640179,1.586351,1.54558,1.526405,1.522624,1.542417,1.637896,2.047127,2.539037,2.847708,2.969768,3.016414,2.6,3.6,4.2,4.3,3.1,1.9,1.5,1.7,2.1,2.8,1.5,2.4,4.3,2.7,5.6,3.9,3.4,2.5,1.9,0.8,0.7,0.9,19.778799,21.216943,22.462532,23.393553,13.1,14.4,15.2,15.5,15.3,13.9,12.4,11.6,10.9,10.3,9.6,9.6,15.5,8.6,0.85,0.06,2.72,-15.17,1527.5,-4.8,0.23,5.459634,0.994001,3071.5,-16.5,0.11,9.872418,0.830116,5680.0,-29.3,4.7,10255.0,125.0,0.0,0
2461,2.1,1.4,1.5,1.9,1.2,1.4,0.6,0.8,2.5,2.7,3.2,2.7,3.1,2.3,1.9,2.3,2.0,2.1,2.2,2.1,1.9,2.1,1.6,1.3,3.2,2.0,26.7,26.7,26.8,26.8,26.7,27.1,27.0,26.9,27.7,28.8,29.3,30.2,31.5,32.3,32.8,32.9,32.4,30.9,29.3,28.2,27.2,26.7,26.6,26.6,32.9,28.7,21.0,0.29,3.93,3.09,1521.0,10.5,0.19,8.3,-1.61,3170.0,-6.4,0.31,21.76,-3.61,5885.0,7.9,35.8,10115.0,20.0,0.0,0
1261,0.8,0.9,1.0,0.9,0.5,0.6,0.6,2.1,2.2,3.0,2.6,2.6,2.1,1.8,2.3,2.3,2.4,4.1,1.8,1.3,0.4,0.8,0.6,1.5,4.1,1.6,25.2,24.9,24.9,24.3,24.3,24.2,25.3,27.4,29.0,29.7,30.7,31.2,31.9,32.3,32.7,32.6,31.9,25.6,22.3,22.6,23.7,23.7,24.4,23.3,32.7,27.0,16.1,0.76,3.49,2.22,1603.0,4.6,0.92,4.33,-1.81,3221.0,-11.0,0.67,11.47,-0.94,5885.0,36.95,49.2,10215.0,0.0,1.75,0
491,2.4,1.7,1.2,1.4,1.9,1.5,2.1,1.7,5.5,3.6,5.5,2.4,2.1,2.3,3.0,0.8,1.7,1.7,1.0,0.6,0.4,1.0,0.5,0.3,5.5,1.9,21.7,17.9,17.1,17.4,18.6,18.6,18.6,19.0,18.3,19.7,20.1,19.4,19.3,19.9,23.1,24.7,25.6,26.1,25.6,21.9,21.4,20.9,20.0,19.1,26.1,20.6,16.5,0.64,6.67,0.3,1505.0,5.9,0.54,13.1,0.65,3128.5,-13.7,0.65,14.63,-4.2,5775.0,29.05,51.25,10105.0,0.0,5.89,0
2230,3.8,3.7,3.9,4.2,3.9,4.4,3.4,2.2,3.3,4.2,4.6,4.9,4.3,4.3,4.3,4.2,4.2,3.8,3.8,3.2,3.2,3.5,3.0,3.3,4.9,3.8,21.6,21.6,21.4,21.3,20.8,20.1,19.8,19.7,20.7,22.2,23.4,24.8,24.4,23.3,22.9,21.6,21.1,20.6,20.5,20.1,20.2,20.6,20.8,21.1,24.8,21.4,12.8,0.81,-4.28,9.9,1552.0,7.1,0.53,3.42,9.4,3166.5,-11.9,0.55,14.88,9.66,5845.0,17.5,45.9,10185.0,20.0,0.03,0
889,2.8,3.0,2.5,2.2,2.0,1.9,1.7,2.8,3.5,3.6,3.2,3.8,3.4,3.2,3.1,3.1,3.1,3.6,3.6,2.7,2.9,2.3,1.2,1.2,3.8,2.8,26.3,26.3,26.1,25.9,25.8,25.7,26.7,28.0,28.9,29.8,30.4,31.8,32.2,32.4,32.7,32.7,32.3,31.6,30.4,29.4,28.3,27.6,26.9,26.2,32.7,28.9,17.7,0.66,5.04,7.75,1567.0,9.3,0.43,2.1,4.79,3204.0,-6.4,0.2,1.51,4.08,5915.0,22.8,41.7,10170.0,-5.0,0.0,0
355,0.7,0.5,0.6,0.7,0.8,0.9,1.2,1.1,1.3,1.5,0.2,1.1,1.5,2.7,2.5,1.6,1.7,1.0,1.0,1.3,1.1,1.3,1.7,2.7,2.7,1.3,3.6,3.9,4.1,5.2,6.2,6.7,6.2,6.9,8.2,9.8,11.4,13.7,16.3,18.9,20.2,20.9,20.4,19.2,19.3,18.9,18.8,17.9,17.4,17.2,20.9,13.0,10.0,0.23,8.83,4.37,1528.5,5.8,0.03,13.94,2.46,3131.0,-11.8,0.09,19.59,-1.65,5795.0,-30.2,21.1,10215.0,-45.0,0.13,0
58,0.2,0.4,0.9,0.4,0.3,0.9,1.8,2.8,2.7,2.9,4.0,3.7,2.5,1.6,2.6,2.8,2.5,3.4,3.1,1.9,2.8,2.1,1.7,1.4,4.0,2.1,10.7,10.0,9.7,9.1,8.6,8.6,9.3,10.4,11.3,12.5,13.0,14.7,14.4,14.2,15.1,16.7,17.3,16.9,15.6,13.8,12.8,11.5,10.4,9.2,17.3,12.3,5.7,0.41,6.38,0.38,1443.5,-3.7,0.8,18.36,5.2,3002.5,-19.1,0.24,34.91,19.43,5590.0,16.25,38.1,10095.0,45.0,0.0,0
458,3.4,3.2,3.0,2.1,2.2,2.5,1.6,1.4,2.5,3.4,4.4,3.7,4.7,4.7,4.6,4.4,4.5,3.6,2.9,3.5,4.2,3.7,4.0,3.5,4.7,3.4,21.7,21.7,21.9,21.2,21.2,21.3,21.2,22.0,24.7,26.5,27.4,28.6,29.9,30.3,30.4,29.7,28.3,26.8,25.6,24.7,23.4,23.1,23.1,23.0,30.4,24.9,20.7,0.18,13.98,8.18,1517.0,11.0,0.18,14.02,4.2,3170.5,-9.9,0.49,21.58,0.38,5870.0,0.8,34.2,10125.0,-65.0,0.0,0
2204,2.8,2.9,3.4,3.2,3.7,4.6,5.4,5.1,4.6,5.3,5.5,4.6,5.1,5.1,5.4,5.6,5.6,4.9,4.3,3.8,3.1,2.2,1.4,0.4,5.6,4.1,9.1,8.9,8.8,8.7,8.6,8.3,8.1,7.7,7.9,8.0,8.4,9.6,10.7,11.6,12.1,12.6,12.3,11.4,10.3,9.4,8.6,7.7,6.9,5.5,12.6,9.2,11.5,0.21,2.136487,1.662464,1471.5,1.85,0.83,12.76,18.61,3068.0,-12.7,0.05,20.9,27.01,5715.0,12.65,27.9,10135.0,40.0,0.0,0
1666,1.640179,1.586351,1.54558,1.526405,1.522624,1.542417,1.637896,2.047127,2.539037,2.847708,2.969768,3.016414,3.044148,3.106679,3.177738,3.231005,3.1928,2.934562,2.561343,2.285638,2.089554,1.938376,1.803805,1.708538,4.172092,2.314949,18.649275,18.34785,18.060886,17.821319,17.611319,17.475542,17.589366,18.417822,19.778799,21.216943,22.462532,23.393553,24.025245,24.433077,24.705081,24.720153,24.397532,23.6321,22.509702,21.425661,20.615352,20.031588,19.502647,19.06226,25.578338,20.840483,16.6,0.87,4.86,7.56,1552.0,7.8,0.75,4.92,5.51,3182.5,-8.3,0.68,4.35,1.41,5885.0,35.25,47.7,10150.0,0.0,0.1,0
682,0.5,0.1,0.0,0.2,0.1,0.0,0.1,0.4,1.5,1.8,1.0,1.5,2.7,2.3,2.0,1.8,1.7,1.1,1.6,1.8,1.6,1.3,1.4,0.5,2.7,1.1,4.4,4.1,3.9,3.7,3.4,3.1,2.8,3.3,6.2,10.3,12.9,14.5,15.6,16.6,17.4,17.7,17.6,15.7,13.5,12.6,12.0,11.4,10.6,9.1,17.7,10.1,6.1,0.25,4.56,-6.06,1488.0,1.6,0.02,9.68,0.83,3062.0,-17.6,0.12,16.46,1.8,5680.0,-30.2,27.9,10185.0,-15.0,0.0,0
480,3.2,3.5,3.0,2.9,2.9,2.7,3.1,3.3,4.0,5.5,5.0,4.7,3.6,4.2,4.0,3.7,4.2,4.4,4.2,3.0,2.9,2.4,1.1,0.8,5.5,3.4,20.2,19.5,18.6,17.7,17.1,16.6,16.8,18.1,20.3,22.1,23.3,24.0,24.7,24.8,24.7,24.8,23.9,22.6,21.4,20.3,20.3,20.4,19.7,18.7,24.8,20.9,9.4,0.6,-2.12,-3.49,1516.5,6.3,0.01,1.8,-6.71,3123.0,-11.1,0.06,9.65,-8.1,5795.0,-23.6,33.5,10160.0,30.0,0.0,0
1084,2.5,3.5,4.4,4.6,4.4,3.5,4.2,4.5,4.2,4.6,3.9,3.8,3.6,3.5,3.6,3.0,3.4,3.2,2.8,2.5,2.1,2.1,2.1,2.6,4.6,3.5,0.3,0.1,-0.4,-0.7,-0.8,-0.8,-0.8,-1.1,-1.2,-1.1,-0.7,-0.3,0.3,1.2,1.8,2.7,3.6,2.7,1.9,1.2,0.8,0.2,-0.2,-0.5,3.6,0.3,3.9,0.22,4.94,-3.14,1557.5,-3.1,0.09,11.71,-1.07,3113.0,-16.8,0.07,26.29,-2.37,5705.0,-19.4,23.4,10315.0,-0.119949,0.0,0
175,2.3,2.2,2.2,1.8,1.6,1.6,1.9,3.0,3.4,3.4,3.3,2.4,2.8,3.2,3.7,3.5,3.6,3.0,2.4,2.5,2.9,3.0,2.5,2.1,3.7,2.7,27.8,27.7,27.4,27.2,26.9,26.9,27.9,29.9,31.3,31.7,33.6,34.1,35.0,34.9,35.4,35.1,34.8,34.1,32.7,30.9,29.7,28.7,28.1,27.8,35.4,30.8,18.2,0.61,2.22,6.37,1564.0,8.8,0.87,0.06,0.93,3204.0,-3.5,0.02,-5.63,-2.05,5920.0,29.9,35.4,10160.0,-5.0,0.1,0
2251,3.0,3.4,3.2,2.5,2.0,2.1,1.7,2.5,4.0,4.5,4.5,4.6,4.0,4.1,3.7,3.9,3.8,4.3,3.9,3.4,3.4,2.7,2.8,2.6,4.6,3.4,18.2,18.1,18.1,17.9,17.8,17.8,17.6,18.6,20.0,20.5,20.5,20.8,20.6,20.2,19.1,19.6,19.9,20.1,19.9,19.7,19.8,19.8,19.9,19.9,20.8,19.3,11.1,0.38,-1.23,8.03,1571.5,2.9,0.17,3.18,8.74,3167.0,-15.5,0.8,7.04,7.64,5805.0,0.7,38.7,10245.0,-15.0,0.0,0
693,0.4,0.4,0.3,0.5,0.4,0.6,0.7,1.2,1.9,1.7,1.9,3.3,3.5,3.1,3.5,4.1,4.0,2.9,2.7,1.7,1.2,1.4,1.0,1.1,4.1,1.8,3.7,3.0,2.8,2.3,2.6,2.5,2.8,4.0,6.7,10.3,14.0,16.6,18.1,18.9,19.2,18.6,17.2,16.1,15.5,14.9,14.3,13.8,13.5,13.4,19.2,11.0,11.1,0.06,0.71,0.93,1549.0,5.4,0.02,1.03,5.79,3150.5,-12.1,0.02,10.47,1.17,5805.0,-42.2,11.9,10240.0,0.0,0.0,0
1395,0.3,0.4,0.6,0.4,0.5,0.5,1.0,1.5,1.7,1.1,1.5,2.0,2.2,2.1,1.4,2.5,1.9,1.3,2.5,2.4,1.1,0.3,0.4,0.8,2.5,1.3,18.0,17.8,17.9,18.1,17.8,17.4,16.8,16.5,17.6,19.9,22.3,24.3,24.7,24.9,25.2,25.0,24.8,23.4,21.2,19.8,18.7,17.7,17.1,16.6,25.2,20.1,10.1,0.77,-0.87,-5.32,1601.0,2.2,0.51,5.459634,0.994001,3195.5,-11.1,0.05,9.872418,0.830116,5850.0,19.0,38.6,10250.0,25.0,0.0,0
933,0.9,0.5,0.5,0.7,0.2,0.8,0.5,1.5,2.1,2.3,2.1,1.8,2.1,3.6,2.5,3.4,3.3,2.9,3.1,1.2,1.0,1.1,1.7,1.2,3.6,1.7,26.2,25.4,24.9,24.6,24.4,24.4,24.9,26.9,28.3,29.5,30.5,31.2,31.1,29.4,31.3,31.9,31.5,31.5,30.0,28.4,27.7,26.9,26.9,26.6,31.9,28.1,17.4,0.66,-1.82,1.26,1557.0,7.2,0.49,-2.45,0.68,3188.0,-7.1,0.2,-2.1,2.5,5885.0,25.4,42.5,10160.0,20.0,0.0,0
1515,3.3,2.2,2.4,2.6,2.5,1.8,1.3,1.1,2.6,6.5,6.1,6.7,7.6,6.8,6.7,6.8,5.8,6.0,4.9,4.3,4.5,3.9,3.4,3.4,7.6,4.3,21.5,21.5,21.4,21.0,20.8,20.7,20.4,20.3,20.4,12.7,14.8,16.3,16.9,17.7,18.1,18.0,17.8,16.8,15.6,14.4,13.4,12.3,11.3,10.8,21.5,17.3,13.1,0.95,6.7,12.54,1538.0,4.1,0.73,11.66,12.92,3146.5,-10.6,0.19,19.21,13.21,5805.0,30.95,46.55,10170.0,0.0,0.41,0
1601,2.0,1.6,1.8,1.8,1.5,0.9,0.6,2.2,2.4,2.6,3.2,3.1,3.4,3.4,4.3,4.7,4.9,5.3,4.7,3.4,2.6,2.6,1.7,1.1,5.3,2.7,24.5,24.3,24.0,23.9,23.6,23.5,24.3,25.9,26.8,28.1,28.8,29.6,30.0,30.4,30.7,30.2,29.8,29.1,28.0,27.0,26.2,25.9,25.5,25.1,30.7,26.9,16.7,0.8,-4.91,5.23,1513.5,8.3,0.45,-4.75,5.83,3142.5,-6.1,0.1,-9.89,-1.38,5855.0,24.05,42.15,10110.0,-5.0,0.0,0
1988,0.4,0.8,0.4,0.4,0.4,0.5,0.7,0.7,1.6,1.3,1.3,2.9,2.1,1.3,1.1,1.1,1.7,1.5,1.4,1.2,1.3,1.0,0.9,0.7,2.9,1.1,24.9,24.7,24.7,25.0,25.1,25.0,25.3,25.9,26.6,28.7,29.7,27.8,22.6,23.6,24.4,25.3,25.7,25.2,25.2,25.0,24.9,24.8,24.7,24.6,29.7,25.4,17.4,0.77,0.67,3.95,1530.0,8.1,0.77,1.42,2.21,3164.0,-6.4,0.84,2.34,0.1,5870.0,33.2,43.35,10125.0,20.0,0.28,0
1504,5.9,6.4,5.9,5.9,6.3,6.3,6.9,6.8,7.1,6.9,7.5,8.0,7.6,7.6,7.8,7.6,7.7,5.9,6.3,4.5,3.4,2.9,3.5,2.4,8.0,6.1,10.8,9.1,7.6,6.5,5.7,4.7,3.0,1.7,2.0,2.8,3.0,2.4,2.1,2.7,3.4,5.3,6.6,6.5,5.5,4.4,3.6,2.8,2.4,1.6,10.8,4.4,8.9,0.89,8.48,0.43,1515.0,3.1,0.11,15.65,-1.3,3110.0,-15.5,0.15,9.872418,0.830116,5740.0,6.05,47.05,10195.0,20.0,0.0,0
758,2.3,3.7,4.8,4.3,4.8,4.6,4.4,4.3,4.2,5.2,4.9,3.9,3.5,3.7,3.1,2.6,1.2,2.0,3.3,2.7,2.3,1.5,0.5,1.4,5.2,3.3,18.7,19.4,19.9,19.9,19.7,19.5,19.3,19.1,19.8,20.7,21.6,22.6,24.3,25.1,25.8,25.6,26.1,25.8,24.2,22.8,21.8,20.9,20.3,19.9,26.1,21.8,15.2,0.44,10.94,2.51,1489.0,5.8,0.31,14.61,3.08,3111.0,-12.8,0.11,22.1,0.0,5770.0,14.7,42.5,10120.0,-65.0,0.0,0
2383,0.4,0.7,0.4,0.5,0.2,0.1,0.4,0.8,2.3,1.8,0.9,0.4,1.2,1.4,1.5,1.7,2.0,2.2,1.8,1.4,0.4,1.5,1.9,1.3,2.3,1.1,26.9,26.9,26.2,26.2,25.9,25.8,25.9,27.5,29.2,30.5,31.7,32.9,33.7,34.6,34.9,35.3,35.2,35.0,33.8,32.1,30.4,29.4,29.1,28.4,35.3,30.3,21.1,0.41,-1.68,-3.17,1542.0,9.9,0.27,-4.85,-7.9,3187.0,-5.3,0.15,-6.3,-13.5,5900.0,12.5,38.3,10125.0,-15.0,0.0,0
2008,0.2,0.3,0.3,0.7,0.9,0.8,0.2,1.2,1.2,1.1,0.9,1.7,2.5,1.0,0.6,2.9,1.6,1.1,0.7,0.3,0.2,0.4,0.8,0.7,2.9,0.9,25.6,24.9,24.7,25.1,25.2,25.1,25.1,25.5,25.6,26.5,28.0,29.5,29.4,27.7,29.0,25.5,24.2,24.8,24.8,24.7,24.2,24.1,24.3,24.2,29.5,25.7,17.6,0.66,3.89,-1.23,1552.5,7.8,0.76,8.95,-3.23,3185.5,-6.1,0.06,9.872418,0.830116,5890.0,30.65,40.8,10150.0,15.0,1.04,0
699,3.6,4.4,4.5,4.2,4.2,4.1,4.1,3.5,3.8,4.4,4.9,5.5,4.8,4.9,4.4,3.7,3.7,2.2,1.3,1.3,0.0,0.2,0.1,0.1,5.5,3.2,11.5,11.4,11.1,10.8,10.6,10.3,10.1,9.9,9.9,10.3,11.1,12.1,12.6,13.2,14.0,14.4,14.3,13.1,11.3,9.9,8.9,6.8,5.5,4.7,14.4,10.7,8.9,0.82,11.5,-1.46,1446.0,-1.35,0.79,13.38,9.25,3025.5,-13.9,0.03,22.5,28.04,5650.0,25.65,42.6,10100.0,-5.0,0.0,0
985,4.9,4.6,3.9,4.5,5.1,5.5,4.6,5.5,5.8,5.4,5.2,6.0,5.5,5.5,5.8,4.7,4.6,4.2,3.1,3.4,3.1,2.9,1.5,1.5,6.0,4.4,19.5,19.1,18.3,17.8,17.4,16.8,15.8,15.6,15.8,16.3,17.2,18.5,19.8,20.7,21.1,21.5,21.3,20.4,18.9,17.8,16.9,16.1,14.9,13.8,21.5,18.0,18.2,0.74,6.91,2.31,1516.0,10.7,0.38,9.62,4.7,3157.0,-5.8,0.22,11.93,3.2,5875.0,23.5,42.8,10115.0,0.0,0.03,0
1723,1.640179,1.586351,1.54558,1.526405,1.522624,1.542417,1.637896,2.047127,2.539037,2.847708,2.969768,3.016414,3.044148,3.106679,3.177738,3.231005,3.1928,2.934562,2.561343,2.285638,2.089554,1.938376,1.803805,1.708538,4.172092,2.314949,18.649275,18.34785,18.060886,17.821319,17.611319,17.475542,17.589366,18.417822,19.778799,21.216943,22.462532,23.393553,24.025245,24.433077,24.705081,24.720153,24.397532,23.6321,22.509702,21.425661,20.615352,20.031588,19.502647,19.06226,25.578338,20.840483,16.2,0.36,3.4,-0.89,1533.5,8.7,0.02,5.1,1.51,3155.5,-7.6,0.02,1.01,-3.31,5865.0,-18.0,32.6,10165.0,15.0,0.0,0
539,1.3,1.9,2.4,2.1,1.0,0.4,1.3,2.5,2.8,3.3,3.4,3.4,3.1,3.7,3.3,3.1,3.0,2.8,2.6,2.7,2.7,2.2,2.6,2.1,3.7,2.5,26.8,27.1,27.0,26.6,26.3,26.1,26.6,27.9,28.9,29.8,30.7,31.2,31.8,32.2,32.6,32.4,32.1,31.4,30.6,29.1,28.0,27.1,26.7,26.2,32.6,29.0,19.4,0.53,7.76,4.11,1541.5,11.9,0.2,5.01,1.11,3192.5,-7.0,0.34,0.99,-2.1,5905.0,13.0,41.0,10135.0,0.0,0.0,0
672,0.4,0.2,0.1,0.3,0.4,0.3,0.5,1.0,2.0,2.6,2.8,1.6,1.2,0.8,0.6,1.5,1.5,1.0,1.3,1.3,0.9,0.4,0.2,0.3,2.8,1.0,14.3,13.2,12.5,11.7,11.0,10.6,10.5,12.0,15.1,18.3,21.0,22.4,23.4,24.3,24.9,25.2,24.8,22.2,19.8,18.3,16.6,14.7,13.4,12.2,25.2,17.2,12.7,0.32,0.09,-7.89,1533.5,3.7,0.23,2.26,-9.58,3132.5,-11.3,0.04,6.37,-6.51,5795.0,2.2,32.0,10170.0,-25.0,0.0,0
752,2.6,1.9,1.5,2.0,2.0,1.9,1.7,1.6,2.1,2.8,3.0,2.0,1.2,1.8,0.7,0.9,1.4,1.6,2.4,1.9,2.0,1.7,1.3,0.8,3.0,1.8,7.8,6.8,5.8,5.1,4.4,3.5,2.7,2.3,3.9,6.1,7.7,8.8,9.9,10.8,11.7,12.2,12.2,11.8,10.1,8.8,7.8,7.1,6.3,5.5,12.2,7.5,2.3,0.23,5.46,-8.56,1554.5,0.8,0.07,15.11,-7.7,3119.5,-17.0,0.31,23.09,-14.95,5735.0,-31.4,19.6,10280.0,80.0,0.0,0
414,0.2,0.2,0.4,0.3,0.1,0.2,0.3,0.5,2.1,3.6,4.4,4.6,4.8,4.6,4.7,4.7,4.4,3.8,3.2,2.8,1.9,1.5,1.4,1.3,4.8,2.3,8.8,8.0,7.3,6.6,6.1,5.9,6.2,8.4,13.5,17.4,19.9,20.9,21.4,21.6,21.5,21.6,21.4,20.6,18.7,17.7,17.1,16.1,15.2,14.8,21.6,14.9,5.5,0.18,5.55,-0.97,1555.0,0.05,0.1,15.58,-10.03,3122.0,-17.7,0.03,21.42,-10.41,5735.0,-19.8,24.9,10235.0,15.0,0.0,0
1709,1.640179,1.586351,1.54558,1.526405,1.522624,1.542417,1.637896,2.047127,2.539037,2.847708,2.969768,3.016414,3.044148,3.106679,3.177738,3.231005,3.1928,2.934562,2.561343,2.285638,2.089554,1.938376,1.803805,1.708538,4.172092,2.314949,18.649275,18.34785,18.060886,17.821319,17.611319,17.475542,17.589366,18.417822,19.778799,21.216943,22.462532,23.393553,24.025245,24.433077,24.705081,24.720153,24.397532,23.6321,22.509702,21.425661,20.615352,20.031588,19.502647,19.06226,25.578338,20.840483,16.4,0.99,-8.76,-15.3,1411.0,9.4,0.97,-3.37,-11.17,3051.0,-3.6,0.61,0.97,-3.53,5785.0,35.8,39.9,10015.0,-90.0,0.0,0
1158,2.9,3.2,3.0,3.1,3.2,3.6,3.7,4.0,3.8,4.1,3.9,4.7,4.1,3.0,4.0,3.4,4.0,3.5,2.9,3.5,3.1,2.3,2.2,1.8,4.7,3.4,13.7,13.1,12.2,11.7,11.4,11.3,11.1,10.9,10.8,11.0,11.2,12.7,13.8,14.9,16.1,16.2,16.5,15.8,15.0,13.9,12.6,11.6,10.8,10.1,16.5,12.9,8.9,0.13,-0.4,-4.54,1503.5,1.4,0.22,11.91,3.1,3091.5,-17.7,0.63,9.872418,0.830116,5710.0,-12.5,28.2,10175.0,60.0,0.0,0
1494,3.6,3.6,3.2,2.9,2.2,1.7,1.4,1.6,2.5,3.5,3.3,2.1,2.8,3.3,3.4,3.2,3.3,2.4,1.1,0.3,0.2,0.2,0.3,0.5,3.6,2.2,10.9,9.9,9.0,8.2,7.4,6.6,6.0,5.5,7.5,9.6,11.2,12.3,13.5,15.2,16.6,17.3,17.3,16.6,15.2,13.2,11.5,10.1,8.6,7.8,17.3,11.1,7.7,0.57,2.136487,1.662464,1530.5,1.3,0.17,12.42,-6.05,3113.0,-14.7,0.23,24.76,-2.19,5745.0,-5.5,35.7,10215.0,0.0,0.0,0
146,2.9,2.6,2.2,1.7,1.7,0.6,1.3,1.6,0.6,4.4,4.1,4.1,4.1,3.0,3.4,3.2,2.5,2.2,2.5,3.2,2.8,2.1,1.0,1.0,4.4,2.5,25.3,25.6,25.3,25.3,25.0,25.3,25.8,26.7,27.1,28.1,28.9,29.4,30.9,32.2,32.1,32.6,32.4,31.1,29.5,28.2,26.9,26.2,25.4,24.7,32.6,27.9,16.7,0.7,-0.27,1.53,1529.5,11.1,0.28,-0.59,-0.02,3165.0,-10.3,0.71,10.3,2.32,5865.0,21.15,48.45,10130.0,-5.0,0.1,0
447,1.1,0.7,0.4,1.9,1.4,1.5,2.2,1.9,3.2,2.8,3.0,2.1,1.9,1.9,1.7,3.2,3.2,3.3,3.2,3.3,2.9,2.7,3.0,2.7,3.3,2.3,17.0,16.3,16.2,15.9,16.0,15.9,15.6,15.3,16.0,17.8,19.6,18.6,19.1,19.1,18.8,17.8,16.4,15.8,14.9,14.0,13.6,13.4,13.6,13.1,19.6,16.2,11.3,0.9,0.55,11.91,1523.0,3.6,0.74,3.13,14.61,3124.5,-11.7,0.55,4.7,9.57,5780.0,28.5,44.3,10160.0,0.0,1.85,0
1694,1.640179,1.586351,1.54558,1.526405,1.522624,1.542417,1.637896,2.047127,2.539037,2.847708,2.969768,3.016414,3.044148,3.106679,3.177738,3.231005,3.1928,2.934562,2.561343,2.285638,2.089554,1.938376,1.803805,1.708538,4.172092,2.314949,18.649275,18.34785,18.060886,17.821319,17.611319,17.475542,17.589366,18.417822,19.778799,21.216943,22.462532,23.393553,24.025245,24.433077,24.705081,24.720153,24.397532,23.6321,22.509702,21.425661,20.615352,20.031588,19.502647,19.06226,25.578338,20.840483,17.5,0.79,-6.58,-3.26,1519.5,8.1,0.64,-2.99,-1.31,3150.0,-6.8,0.37,-1.46,-4.52,5860.0,31.3,44.7,10110.0,-10.0,0.0,0
419,1.0,0.3,0.1,0.4,1.3,0.5,1.2,0.4,1.5,4.1,4.2,2.1,2.7,3.1,3.1,3.6,3.9,3.7,4.5,4.1,3.1,2.8,2.8,2.7,4.5,2.4,13.5,11.9,10.2,9.8,10.7,10.2,10.5,11.7,15.5,19.2,20.7,23.1,24.6,25.4,26.4,26.9,26.6,25.2,22.1,20.4,19.4,19.1,19.2,19.4,26.9,18.4,12.9,0.1,7.97,-5.33,1517.0,3.7,0.09,11.31,-8.58,3120.0,-17.1,0.31,19.79,-4.45,5750.0,-18.1,31.0,10160.0,10.0,0.0,0
1315,0.4,0.9,0.4,0.6,0.1,0.5,1.3,1.8,1.9,2.0,2.2,2.1,3.4,3.8,4.9,4.5,4.9,4.9,3.7,2.7,2.3,1.2,1.2,0.8,4.9,2.2,26.6,26.3,26.1,25.3,25.0,24.8,25.6,27.7,29.3,30.6,31.6,32.2,33.2,32.6,33.4,33.5,32.8,31.7,30.3,29.1,28.3,27.7,27.1,26.4,33.5,29.0,19.8,0.53,-3.1,3.07,1574.5,7.7,0.59,0.3,0.0,3213.0,-6.7,0.1,-1.65,-5.53,5910.0,28.8,43.0,10160.0,10.0,0.0,0
89,3.2,1.4,2.8,4.2,3.5,4.0,2.7,2.0,2.1,3.0,4.6,4.3,5.1,4.6,4.2,3.7,3.5,2.5,2.0,1.0,0.1,0.1,0.2,0.3,5.1,2.7,22.4,21.8,19.9,16.7,16.0,16.1,16.0,15.7,16.5,18.1,19.1,20.7,21.7,22.6,23.1,23.4,23.3,22.8,21.4,18.7,16.3,14.1,12.3,11.4,23.4,18.8,15.4,0.77,6.82,20.52,1455.5,6.0,0.49,9.89,15.61,3076.0,-10.2,0.12,19.72,18.04,5760.0,25.3,46.9,10065.0,-50.0,0.18,0
82,2.6,2.4,2.3,0.6,0.8,1.2,1.3,1.7,2.8,4.4,4.0,4.1,4.0,4.4,4.3,5.0,5.2,5.1,4.6,4.2,3.1,2.3,2.8,2.9,5.2,3.2,15.7,15.3,15.2,14.8,13.8,13.5,13.5,15.7,19.1,21.3,22.7,23.8,24.4,24.6,24.9,24.6,23.9,22.7,20.9,19.7,19.0,18.2,18.1,17.8,24.9,19.3,13.575298,0.57732,2.136487,1.662464,1531.49426,5.931129,0.406445,5.459634,0.994001,3145.420501,-10.51141,0.304716,9.872418,0.830116,5818.821222,10.511051,37.388335,10164.198442,-0.119949,0.0,0
1128,2.6,2.3,2.9,3.0,3.1,2.8,1.7,1.7,2.4,3.4,4.3,5.8,5.1,5.1,4.6,4.3,4.4,3.7,3.7,3.2,3.0,2.0,2.1,3.4,5.8,3.4,20.3,20.7,21.1,21.2,21.2,21.3,21.4,21.4,21.6,22.2,23.2,23.9,24.1,24.6,24.6,24.2,23.9,23.0,21.5,21.1,21.1,21.3,21.2,21.4,24.6,22.2,13.6,0.8,5.56,11.86,1522.5,8.6,0.1,6.2,7.39,3136.0,-8.5,0.03,15.04,11.66,5830.0,2.75,40.75,10150.0,-40.0,0.0,0
2432,1.7,1.3,1.3,1.6,1.5,2.1,2.4,3.3,4.5,5.1,4.7,4.3,3.8,4.0,4.2,4.2,4.2,3.6,2.4,2.0,2.1,1.4,1.6,1.9,5.1,2.9,24.2,24.2,24.0,23.6,23.7,23.6,23.4,24.3,26.1,27.6,28.7,29.3,29.9,30.2,30.7,30.1,29.1,28.1,26.9,25.8,24.7,24.2,24.7,24.7,30.7,26.3,15.8,0.62,-2.86,-0.59,1547.5,10.5,0.03,-5.08,5.76,3175.0,-6.6,0.03,-5.22,4.05,5885.0,-10.8,37.3,10155.0,15.0,0.13,0
1098,2.7,2.5,2.2,3.0,2.3,1.7,1.6,2.1,3.3,3.8,2.8,4.1,3.6,2.8,3.0,2.8,2.5,3.2,2.6,2.7,2.4,3.6,4.0,3.3,4.1,2.8,13.0,12.1,11.8,12.4,11.2,9.7,9.1,8.9,8.7,8.9,9.4,9.9,10.1,10.1,9.9,9.8,9.9,9.9,10.2,10.2,10.6,11.0,11.0,11.0,13.0,10.4,10.5,0.76,2.39,4.83,1528.0,2.5,0.95,5.459634,0.994001,3127.0,-12.8,0.9,21.27,10.26,5775.0,28.65,42.15,10200.0,10.0,2.79,0
1654,1.640179,1.586351,1.54558,1.526405,1.522624,1.542417,1.637896,2.047127,2.539037,2.847708,2.969768,3.016414,3.044148,3.106679,3.177738,3.231005,3.1928,2.934562,2.561343,2.285638,2.089554,1.938376,1.803805,1.708538,4.172092,2.314949,18.649275,18.34785,18.060886,17.821319,17.611319,17.475542,17.589366,18.417822,19.778799,21.216943,22.462532,23.393553,24.025245,24.433077,24.705081,24.720153,24.397532,23.6321,22.509702,21.425661,20.615352,20.031588,19.502647,19.06226,25.578338,20.840483,18.2,0.75,3.13,7.87,1565.0,9.8,0.58,3.74,7.06,3204.5,-6.7,0.28,2.6,6.2,5920.0,30.45,45.15,10155.0,-10.0,0.0,0
459,3.2,3.4,2.6,2.3,2.1,1.4,1.1,2.1,2.6,3.0,2.5,2.6,2.8,4.0,4.0,2.4,2.5,2.4,1.4,2.4,2.5,1.4,1.1,1.0,4.0,2.4,22.8,22.4,22.1,21.7,21.0,21.3,21.3,22.1,23.3,24.7,27.0,28.2,28.8,30.6,30.9,31.0,30.8,30.3,28.2,26.5,24.8,24.0,23.7,23.3,31.0,25.4,20.1,0.13,11.39,12.53,1486.5,13.6,0.11,11.07,6.0,3140.5,-9.8,0.58,22.44,4.83,5850.0,-7.0,31.3,10085.0,-40.0,0.0,0
418,2.1,1.2,0.3,0.3,0.3,0.4,0.7,0.9,1.8,2.2,3.1,2.1,1.1,1.4,1.0,0.7,1.2,1.5,1.3,2.0,3.5,2.5,1.7,1.1,3.5,1.4,16.7,15.1,11.4,10.3,9.6,8.4,7.7,8.8,13.6,16.9,19.4,20.8,21.8,22.4,23.6,24.5,24.6,24.0,21.6,19.1,17.4,16.0,14.9,14.0,24.6,16.8,10.9,0.41,12.77,-2.23,1503.0,2.6,0.43,13.66,-6.32,3095.5,-15.3,0.44,27.79,-4.01,5725.0,-2.45,36.05,10150.0,0.0,0.0,0
473,2.4,2.1,1.5,1.5,1.6,1.9,2.5,2.7,2.8,2.9,2.9,3.7,4.1,4.4,4.6,4.4,4.2,3.9,3.4,3.1,3.4,2.6,3.0,2.8,4.6,3.0,24.2,23.8,23.1,22.7,22.2,21.7,21.6,22.7,24.6,25.9,27.3,28.1,28.1,28.2,28.1,28.2,27.3,26.3,25.2,24.4,24.0,23.7,23.2,23.2,28.2,24.9,13.575298,0.57732,2.136487,1.662464,1531.49426,5.931129,0.406445,5.459634,0.994001,3145.420501,-10.51141,0.304716,9.872418,0.830116,5818.821222,10.511051,37.388335,10164.198442,-0.119949,0.0,0
49,0.7,2.5,3.1,1.7,1.8,1.1,0.5,0.2,1.3,2.4,3.0,3.6,3.7,4.7,4.9,4.6,4.8,5.5,5.3,3.8,3.9,3.0,2.6,1.4,5.5,2.9,12.8,12.2,11.9,11.8,11.7,11.6,11.5,11.4,13.5,15.3,17.0,18.1,19.0,19.3,19.4,20.2,20.3,19.3,16.8,15.2,14.1,13.2,12.4,11.5,20.3,15.0,8.5,0.41,7.63,0.56,1472.5,-2.1,0.71,10.77,5.85,3044.5,-17.0,0.53,28.24,17.86,5650.0,16.2,38.0,10135.0,30.0,0.28,0
278,1.640179,1.586351,1.54558,1.526405,1.522624,1.542417,1.637896,2.047127,2.539037,2.847708,2.969768,3.016414,3.044148,3.106679,3.177738,3.231005,3.1928,2.934562,2.561343,2.285638,2.089554,1.938376,1.803805,1.708538,4.172092,2.314949,16.6,16.4,16.7,16.9,17.6,17.5,17.6,18.4,20.3,21.8,23.3,25.1,26.1,26.7,27.3,27.2,26.6,25.8,24.8,24.1,23.5,22.9,22.6,22.7,27.3,22.0,15.6,0.25,7.44,2.76,1533.0,11.7,0.02,3.91,1.23,3165.5,-6.2,0.02,6.58,-0.79,5890.0,-36.1,16.1,10165.0,-10.0,0.0,0
432,5.2,5.6,5.3,5.3,5.6,6.3,5.5,6.5,6.2,6.6,6.8,6.9,6.4,6.3,6.4,5.9,6.4,5.5,3.8,2.8,1.8,1.1,0.8,1.1,6.9,5.0,7.0,6.8,6.7,6.4,6.1,5.9,5.7,5.8,5.9,6.4,6.7,7.2,8.0,8.8,10.1,12.1,13.3,13.8,12.9,11.8,10.7,8.8,8.1,7.1,13.8,8.4,2.25,0.75,3.31,-9.66,1401.0,-2.55,0.42,5.459634,0.994001,2953.5,-17.1,0.21,9.872418,0.830116,5555.0,-4.1,33.7,10095.0,35.0,0.0,0
1987,0.7,0.2,0.0,0.0,0.3,0.0,0.2,1.1,1.2,1.3,0.8,2.6,1.4,1.0,0.7,1.1,0.5,1.2,0.2,0.8,0.6,1.0,0.9,1.0,2.6,0.8,25.5,25.3,25.3,25.2,24.9,24.4,25.3,27.5,28.7,29.5,30.1,27.0,24.0,24.0,25.3,26.7,27.4,27.3,27.7,27.3,26.7,26.3,26.0,25.4,30.1,26.4,18.6,0.68,-0.63,1.63,1518.5,8.8,0.63,1.02,0.95,3156.0,-6.5,0.53,5.42,-0.62,5865.0,30.65,44.2,10105.0,-15.0,2.08,0
1283,0.9,1.1,0.7,0.5,0.9,0.2,0.3,1.1,2.2,2.8,2.1,1.8,1.5,2.0,3.2,2.3,2.6,3.6,2.2,1.7,1.7,1.6,1.6,1.4,3.6,1.7,26.7,26.4,26.1,25.9,25.8,25.6,26.3,28.1,29.7,30.1,31.4,31.9,32.5,32.9,30.3,32.0,32.4,30.7,30.1,29.3,28.8,28.4,27.8,27.2,32.9,29.0,18.0,0.85,1.54,0.42,1557.5,9.0,0.86,1.06,0.0,3197.0,-5.2,0.25,-4.88,3.24,5915.0,36.25,43.85,10150.0,5.0,0.0,0
1414,4.2,3.8,3.5,3.1,2.8,2.7,2.6,2.7,3.5,3.7,4.2,4.9,5.1,5.3,4.6,4.4,5.1,5.1,4.7,4.2,4.7,3.9,4.6,4.9,5.3,4.1,7.2,6.9,6.7,6.3,6.4,6.6,6.8,6.9,7.0,7.3,7.3,7.1,6.6,6.4,6.4,6.1,5.2,4.9,4.7,4.3,3.8,3.9,3.8,3.4,7.3,5.9,14.2,1.0,-2.73,15.34,1487.0,4.9,0.75,0.42,16.93,3100.5,-10.9,0.57,14.26,18.21,5765.0,34.8,50.2,10100.0,0.0,4.62,0
1691,1.640179,1.586351,1.54558,1.526405,1.522624,1.542417,1.637896,2.047127,2.539037,2.847708,2.969768,3.016414,3.044148,3.106679,3.177738,3.231005,3.1928,2.934562,2.561343,2.285638,2.089554,1.938376,1.803805,1.708538,4.172092,2.314949,18.649275,18.34785,18.060886,17.821319,17.611319,17.475542,17.589366,18.417822,19.778799,21.216943,22.462532,23.393553,24.025245,24.433077,24.705081,24.720153,24.397532,23.6321,22.509702,21.425661,20.615352,20.031588,19.502647,19.06226,25.578338,20.840483,17.1,0.87,-8.3,8.44,1521.0,9.0,0.88,-4.39,6.69,3160.0,-5.5,0.82,-3.49,7.59,5880.0,35.6,43.05,10120.0,25.0,0.51,0
1867,1.640179,1.586351,1.54558,1.526405,1.522624,1.542417,1.637896,2.047127,2.539037,2.847708,2.969768,3.016414,3.044148,3.106679,3.177738,3.231005,3.1928,2.934562,2.561343,2.285638,2.089554,1.938376,1.803805,1.708538,4.172092,2.314949,13.8,14.3,14.5,14.4,14.3,14.4,14.4,14.7,15.2,15.9,16.4,16.7,16.7,16.8,17.0,16.5,14.3,9.4,8.5,8.3,8.4,8.6,8.3,8.3,17.0,13.3,13.2,0.51,8.33,6.23,1448.0,7.1,0.16,12.57,5.15,3072.5,-11.0,0.57,29.35,18.55,5755.0,3.55,37.55,10080.0,-55.0,0.18,0
1613,1.1,0.0,0.1,0.4,0.4,0.9,2.1,2.5,2.3,2.2,1.3,0.9,1.5,1.3,1.5,2.5,0.5,2.4,2.4,3.1,2.5,1.9,2.4,2.6,3.1,1.6,25.9,24.0,22.9,22.2,21.6,21.3,22.5,24.1,26.1,27.9,29.2,30.1,30.9,31.6,32.6,33.2,33.3,32.9,31.6,29.6,28.1,27.2,27.1,26.7,33.3,27.6,15.5,0.71,1.78,-5.64,1522.0,9.0,0.21,8.1,-12.55,3152.0,-7.0,0.08,8.71,-9.43,5850.0,12.3,39.3,10120.0,10.0,0.0,1
2267,0.4,0.3,0.3,0.2,0.1,0.0,0.1,0.1,0.5,0.6,1.2,1.1,1.5,2.1,2.4,2.5,2.6,3.8,2.7,2.3,2.1,1.7,1.7,1.3,3.8,1.3,17.4,17.0,15.9,15.4,14.9,14.6,14.8,17.7,21.3,23.5,25.1,25.9,26.8,27.3,27.8,28.1,27.9,26.5,25.3,23.6,22.1,21.1,20.4,19.7,28.1,21.7,11.0,0.71,2.136487,1.662464,1483.5,5.2,0.15,7.45,-2.3,3090.0,-14.9,0.51,12.07,2.13,5735.0,8.65,46.55,10110.0,35.0,0.0,1
946,1.4,2.0,1.7,1.8,2.3,2.1,2.3,3.6,3.8,2.9,2.3,1.0,0.9,1.2,1.7,3.2,3.3,4.0,3.8,3.1,2.8,2.6,2.5,1.5,4.0,2.4,27.2,26.6,25.9,25.7,25.3,25.0,25.2,26.6,28.3,29.8,31.4,33.3,34.7,35.7,35.8,36.0,35.9,35.1,33.7,31.9,29.9,28.7,28.0,27.2,36.0,30.1,19.8,0.61,0.09,-0.52,1589.0,7.9,0.6,-4.09,-2.92,3225.5,-6.3,0.31,-3.29,-4.22,5935.0,30.55,44.2,10175.0,-30.0,0.0,1
232,0.0,0.0,0.2,0.4,0.3,0.7,0.8,1.3,1.5,1.8,2.1,2.4,2.4,3.2,2.7,2.9,2.5,2.2,1.8,1.3,1.3,1.5,1.2,0.9,3.2,1.5,26.7,26.4,26.3,26.2,26.1,26.1,26.2,26.8,29.1,30.6,32.3,33.1,33.8,34.3,35.1,35.5,35.2,34.3,32.3,30.2,28.6,28.1,27.4,26.9,35.5,29.9,19.4,0.66,2.136487,1.662464,1532.5,9.6,0.44,-6.32,-3.11,3175.0,-5.8,0.17,-3.52,2.12,5900.0,25.6,43.9,10110.0,-15.0,0.0,1
582,0.5,0.7,0.5,0.2,0.1,0.8,0.7,1.0,2.0,2.0,1.3,1.4,0.8,0.4,1.5,1.0,1.7,2.1,2.2,1.7,1.4,1.5,1.5,1.4,2.2,1.2,26.7,25.9,25.4,25.4,24.9,25.0,25.4,27.1,28.5,29.7,31.2,32.0,33.1,34.0,34.7,34.9,35.4,34.8,32.8,31.3,30.2,29.4,28.6,27.9,35.4,29.8,19.3,0.73,-3.01,0.42,1578.0,9.4,0.72,-3.79,-0.01,3220.5,-4.3,0.16,-10.93,-3.41,5945.0,33.1,42.2,10170.0,-5.0,0.0,1
1216,0.1,0.4,0.1,0.3,0.4,0.4,0.9,1.3,0.7,0.5,0.9,1.0,1.8,2.0,2.3,2.8,3.0,3.4,2.3,1.9,2.0,1.3,1.4,1.0,3.4,1.3,20.9,20.3,20.0,19.6,19.6,19.7,20.6,22.4,24.2,25.4,26.7,27.7,28.2,28.6,29.3,29.4,29.6,28.8,27.7,26.1,24.9,23.6,22.6,21.5,29.6,24.5,14.3,0.62,-2.38,-1.02,1580.0,4.8,0.16,-3.85,0.0,3191.0,-10.7,0.02,-3.81,-0.33,5855.0,9.9,42.6,10205.0,5.0,0.0,1
2001,1.1,0.3,0.5,0.2,0.2,0.2,0.1,0.3,1.0,1.0,0.8,0.3,1.0,1.3,0.8,1.1,1.1,2.2,2.0,1.7,1.7,1.5,1.3,1.7,2.2,1.0,25.1,24.6,24.2,23.8,23.6,23.4,24.0,26.5,28.1,29.3,30.1,31.1,32.0,32.5,32.9,33.2,33.4,32.9,31.6,29.8,28.8,27.8,27.1,26.4,33.4,28.4,18.3,0.6,-3.45,0.83,1602.0,9.0,0.38,-4.55,-0.31,3237.0,-8.2,0.14,-6.61,-4.88,5940.0,23.5,44.7,10205.0,30.0,0.0,1
614,0.4,0.5,0.3,0.3,0.3,0.6,0.4,1.1,1.8,1.4,1.4,0.8,1.4,1.1,2.4,2.7,2.9,2.0,0.9,0.2,0.6,0.7,0.3,0.0,2.9,1.0,19.8,19.4,18.7,17.9,17.4,17.3,17.4,20.1,23.3,26.6,28.7,30.2,31.1,32.1,32.7,32.7,32.7,31.9,28.1,25.8,24.4,23.6,23.2,21.7,32.7,24.9,15.7,0.45,-2.9,-3.19,1516.5,7.7,0.42,-1.08,-0.48,3144.0,-5.8,0.18,8.59,1.84,5855.0,13.7,31.0,10120.0,-40.0,0.0,1
950,0.6,0.6,0.7,0.4,0.5,0.5,0.6,1.0,2.0,2.0,0.7,1.2,1.2,3.4,2.9,3.0,3.7,4.5,4.2,2.7,2.1,1.5,0.7,0.7,4.5,1.7,26.7,25.5,25.1,25.3,25.1,24.8,25.1,26.8,28.3,29.7,31.2,32.9,34.1,35.1,35.2,35.8,35.4,34.2,32.2,30.4,29.3,28.8,28.1,27.2,35.8,29.7,20.7,0.58,-3.73,1.64,1579.0,8.5,0.58,-7.88,1.23,3220.5,-7.7,0.22,-8.24,-0.76,5920.0,32.4,48.3,10160.0,-15.0,0.0,1
148,1.5,1.3,0.8,0.9,0.9,1.0,1.1,2.5,2.2,1.4,2.0,1.6,0.8,0.5,0.9,0.9,1.0,2.8,2.7,3.1,2.8,1.0,1.2,0.7,3.1,1.5,25.2,24.8,24.5,24.2,24.2,24.1,24.9,27.0,28.2,29.1,31.0,31.8,33.2,33.7,34.7,35.9,35.8,34.1,32.4,30.4,29.1,28.0,27.1,26.1,35.9,29.1,18.7,0.74,-1.12,1.37,1549.5,9.9,0.26,0.81,-1.56,3188.0,-8.4,0.19,3.57,-2.0,5890.0,22.95,49.35,10140.0,5.0,0.0,1
100,0.0,0.6,0.4,0.3,0.1,0.3,0.2,1.4,2.6,3.8,4.3,3.7,4.2,4.2,4.5,4.9,4.4,4.6,4.0,2.9,3.2,2.9,2.7,2.9,4.9,2.6,13.1,13.1,12.1,10.7,10.4,10.2,10.5,15.6,19.7,22.4,23.6,24.6,24.4,24.3,24.4,24.3,23.9,22.7,20.7,19.1,18.2,17.6,17.1,16.9,24.6,18.3,10.3,0.28,2.55,-8.85,1561.0,1.15,0.16,5.64,-14.05,3144.0,-11.8,0.15,17.27,-12.27,5795.0,-12.6,24.2,10220.0,45.0,0.0,1
486,0.6,0.3,0.8,1.7,1.1,0.5,0.6,1.7,3.2,2.6,1.7,2.0,2.0,1.3,1.9,1.8,2.0,1.9,1.5,1.9,1.3,1.3,1.2,0.3,3.2,1.5,16.8,15.3,14.9,15.4,15.3,15.1,15.9,18.9,22.2,24.5,26.1,26.9,27.9,28.7,29.4,30.2,30.5,30.1,28.3,25.8,23.3,21.6,20.4,18.8,30.5,22.6,15.9,0.24,8.12,-0.19,1498.5,5.5,0.2,19.94,2.73,3110.5,-13.6,0.21,27.45,8.63,5765.0,5.4,38.5,10120.0,65.0,0.0,1
930,0.9,0.8,0.7,0.8,0.7,1.0,1.4,1.4,2.3,2.7,2.4,1.7,0.0,1.6,1.6,2.1,2.7,3.7,3.6,3.1,2.6,2.2,1.8,1.5,3.7,1.8,22.6,22.6,22.4,22.3,22.3,22.1,22.2,23.1,25.1,27.2,28.7,29.9,31.0,32.1,32.9,33.6,33.2,32.4,30.7,29.0,27.8,27.1,26.7,26.3,33.6,27.2,13.575298,0.57732,2.136487,1.662464,1531.49426,5.931129,0.406445,5.459634,0.994001,3145.420501,-10.51141,0.304716,9.872418,0.830116,5818.821222,10.511051,37.388335,10164.198442,-0.119949,0.0,1
1249,0.4,0.4,0.1,0.1,0.0,0.4,0.5,0.6,1.3,2.0,1.9,1.2,1.1,1.7,1.8,1.7,2.4,2.8,2.2,1.3,1.0,0.7,0.3,0.1,2.8,1.1,24.0,23.6,23.1,22.6,22.4,22.3,23.6,25.8,27.4,28.6,29.4,30.3,30.8,31.3,31.7,31.8,31.9,31.6,30.8,29.6,28.0,26.9,26.1,25.8,31.9,27.5,16.1,0.73,0.36,0.27,1575.0,9.3,0.06,6.39,-4.24,3207.0,-8.6,0.07,6.4,-5.96,5900.0,0.25,44.35,10185.0,35.0,0.0,1
585,1.2,0.8,0.8,0.4,1.4,1.3,0.9,1.7,0.8,0.8,1.7,2.6,3.3,3.8,4.0,4.7,4.5,4.3,3.7,2.0,1.3,0.8,0.8,0.7,4.7,2.0,27.5,27.0,26.6,26.2,26.5,26.3,26.6,28.1,29.9,31.6,32.8,33.6,33.9,34.2,34.1,33.6,32.5,31.7,30.8,29.7,28.9,28.2,27.9,27.3,34.2,29.8,20.8,0.65,-0.19,-3.27,1553.5,8.7,0.72,-2.21,-0.8,3199.5,-6.3,0.17,-5.33,-3.47,5910.0,36.05,47.15,10135.0,10.0,0.0,1
208,1.7,0.8,1.1,1.1,0.1,0.3,0.3,2.1,3.5,3.0,2.7,2.6,1.7,1.5,0.9,2.1,2.3,2.1,1.9,3.5,2.8,2.1,1.9,1.5,3.5,1.8,27.8,27.1,26.3,26.3,25.8,25.5,26.0,28.1,29.7,31.7,33.5,35.3,36.8,37.3,38.6,39.5,39.3,38.9,37.4,34.7,32.5,31.3,30.4,29.6,39.5,32.1,21.5,0.64,-3.29,-4.47,1591.0,9.4,0.7,-4.48,-1.99,3241.5,-5.4,0.17,-4.33,-2.78,5955.0,35.65,46.4,10165.0,-15.0,0.0,1
