,loc,v(g),ev(g),iv(g),n,v,l,d,i,e,b,t,locode,locomment,loblank,loccodeandcomment,uniq_op,uniq_opnd,total_op,total_opnd,branchcount,y
1721,5.0,2.0,1.0,1.0,17.0,68.0,0.22,4.5,15.11,306.0,0.02,17.0,3,0,0,0,9.0,7.0,10.0,7.0,3.0,0
1966,30.0,3.0,1.0,3.0,81.0,361.21,0.09,11.67,30.96,4214.16,0.12,234.12,23,1,1,0,10.0,12.0,53.0,28.0,5.0,0
937,16.0,3.0,1.0,3.0,28.0,114.45,0.14,7.31,15.65,836.91,0.04,46.49,11,2,1,0,9.0,8.0,15.0,13.0,5.0,0
648,3.0,1.0,1.0,1.0,1.0,0.0,0.0,0.0,0.0,0.0,0.0,0.0,1,0,0,0,1.0,0.0,1.0,0.0,1.0,0
750,4.0,1.0,1.0,1.0,9.0,27.0,0.5,2.0,13.5,54.0,0.01,3.0,2,0,0,0,4.0,4.0,5.0,4.0,1.0,0
2065,4.0,1.0,1.0,1.0,4.0,8.0,0.67,1.5,5.33,12.0,0.0,0.67,0,0,0,0,3.0,1.0,3.0,1.0,1.0,0
1634,2.0,1.0,1.0,1.0,4.0,8.0,0.67,1.5,5.33,12.0,0.0,0.67,1,0,0,0,3.0,1.0,3.0,1.0,1.0,0
834,37.0,4.0,1.0,4.0,71.0,344.92,0.08,12.13,28.43,4184.99,0.11,232.5,28,1,6,0,14.0,15.0,45.0,26.0,6.0,0
531,4.0,1.0,1.0,1.0,7.0,18.09,0.67,1.5,12.06,27.14,0.01,1.51,0,0,0,0,3.0,3.0,4.0,3.0,1.0,0
1822,7.0,1.0,1.0,1.0,8.0,24.0,0.33,3.0,8.0,72.0,0.01,4.0,3,1,1,0,6.0,2.0,6.0,2.0,1.0,0
733,16.0,1.0,1.0,1.0,62.0,287.92,0.17,5.88,48.95,1693.64,0.1,94.09,12,0,0,0,8.0,17.0,37.0,25.0,1.0,0
1241,1.0,1.0,1.0,1.0,4.0,8.0,0.67,1.5,5.33,12.0,0.0,0.67,0,0,0,0,3.0,1.0,3.0,1.0,1.0,0
1308,28.0,3.0,1.0,3.0,60.0,271.41,0.16,6.43,42.22,1744.8,0.09,96.93,23,2,1,0,9.0,14.0,40.0,20.0,5.0,0
1171,34.0,9.0,7.0,6.0,83.0,399.01,0.06,16.73,23.85,6675.75,0.13,370.88,24,0,6,0,15.0,13.0,54.0,29.0,17.0,0
2094,2.0,1.0,1.0,1.0,5.0,11.61,0.67,1.5,7.74,17.41,0.0,0.97,0,0,0,0,3.0,2.0,3.0,2.0,1.0,0
755,8.0,1.0,1.0,1.0,27.0,102.8,0.24,4.13,24.92,424.04,0.03,23.56,5,0,0,0,6.0,8.0,16.0,11.0,1.0,0
1814,4.0,1.0,1.0,1.0,5.0,11.61,0.5,2.0,5.8,23.22,0.0,1.29,2,0,0,0,4.0,1.0,4.0,1.0,1.0,0
911,12.0,3.0,3.0,3.0,25.0,95.18,0.17,6.0,15.86,571.1,0.03,31.73,9,0,1,0,8.0,6.0,16.0,9.0,5.0,0
1089,3.0,1.0,1.0,1.0,1.0,0.0,0.0,0.0,0.0,0.0,0.0,0.0,1,0,0,0,1.0,0.0,1.0,0.0,1.0,0
1285,52.0,7.0,1.0,7.0,119.0,610.38,0.04,26.13,23.36,15946.3,0.2,885.91,46,0,4,0,19.0,16.0,75.0,44.0,13.0,0
1925,8.0,1.0,1.0,1.0,15.0,51.89,0.23,4.38,11.86,227.03,0.02,12.61,4,1,1,0,7.0,4.0,10.0,5.0,1.0,0
1295,17.0,2.0,1.0,2.0,43.0,185.84,0.13,8.0,23.23,1486.74,0.06,82.6,12,1,2,0,10.0,10.0,27.0,16.0,3.0,0
1707,5.0,2.0,1.0,1.0,17.0,68.0,0.22,4.5,15.11,306.0,0.02,17.0,3,0,0,0,9.0,7.0,10.0,7.0,3.0,0
910,9.0,3.0,1.0,1.0,23.0,92.0,0.13,7.5,12.27,690.0,0.03,38.33,6,0,0,1,10.0,6.0,14.0,9.0,5.0,0
659,23.0,1.0,1.0,1.0,37.0,165.0,0.31,3.19,51.76,525.93,0.05,29.22,13,0,2,0,6.0,16.0,20.0,17.0,1.0,0
943,14.0,3.0,1.0,1.0,29.0,116.0,0.12,8.33,13.92,966.67,0.04,53.7,11,0,1,0,10.0,6.0,19.0,10.0,4.0,0
1039,3.0,1.0,1.0,1.0,5.0,11.61,0.67,1.5,7.74,17.41,0.0,0.97,2,0,0,0,3.0,2.0,3.0,2.0,1.0,0
1800,5.0,1.0,1.0,1.0,11.0,34.87,0.5,2.0,17.43,69.74,0.01,3.87,4,0,0,0,4.0,5.0,6.0,5.0,1.0,0
472,4.0,1.0,1.0,1.0,4.0,8.0,0.67,1.5,5.33,12.0,0.0,0.67,2,0,0,0,3.0,1.0,3.0,1.0,1.0,0
1608,1.0,1.0,1.0,1.0,9.0,25.27,0.67,1.5,16.84,37.9,0.01,2.11,0,0,0,0,3.0,4.0,5.0,4.0,1.0,0
794,2.0,1.0,1.0,1.0,4.0,8.0,0.67,1.5,5.33,12.0,0.0,0.67,0,0,0,0,3.0,1.0,3.0,1.0,1.0,0
376,210.0,25.0,11.0,25.0,606.0,3820.09,0.03,32.93,115.99,125808.33,1.27,6989.35,179,11,17,0,19.0,60.0,398.0,208.0,49.0,0
1708,5.0,2.0,1.0,1.0,17.0,68.0,0.22,4.5,15.11,306.0,0.02,17.0,3,0,0,0,9.0,7.0,10.0,7.0,3.0,0
545,82.0,9.0,1.0,9.0,191.0,1072.41,0.06,15.76,68.06,16898.58,0.36,938.81,74,0,3,0,16.0,33.0,126.0,65.0,16.0,0
1408,85.0,11.0,6.0,9.0,211.0,1246.35,0.04,27.33,45.6,34067.01,0.42,1892.61,72,2,9,0,24.0,36.0,129.0,82.0,21.0,0
1551,16.0,2.0,1.0,2.0,26.0,101.58,0.11,9.0,11.29,914.21,0.03,50.79,9,0,1,0,10.0,5.0,17.0,9.0,3.0,0
451,4.0,1.0,1.0,1.0,4.0,8.0,0.67,1.5,5.33,12.0,0.0,0.67,2,0,0,0,3.0,1.0,3.0,1.0,1.0,0
1489,9.0,1.0,1.0,1.0,27.0,102.8,0.17,6.0,17.13,616.79,0.03,34.27,6,0,0,0,8.0,6.0,18.0,9.0,1.0,0
2045,1.0,1.0,1.0,1.0,4.0,8.0,0.67,1.5,5.33,12.0,0.0,0.67,0,0,0,0,3.0,1.0,3.0,1.0,1.0,0
1809,3.0,1.0,1.0,1.0,1.0,0.0,0.0,0.0,0.0,0.0,0.0,0.0,1,0,0,0,1.0,0.0,1.0,0.0,1.0,0
1529,39.0,9.0,7.0,7.0,137.0,708.28,0.05,21.6,32.79,15298.84,0.24,849.94,32,0,1,0,16.0,20.0,83.0,54.0,17.0,0
1182,18.0,2.0,1.0,2.0,39.0,165.67,0.14,7.22,22.94,1196.5,0.06,66.47,16,0,0,0,10.0,9.0,26.0,13.0,3.0,0
807,4.0,1.0,1.0,1.0,7.0,19.65,0.4,2.5,7.86,49.13,0.01,2.73,2,0,0,0,5.0,2.0,5.0,2.0,1.0,0
359,23.0,3.0,1.0,3.0,51.0,230.7,0.11,9.17,25.17,2114.77,0.08,117.49,19,1,1,0,11.0,12.0,31.0,20.0,5.0,0
1450,16.0,2.0,1.0,2.0,25.0,100.0,0.16,6.43,15.56,642.86,0.03,35.71,13,0,0,0,9.0,7.0,15.0,10.0,3.0,0
1965,22.0,2.0,1.0,2.0,50.0,219.62,0.11,9.35,23.49,2053.4,0.07,114.08,16,0,1,1,11.0,10.0,33.0,17.0,3.0,0
2086,2.0,1.0,1.0,1.0,5.0,11.61,0.67,1.5,7.74,17.41,0.0,0.97,0,0,0,0,3.0,2.0,3.0,2.0,1.0,0
1202,2.0,1.0,1.0,1.0,4.0,8.0,1.0,1.0,8.0,8.0,0.0,0.44,1,0,0,0,2.0,2.0,2.0,2.0,1.0,0
501,17.0,2.0,1.0,2.0,25.0,92.51,0.16,6.4,14.45,592.07,0.03,32.89,12,0,3,0,8.0,5.0,17.0,8.0,3.0,0
625,51.0,13.0,8.0,13.0,138.0,713.45,0.05,20.13,35.44,14362.87,0.24,797.94,44,3,2,0,17.0,19.0,93.0,45.0,25.0,0
1119,15.0,2.0,1.0,2.0,25.0,95.18,0.15,6.67,14.28,634.56,0.03,35.25,9,0,1,0,8.0,6.0,15.0,10.0,3.0,0
1120,20.0,2.0,1.0,2.0,0.0,0.0,0.0,0.0,0.0,0.0,0.0,0.0,0,0,0,0,0.0,0.0,0.0,0.0,3.0,0
842,4.0,1.0,1.0,1.0,4.0,8.0,0.67,1.5,5.33,12.0,0.0,0.67,2,0,0,0,3.0,1.0,3.0,1.0,1.0,0
1754,4.0,1.0,1.0,1.0,8.0,22.46,0.33,3.0,7.49,67.38,0.01,3.74,2,0,0,0,6.0,1.0,7.0,1.0,1.0,0
1218,2.0,1.0,1.0,1.0,4.0,8.0,0.67,1.5,5.33,12.0,0.0,0.67,0,0,0,0,3.0,1.0,3.0,1.0,1.0,0
1684,1.0,1.0,1.0,1.0,1.0,0.0,0.0,0.0,0.0,0.0,0.0,0.0,0,0,0,0,1.0,0.0,1.0,0.0,1.0,0
1189,149.0,25.0,19.0,25.0,401.0,2432.5,0.03,30.36,80.13,73847.58,0.81,4102.64,114,9,16,8,21.0,46.0,268.0,133.0,49.0,0
934,1.0,1.0,1.0,1.0,4.0,8.0,0.67,1.5,5.33,12.0,0.0,0.67,0,0,0,0,3.0,1.0,3.0,1.0,1.0,0
2006,1.0,1.0,1.0,1.0,5.0,11.61,0.67,1.5,7.74,17.41,0.0,0.97,0,0,0,0,3.0,2.0,3.0,2.0,1.0,0
382,9.0,1.0,1.0,1.0,19.0,72.34,0.25,4.0,18.08,289.36,0.02,16.07,4,0,2,0,7.0,7.0,11.0,8.0,1.0,0
737,18.0,1.0,1.0,1.0,64.0,300.83,0.18,5.56,54.15,1671.27,0.1,92.85,13,0,0,0,8.0,18.0,39.0,25.0,1.0,0
1216,6.0,1.0,1.0,1.0,10.0,31.7,0.4,2.5,12.68,79.25,0.01,4.4,1,0,0,0,5.0,4.0,6.0,4.0,1.0,0
1132,38.0,3.0,1.0,3.0,0.0,0.0,0.0,0.0,0.0,0.0,0.0,0.0,0,0,0,0,0.0,0.0,0.0,0.0,5.0,0
2052,2.0,2.0,1.0,2.0,9.0,27.0,0.14,7.0,3.86,189.0,0.01,10.5,0,0,0,0,7.0,1.0,7.0,2.0,3.0,0
1752,4.0,1.0,1.0,1.0,5.0,11.61,0.5,2.0,5.8,23.22,0.0,1.29,2,0,0,0,4.0,1.0,4.0,1.0,1.0,0
882,2.0,1.0,1.0,1.0,5.0,11.61,0.67,1.5,7.74,17.41,0.0,0.97,0,0,0,0,3.0,2.0,3.0,2.0,1.0,0
1939,24.0,2.0,1.0,2.0,65.0,322.02,0.14,6.9,46.64,2223.49,0.11,123.53,19,0,1,0,10.0,21.0,36.0,29.0,3.0,0
731,8.0,1.0,1.0,1.0,16.0,55.35,0.23,4.38,12.65,242.16,0.02,13.45,5,0,1,0,7.0,4.0,11.0,5.0,1.0,0
772,31.0,4.0,1.0,4.0,90.0,450.0,0.06,16.32,27.57,7345.59,0.15,408.09,24,3,2,0,15.0,17.0,53.0,37.0,7.0,0
1771,16.0,1.0,1.0,1.0,22.0,88.0,0.33,3.0,29.33,264.0,0.03,14.67,10,0,0,0,6.0,10.0,12.0,10.0,1.0,0
1306,59.0,7.0,7.0,6.0,182.0,1016.46,0.05,21.95,46.31,22309.61,0.34,1239.42,47,4,5,1,19.0,29.0,115.0,67.0,13.0,0
2033,15.0,3.0,1.0,3.0,42.0,178.41,0.13,7.78,22.94,1387.66,0.06,77.09,11,0,2,0,10.0,9.0,28.0,14.0,5.0,0
796,5.0,1.0,1.0,1.0,9.0,27.0,0.4,2.5,10.8,67.5,0.01,3.75,3,0,0,0,5.0,3.0,6.0,3.0,1.0,0
609,127.0,25.0,7.0,22.0,396.0,2309.82,0.03,38.21,60.45,88254.54,0.77,4903.03,108,7,9,0,21.0,36.0,265.0,131.0,49.0,0
644,17.0,2.0,1.0,2.0,36.0,144.0,0.12,8.33,17.28,1200.0,0.05,66.67,14,0,1,0,10.0,6.0,26.0,10.0,3.0,0
591,31.0,3.0,1.0,3.0,79.0,379.78,0.1,9.71,39.13,3686.11,0.13,204.78,25,1,2,0,11.0,17.0,49.0,30.0,5.0,0
345,16.0,1.0,1.0,1.0,34.0,141.78,0.19,5.2,27.26,737.24,0.05,40.96,10,0,2,0,8.0,10.0,21.0,13.0,1.0,0
2021,2.0,1.0,1.0,1.0,4.0,8.0,0.67,1.5,5.33,12.0,0.0,0.67,0,0,0,0,3.0,1.0,3.0,1.0,1.0,0
824,14.0,2.0,1.0,2.0,31.0,121.11,0.13,7.5,16.14,908.35,0.04,50.46,11,0,1,0,9.0,6.0,21.0,10.0,3.0,0
2102,14.0,2.0,1.0,2.0,28.0,109.39,0.19,5.14,21.27,562.59,0.04,31.26,11,0,1,0,8.0,7.0,19.0,9.0,3.0,0
1352,30.0,3.0,1.0,3.0,53.0,221.01,0.09,10.63,20.8,2348.19,0.07,130.44,21,5,2,0,10.0,8.0,36.0,17.0,5.0,0
666,14.0,1.0,1.0,1.0,27.0,110.36,0.31,3.27,33.72,361.18,0.04,20.07,8,0,2,0,6.0,11.0,15.0,12.0,1.0,0
840,107.0,18.0,11.0,12.0,213.0,1236.97,0.03,31.05,39.84,38405.82,0.41,2133.66,80,19,0,4,25.0,31.0,136.0,77.0,35.0,0
723,12.0,2.0,1.0,2.0,25.0,95.18,0.15,6.67,14.28,634.56,0.03,35.25,8,0,0,0,8.0,6.0,15.0,10.0,3.0,0
1100,6.0,1.0,1.0,1.0,0.0,0.0,0.0,0.0,0.0,0.0,0.0,0.0,0,0,0,0,0.0,0.0,0.0,0.0,1.0,0
650,12.0,1.0,1.0,1.0,33.0,132.0,0.2,5.06,26.11,667.33,0.04,37.07,8,0,1,0,7.0,9.0,20.0,13.0,1.0,0
558,16.0,2.0,1.0,2.0,32.0,133.44,0.18,5.6,23.83,747.25,0.04,41.51,11,0,1,0,8.0,10.0,18.0,14.0,3.0,0
1444,2.0,1.0,1.0,1.0,3.0,4.75,1.0,1.0,4.75,4.75,0.0,0.26,0,0,0,0,2.0,1.0,2.0,1.0,1.0,0
1969,7.0,1.0,1.0,1.0,21.0,69.76,0.33,3.0,23.25,209.28,0.02,11.63,5,0,0,0,5.0,5.0,15.0,6.0,1.0,0
1950,4.0,1.0,1.0,1.0,6.0,15.51,0.5,2.0,7.75,31.02,0.01,1.72,2,0,0,0,4.0,2.0,4.0,2.0,1.0,0
1078,36.0,6.0,4.0,6.0,151.0,808.99,0.04,22.31,36.26,18050.6,0.27,1002.81,25,0,9,0,17.0,24.0,88.0,63.0,11.0,0
627,4.0,1.0,1.0,1.0,7.0,19.65,0.4,2.5,7.86,49.13,0.01,2.73,2,0,0,0,5.0,2.0,5.0,2.0,1.0,0
327,5.0,1.0,1.0,1.0,11.0,30.88,0.38,2.67,11.58,82.35,0.01,4.57,3,0,0,0,4.0,3.0,7.0,4.0,1.0,0
1732,2.0,1.0,1.0,1.0,4.0,8.0,0.67,1.5,5.33,12.0,0.0,0.67,0,0,0,0,3.0,1.0,3.0,1.0,1.0,0
1972,2.0,1.0,1.0,1.0,5.0,11.61,0.67,1.5,7.74,17.41,0.0,0.97,0,0,0,0,3.0,2.0,3.0,2.0,1.0,0
2019,52.0,6.0,5.0,5.0,139.0,729.46,0.06,15.65,46.6,11417.66,0.24,634.31,39,3,1,1,15.0,23.0,91.0,48.0,11.0,0
1272,63.0,12.0,1.0,12.0,151.0,792.44,0.07,14.29,55.45,11325.25,0.26,629.18,57,2,2,0,14.0,24.0,102.0,49.0,23.0,0
2103,4.0,1.0,1.0,1.0,5.0,11.61,0.67,1.5,7.74,17.41,0.0,0.97,0,0,0,0,3.0,2.0,3.0,2.0,1.0,0
1476,1.0,1.0,1.0,1.0,1.0,0.0,0.0,0.0,0.0,0.0,0.0,0.0,0,0,0,0,1.0,0.0,1.0,0.0,1.0,0
1026,2.0,1.0,1.0,1.0,4.0,8.0,0.67,1.5,5.33,12.0,0.0,0.67,0,0,0,0,3.0,1.0,3.0,1.0,1.0,0
1564,1.0,1.0,1.0,1.0,0.0,0.0,0.0,0.0,0.0,0.0,0.0,0.0,0,0,0,0,0.0,0.0,0.0,0.0,1.0,0
1545,18.0,1.0,1.0,1.0,45.0,203.56,0.12,8.25,24.67,1679.37,0.07,93.3,12,0,1,0,11.0,12.0,27.0,18.0,1.0,0
837,6.0,1.0,1.0,1.0,7.0,18.09,1.0,1.0,18.09,18.09,0.01,1.01,3,0,0,0,2.0,4.0,3.0,4.0,1.0,0
1430,85.0,6.0,1.0,6.0,187.0,1060.74,0.06,17.14,61.88,18184.17,0.35,1010.23,56,17,7,3,16.0,35.0,112.0,75.0,11.0,0
1836,9.0,1.0,1.0,1.0,18.0,68.53,0.21,4.67,14.69,319.82,0.02,17.77,6,0,0,0,8.0,6.0,11.0,7.0,1.0,0
1689,4.0,1.0,1.0,1.0,4.0,8.0,0.67,1.5,5.33,12.0,0.0,0.67,0,0,0,0,3.0,1.0,3.0,1.0,1.0,0
452,1.0,1.0,1.0,1.0,4.0,8.0,0.67,1.5,5.33,12.0,0.0,0.67,0,0,0,0,3.0,1.0,3.0,1.0,1.0,0
1633,2.0,1.0,1.0,1.0,4.0,8.0,0.67,1.5,5.33,12.0,0.0,0.67,0,0,0,0,3.0,1.0,3.0,1.0,1.0,0
751,4.0,1.0,1.0,1.0,7.0,19.65,0.5,2.0,9.83,39.3,0.01,2.18,2,0,0,0,4.0,3.0,4.0,3.0,1.0,0
614,22.0,2.0,1.0,2.0,35.0,148.68,0.16,6.3,23.6,936.67,0.05,52.04,15,0,3,0,9.0,10.0,21.0,14.0,3.0,0
950,12.0,3.0,1.0,3.0,38.0,158.46,0.09,11.0,14.41,1743.03,0.05,96.83,9,0,0,1,11.0,7.0,24.0,14.0,5.0,0
1239,1.0,1.0,1.0,1.0,4.0,8.0,0.67,1.5,5.33,12.0,0.0,0.67,0,0,0,0,3.0,1.0,3.0,1.0,1.0,0
1005,2.0,1.0,1.0,1.0,12.0,39.86,0.4,2.5,15.95,99.66,0.01,5.54,0,0,0,0,5.0,5.0,7.0,5.0,1.0,0
2104,19.0,2.0,1.0,2.0,40.0,175.69,0.15,6.82,25.77,1197.9,0.06,66.55,12,1,2,0,10.0,11.0,25.0,15.0,3.0,0
1872,1.0,1.0,1.0,1.0,4.0,8.0,0.67,1.5,5.33,12.0,0.0,0.67,0,0,0,0,3.0,1.0,3.0,1.0,1.0,0
1023,2.0,1.0,1.0,1.0,4.0,8.0,0.67,1.5,5.33,12.0,0.0,0.67,0,0,0,0,3.0,1.0,3.0,1.0,1.0,0
1701,2.0,1.0,1.0,1.0,5.0,11.61,0.67,1.5,7.74,17.41,0.0,0.97,0,0,0,0,3.0,2.0,3.0,2.0,1.0,0
1136,4.0,1.0,1.0,1.0,4.0,8.0,0.67,1.5,5.33,12.0,0.0,0.67,0,0,0,0,3.0,1.0,3.0,1.0,1.0,0
570,7.0,1.0,1.0,1.0,14.0,50.19,0.33,3.0,16.73,150.57,0.02,8.36,3,0,0,0,6.0,6.0,8.0,6.0,1.0,0
821,10.0,2.0,1.0,2.0,17.0,60.94,0.33,3.0,20.31,182.83,0.02,10.16,6,1,0,1,6.0,6.0,11.0,6.0,3.0,0
486,4.0,1.0,1.0,1.0,4.0,8.0,0.67,1.5,5.33,12.0,0.0,0.67,2,0,0,0,3.0,1.0,3.0,1.0,1.0,0
930,2.0,1.0,1.0,1.0,4.0,8.0,0.67,1.5,5.33,12.0,0.0,0.67,0,0,0,0,3.0,1.0,3.0,1.0,1.0,0
2035,2.0,1.0,1.0,1.0,4.0,8.0,0.67,1.5,5.33,12.0,0.0,0.67,0,0,0,0,3.0,1.0,3.0,1.0,1.0,0
1115,3.0,1.0,1.0,1.0,1.0,0.0,0.0,0.0,0.0,0.0,0.0,0.0,1,0,0,0,0.0,1.0,0.0,1.0,1.0,0
626,15.0,1.0,1.0,1.0,21.0,84.0,0.33,3.0,28.0,252.0,0.03,14.0,8,0,1,0,6.0,10.0,11.0,10.0,1.0,0
582,24.0,3.0,3.0,3.0,69.0,312.13,0.15,6.56,47.56,2048.33,0.1,113.8,19,0,3,0,7.0,16.0,39.0,30.0,5.0,0
503,17.0,2.0,1.0,2.0,24.0,91.38,0.17,6.0,15.23,548.26,0.03,30.46,12,0,3,0,8.0,6.0,15.0,9.0,3.0,0
628,12.0,2.0,1.0,2.0,32.0,130.8,0.16,6.22,21.02,813.86,0.04,45.21,6,0,0,0,8.0,9.0,18.0,14.0,3.0,0
1782,9.0,1.0,1.0,1.0,20.0,78.14,0.33,3.0,26.05,234.41,0.03,13.02,4,0,1,0,6.0,9.0,11.0,9.0,1.0,0
493,18.0,2.0,1.0,2.0,29.0,110.41,0.15,6.67,16.56,736.09,0.04,40.89,13,0,3,0,8.0,6.0,19.0,10.0,3.0,0
1810,8.0,1.0,1.0,1.0,21.0,66.57,0.4,2.5,26.63,166.42,0.02,9.25,7,0,0,0,3.0,6.0,11.0,10.0,1.0,0
1835,1.0,1.0,1.0,1.0,4.0,8.0,0.67,1.5,5.33,12.0,0.0,0.67,0,0,0,0,3.0,1.0,3.0,1.0,1.0,0
1221,2.0,1.0,1.0,1.0,4.0,8.0,0.67,1.5,5.33,12.0,0.0,0.67,0,0,0,0,3.0,1.0,3.0,1.0,1.0,0
1261,2.0,1.0,1.0,1.0,4.0,8.0,0.67,1.5,5.33,12.0,0.0,0.67,0,0,0,0,3.0,1.0,3.0,1.0,1.0,0
491,16.0,2.0,1.0,2.0,25.0,92.51,0.16,6.4,14.45,592.07,0.03,32.89,12,0,2,0,8.0,5.0,17.0,8.0,3.0,0
889,5.0,1.0,1.0,1.0,1.0,0.0,0.0,0.0,0.0,0.0,0.0,0.0,0,0,0,0,1.0,0.0,1.0,0.0,1.0,0
355,25.0,3.0,1.0,3.0,58.0,254.75,0.11,9.35,27.25,2381.95,0.08,132.33,21,0,2,0,11.0,10.0,41.0,17.0,5.0,0
458,1.0,1.0,1.0,1.0,4.0,8.0,0.67,1.5,5.33,12.0,0.0,0.67,0,0,0,0,3.0,1.0,3.0,1.0,1.0,0
1666,1.0,1.0,1.0,1.0,4.0,8.0,0.67,1.5,5.33,12.0,0.0,0.67,0,0,0,0,3.0,1.0,3.0,1.0,1.0,0
682,18.0,2.0,1.0,2.0,43.0,197.15,0.11,9.45,20.85,1864.0,0.07,103.56,15,0,1,0,13.0,11.0,27.0,16.0,3.0,0
480,4.0,1.0,1.0,1.0,4.0,8.0,0.67,1.5,5.33,12.0,0.0,0.67,2,0,0,0,3.0,1.0,3.0,1.0,1.0,0
1084,70.0,20.0,5.0,6.0,418.0,2526.56,0.02,41.5,60.88,104852.1,0.84,5825.12,52,0,16,0,22.0,44.0,252.0,166.0,39.0,0
693,4.0,1.0,1.0,1.0,4.0,8.0,0.67,1.5,5.33,12.0,0.0,0.67,2,0,0,0,3.0,1.0,3.0,1.0,1.0,0
1395,70.0,10.0,8.0,10.0,167.0,888.76,0.06,16.42,54.12,14596.21,0.3,810.9,61,0,7,0,14.0,26.0,106.0,61.0,18.0,0
933,1.0,1.0,1.0,1.0,4.0,8.0,0.67,1.5,5.33,12.0,0.0,0.67,0,0,0,0,3.0,1.0,3.0,1.0,1.0,0
1515,2.0,1.0,1.0,1.0,4.0,8.0,0.67,1.5,5.33,12.0,0.0,0.67,0,0,0,0,3.0,1.0,3.0,1.0,1.0,0
1601,2.0,1.0,1.0,1.0,4.0,8.0,0.67,1.5,5.33,12.0,0.0,0.67,0,0,0,0,3.0,1.0,3.0,1.0,1.0,0
1988,1.0,1.0,1.0,1.0,0.0,0.0,0.0,0.0,0.0,0.0,0.0,0.0,0,0,0,0,0.0,0.0,0.0,0.0,1.0,0
1504,5.0,1.0,1.0,1.0,4.0,8.0,1.0,1.0,8.0,8.0,0.0,0.44,2,0,0,0,2.0,2.0,2.0,2.0,1.0,0
1249,136.0,19.0,9.0,18.0,334.0,2004.0,0.04,24.07,83.27,48229.6,0.67,2679.42,116,2,14,2,19.0,45.0,220.0,114.0,37.0,0
758,45.0,6.0,1.0,6.0,89.0,427.85,0.05,20.67,20.7,8842.33,0.14,491.24,37,3,3,0,16.0,12.0,58.0,31.0,11.0,0
2008,16.0,1.0,1.0,1.0,32.0,138.3,0.21,4.67,29.64,645.41,0.05,35.86,12,0,0,0,8.0,12.0,18.0,14.0,1.0,0
699,1.0,1.0,1.0,1.0,4.0,8.0,0.67,1.5,5.33,12.0,0.0,0.67,0,0,0,0,3.0,1.0,3.0,1.0,1.0,0
985,45.0,6.0,5.0,6.0,100.0,504.44,0.08,12.89,39.12,6504.61,0.17,361.37,38,1,2,0,14.0,19.0,65.0,35.0,11.0,0
1723,2.0,1.0,1.0,1.0,5.0,11.61,0.67,1.5,7.74,17.41,0.0,0.97,0,0,0,0,3.0,2.0,3.0,2.0,1.0,0
539,4.0,1.0,1.0,1.0,8.0,24.0,0.4,2.5,9.6,60.0,0.01,3.33,2,0,0,0,5.0,3.0,5.0,3.0,1.0,0
672,8.0,1.0,1.0,1.0,4.0,8.0,2.0,0.5,16.0,4.0,0.0,0.22,5,0,0,0,1.0,3.0,1.0,3.0,1.0,0
752,4.0,1.0,1.0,1.0,9.0,27.0,0.5,2.0,13.5,54.0,0.01,3.0,2,0,0,0,4.0,4.0,5.0,4.0,1.0,0
414,4.0,1.0,1.0,1.0,7.0,18.09,1.0,1.0,18.09,18.09,0.01,1.01,1,0,0,0,2.0,4.0,3.0,4.0,1.0,0
1709,5.0,2.0,1.0,1.0,17.0,68.0,0.22,4.5,15.11,306.0,0.02,17.0,3,0,0,0,9.0,7.0,10.0,7.0,3.0,0
585,63.0,8.0,1.0,7.0,145.0,805.42,0.06,15.52,51.9,12497.82,0.27,694.32,57,0,0,0,18.0,29.0,95.0,50.0,14.0,0
1158,4.0,1.0,1.0,1.0,6.0,15.51,0.5,2.0,7.75,31.02,0.01,1.72,2,0,0,0,4.0,2.0,4.0,2.0,1.0,0
1494,16.0,2.0,1.0,2.0,52.0,231.89,0.13,7.92,29.29,1835.8,0.08,101.99,14,0,0,0,10.0,12.0,33.0,19.0,3.0,0
447,4.0,1.0,1.0,1.0,4.0,8.0,0.67,1.5,5.33,12.0,0.0,0.67,2,0,0,0,3.0,1.0,3.0,1.0,1.0,0
1694,2.0,1.0,1.0,1.0,7.0,18.09,0.5,2.0,9.05,36.19,0.01,2.0,0,0,0,0,4.0,2.0,5.0,2.0,1.0,0
419,14.0,1.0,1.0,1.0,20.0,69.19,0.3,3.33,20.76,230.63,0.02,12.81,9,0,3,0,5.0,6.0,12.0,8.0,1.0,0
1315,91.0,9.0,4.0,8.0,199.0,1117.33,0.06,16.97,65.84,18960.71,0.37,1053.37,70,6,13,0,16.0,33.0,129.0,70.0,17.0,0
1128,19.0,2.0,1.0,2.0,0.0,0.0,0.0,0.0,0.0,0.0,0.0,0.0,0,0,0,0,0.0,0.0,0.0,0.0,3.0,0
1098,27.0,2.0,1.0,2.0,0.0,0.0,0.0,0.0,0.0,0.0,0.0,0.0,0,0,0,0,0.0,0.0,0.0,0.0,3.0,0
1654,2.0,1.0,1.0,1.0,5.0,11.61,0.5,2.0,5.8,23.22,0.0,1.29,0,0,0,0,4.0,1.0,4.0,1.0,1.0,0
459,4.0,1.0,1.0,1.0,4.0,8.0,0.67,1.5,5.33,12.0,0.0,0.67,2,0,0,0,3.0,1.0,3.0,1.0,1.0,0
418,4.0,1.0,1.0,1.0,1.0,0.0,0.0,0.0,0.0,0.0,0.0,0.0,0,0,0,0,1.0,0.0,1.0,0.0,1.0,0
473,1.0,1.0,1.0,1.0,4.0,8.0,0.67,1.5,5.33,12.0,0.0,0.67,0,0,0,0,3.0,1.0,3.0,1.0,1.0,0
432,10.0,1.0,1.0,1.0,8.0,24.0,0.4,2.5,9.6,60.0,0.01,3.33,4,0,1,0,5.0,3.0,5.0,3.0,1.0,0
1987,26.0,3.0,1.0,3.0,88.0,423.05,0.06,17.5,24.17,7403.33,0.14,411.3,21,0,1,0,14.0,14.0,53.0,35.0,5.0,0
1283,15.0,1.0,1.0,1.0,28.0,112.0,0.2,5.0,22.4,560.0,0.04,31.11,7,1,2,0,8.0,8.0,18.0,10.0,1.0,0
1414,4.0,1.0,1.0,1.0,5.0,11.61,0.67,1.5,7.74,17.41,0.0,0.97,0,0,0,0,3.0,2.0,3.0,2.0,1.0,0
1691,3.0,1.0,1.0,1.0,14.0,44.38,0.25,4.0,11.09,177.52,0.01,9.86,0,0,0,0,8.0,1.0,13.0,1.0,1.0,0
1867,19.0,2.0,1.0,2.0,47.0,218.26,0.15,6.68,32.68,1457.67,0.07,80.98,16,0,0,0,11.0,14.0,30.0,17.0,3.0,0
232,35.0,5.0,3.0,4.0,83.0,415.0,0.09,10.61,39.13,4401.18,0.14,244.51,25,3,5,0,13.0,19.0,52.0,31.0,9.0,1
174,38.0,5.0,3.0,4.0,93.0,460.74,0.08,13.0,35.44,5989.62,0.15,332.76,34,0,2,0,13.0,18.0,57.0,36.0,9.0,1
115,16.0,4.0,1.0,4.0,86.0,430.0,0.11,8.9,48.29,3829.05,0.14,212.72,11,0,3,0,11.0,21.0,52.0,34.0,7.0,1
145,70.0,13.0,4.0,12.0,291.0,1795.45,0.03,33.41,53.74,59984.29,0.6,3332.46,56,2,4,1,28.0,44.0,186.0,105.0,31.0,1
158,165.0,13.0,11.0,12.0,365.0,2206.2,0.02,43.27,50.99,95460.74,0.74,5303.37,112,22,23,0,27.0,39.0,240.0,125.0,25.0,1
233,12.0,3.0,1.0,3.0,15.0,49.83,0.4,2.5,19.93,124.57,0.02,6.92,9,0,1,0,5.0,5.0,10.0,5.0,5.0,1
318,81.0,4.0,1.0,4.0,162.0,899.84,0.06,15.47,58.17,13919.45,0.3,773.3,46,16,17,0,15.0,32.0,96.0,66.0,7.0,1
76,41.0,6.0,3.0,6.0,109.0,572.02,0.05,18.45,31.0,10553.84,0.19,586.32,35,0,2,0,18.0,20.0,68.0,41.0,11.0,1
296,50.0,8.0,3.0,4.0,240.0,1480.78,0.03,34.78,42.58,51502.32,0.49,2861.24,40,0,8,0,31.0,41.0,148.0,92.0,15.0,1
276,11.0,1.0,1.0,1.0,24.0,91.38,0.22,4.5,20.31,411.19,0.03,22.84,6,0,0,0,7.0,7.0,15.0,9.0,1.0,1
45,66.0,12.0,5.0,12.0,177.0,922.07,0.05,20.45,45.08,18860.59,0.31,1047.81,55,4,5,0,15.0,22.0,117.0,60.0,23.0,1
17,93.0,7.0,3.0,6.0,257.0,1499.05,0.03,29.86,50.21,44757.43,0.5,2486.52,71,4,15,0,22.0,35.0,162.0,95.0,12.0,1
162,23.0,1.0,1.0,1.0,69.0,331.71,0.18,5.6,59.23,1857.56,0.11,103.2,13,0,0,0,8.0,20.0,41.0,28.0,1.0,1
223,55.0,5.0,1.0,5.0,118.0,605.26,0.1,10.08,60.03,6102.99,0.2,339.06,48,0,0,0,11.0,24.0,74.0,44.0,8.0,1
93,38.0,8.0,8.0,5.0,191.0,1123.58,0.04,28.27,39.75,31758.83,0.37,1764.38,26,1,8,0,27.0,32.0,124.0,67.0,15.0,1
163,12.0,1.0,1.0,1.0,24.0,98.1,0.26,3.85,25.48,377.68,0.03,20.98,6,0,0,0,7.0,10.0,13.0,11.0,1.0,1
155,8.0,2.0,1.0,1.0,17.0,62.91,0.15,6.75,9.32,424.63,0.02,23.59,6,0,0,0,9.0,4.0,11.0,6.0,3.0,1
187,9.0,1.0,1.0,1.0,6.0,15.51,0.5,2.0,7.75,31.02,0.01,1.72,5,0,2,0,4.0,2.0,4.0,2.0,1.0,1
184,42.0,5.0,3.0,4.0,113.0,570.02,0.06,15.47,36.84,8820.26,0.19,490.01,38,0,2,0,14.0,19.0,71.0,42.0,9.0,1
57,11.0,1.0,1.0,1.0,26.0,98.99,0.17,6.0,16.5,593.95,0.03,33.0,8,0,1,0,8.0,6.0,17.0,9.0,1.0,1
148,27.0,1.0,1.0,1.0,37.0,154.29,0.22,4.5,34.29,694.29,0.05,38.57,9,5,4,0,6.0,12.0,19.0,18.0,1.0,1
256,55.0,5.0,1.0,3.0,142.0,765.71,0.07,14.25,53.73,10911.35,0.26,606.19,43,3,6,0,14.0,28.0,85.0,57.0,9.0,1
100,15.0,3.0,1.0,1.0,43.0,204.46,0.1,9.69,21.1,1981.69,0.07,110.09,10,0,3,0,14.0,13.0,25.0,18.0,5.0,1
160,3.0,1.0,1.0,1.0,1.0,0.0,0.0,0.0,0.0,0.0,0.0,0.0,1,0,0,0,1.0,0.0,1.0,0.0,1.0,1
179,50.0,5.0,4.0,4.0,122.0,625.77,0.06,16.5,37.93,10325.25,0.21,573.62,43,2,3,0,15.0,20.0,78.0,44.0,9.0,1
58,26.0,2.0,1.0,2.0,68.0,319.63,0.14,7.15,44.72,2284.41,0.11,126.91,21,0,3,0,9.0,17.0,41.0,27.0,3.0,1
175,6.0,1.0,1.0,1.0,7.0,19.65,0.5,2.0,9.83,39.3,0.01,2.18,3,0,1,0,4.0,3.0,4.0,3.0,1.0,1
208,20.0,5.0,1.0,5.0,54.0,237.19,0.17,6.0,39.53,1423.11,0.08,79.06,18,0,0,0,9.0,12.0,38.0,16.0,9.0,1
146,4.0,1.0,1.0,1.0,7.0,19.65,0.4,2.5,7.86,49.13,0.01,2.73,0,0,0,0,5.0,2.0,5.0,2.0,1.0,1
89,52.0,6.0,1.0,5.0,133.0,670.9,0.06,16.25,41.29,10902.2,0.22,605.68,43,3,2,0,13.0,20.0,83.0,50.0,11.0,1
82,45.0,1.0,1.0,1.0,0.0,0.0,0.0,0.0,0.0,0.0,0.0,0.0,0,0,0,0,0.0,0.0,0.0,0.0,1.0,1
49,12.0,1.0,1.0,1.0,36.0,140.65,0.19,5.25,26.79,738.4,0.05,41.02,9,0,0,0,7.0,8.0,24.0,12.0,1.0,1
278,38.0,2.0,1.0,2.0,90.0,445.88,0.08,13.0,34.3,5796.41,0.15,322.02,27,4,5,0,13.0,18.0,54.0,36.0,3.0,1
