,v1,v2,v3,v4,v5,y
592,-0.373034,1.054305,0.994506,-1.239298,-0.136583,0
1715,-0.271399,1.246419,1.436937,-1.238041,-0.680045,0
201,-0.387248,-0.1668,-0.248872,-1.237488,1.885495,1
4555,1.051942,-0.871434,1.663999,-1.23635,-0.515592,0
3336,-0.341984,-0.334283,1.139184,-1.236241,0.49275,0
3030,-0.658482,-0.454253,1.72704,-1.23515,-0.704899,1
4508,0.891496,0.000498,1.354003,-1.234416,-0.602752,1
4567,-0.546084,-0.085148,1.484115,-1.23363,-0.609038,0
5199,-0.511846,-0.408298,1.90567,-1.23319,0.762737,0
1771,-1.563204,-2.361983,-1.746185,-1.232939,2.128311,1
1829,-0.749308,-0.924316,1.257313,-1.232612,-0.136583,1
1624,-0.687525,-0.094713,1.296527,-1.230449,-0.136583,0
3242,-1.048579,-1.7885,-1.453723,-1.2304,1.852991,1
2230,-0.253056,-0.213565,0.683364,-1.229466,2.440878,1
3297,0.961763,-0.808892,1.630523,-1.229377,-0.520054,0
3227,0.961926,-0.808486,1.631528,-1.229262,-0.520519,0
2516,-0.5686,0.46015,1.500302,-1.229141,-0.619489,0
3110,-0.404761,0.023493,1.41672,-1.227328,-0.793115,0
2848,-0.717338,-0.056408,1.172196,-1.225999,-0.542082,0
3138,-0.574258,0.454733,1.529035,-1.225839,-0.630309,0
3549,-0.579437,0.310042,1.373562,-1.225589,-0.828196,0
2135,-1.17574,-2.493172,-1.82825,-1.224791,-0.652419,0
2788,0.282574,0.403467,0.976709,-1.223495,-0.489407,1
4798,-0.67031,-0.167399,1.089132,-1.222718,-0.136583,0
5139,-0.539401,-0.207279,1.610392,-1.222383,-1.255475,1
3546,-0.64589,-0.796686,0.081535,-1.222262,3.281067,0
281,-0.52404,0.063819,0.692052,-1.221839,-0.681202,1
671,-0.876945,-1.145098,-0.444762,-1.221828,3.574489,0
2586,-0.609933,0.02139,1.63759,-1.221638,-0.136583,0
5344,-0.444728,0.200614,1.850356,-1.219917,0.536946,1
4505,-0.351143,-0.062835,1.549588,-1.219647,-0.541349,0
4198,-0.409093,0.43672,1.202095,-1.217797,-0.136583,0
3034,-0.122243,0.048685,1.101785,-1.217271,-0.493913,0
3898,-0.121967,0.048955,1.101785,-1.216973,-0.493913,0
1037,-0.508272,1.404845,0.160571,-1.216536,-0.136583,0
3983,-0.643363,-0.782447,0.075869,-1.214936,3.260671,0
4746,-0.53478,1.528903,-1.551961,-1.214274,2.241094,0
3219,-0.335737,0.892612,1.678663,-1.213174,-0.641276,0
4158,-0.573723,0.469538,1.573058,-1.211852,-0.136583,0
3988,-0.34627,-0.110082,1.437337,-1.209679,-0.553333,0
3416,-0.73614,-0.152876,0.817053,-1.209554,-0.500756,0
5350,-0.353682,0.994156,0.893688,-1.208842,-0.136583,0
4507,0.522731,-0.181805,1.593794,-1.208788,-0.498632,0
4518,-0.469433,-0.254303,1.680305,-1.208502,0.4493,0
1687,-0.708107,-0.225914,1.054834,-1.208488,-0.136583,0
721,-0.788481,-0.243869,1.292043,-1.208478,-0.136583,0
5196,0.661203,-0.525478,1.834147,-1.208116,-0.559566,1
2405,-0.293666,-2.453179,0.407331,-1.208062,-0.136583,0
846,-0.843719,-0.3908,0.901014,-1.20735,-0.666365,0
1333,-0.237595,-0.322266,1.118286,-1.206864,0.560324,1
1476,-0.601251,0.087566,1.220887,-1.206219,-0.136583,1
4113,-0.831857,-0.64812,0.748026,-1.205991,-0.136583,1
2699,-0.580199,0.433736,1.486925,-1.204895,-0.615144,0
3057,-0.707097,-0.034106,1.22173,-1.204469,-0.136583,0
4839,-0.688197,-0.486743,1.223156,-1.204273,-0.648069,0
2096,0.078529,0.347572,1.670904,-1.203851,-0.532336,1
386,-0.665968,-0.104548,1.389424,-1.203707,0.858844,0
347,-0.742438,-0.14941,1.376155,-1.203511,-0.136583,0
2379,-0.296639,-0.999795,1.227781,-1.203117,0.613486,1
3690,-0.691326,-0.345929,0.22345,-1.202488,1.40483,1
3653,-0.798261,-0.906595,0.233015,-1.201625,0.980102,1
3392,-0.709007,-0.074879,1.228807,-1.200352,-0.136583,0
1445,-0.674095,-0.276604,0.628233,-1.199776,-1.063432,0
4499,-0.488272,-0.368529,1.552873,-1.199643,-0.668857,0
645,-0.240259,-0.229463,1.201523,-1.198019,-0.662003,1
5243,-0.020629,-0.783026,1.385459,-1.197633,0.500165,1
145,-0.476777,-0.293207,1.360551,-1.197573,-0.608079,0
3401,-0.686948,-0.165801,1.149547,-1.197528,-0.136583,0
4111,-0.771953,-0.264079,1.276591,-1.197072,-0.136583,0
3413,-0.461587,-0.009008,1.162201,-1.196523,-1.047031,1
805,-0.493033,-0.684638,2.462514,-1.19636,0.756731,1
3701,-0.671116,-0.029065,0.725647,-1.196015,-0.613476,0
3608,-0.681392,-0.177105,1.209832,-1.193425,-0.136583,0
3026,-0.699203,-0.40703,0.190209,-1.192703,1.396757,1
5167,-0.593607,0.241539,1.219687,-1.192629,-0.136583,0
2289,-0.685502,-0.05226,1.244497,-1.191524,-1.066684,0
3912,-0.472508,0.397369,1.959321,-1.19059,-0.664376,0
3857,0.251889,0.328337,0.341913,-1.190326,-0.487456,1
770,-0.712686,-0.137859,1.265061,-1.18889,-0.533839,0
5323,-0.6553,-0.030146,1.378165,-1.187749,-0.643225,1
99,-0.463885,-0.239756,1.664345,-1.187615,0.461837,0
3045,-0.432689,0.460784,1.56169,-1.186899,-0.63805,0
674,0.656556,-0.550813,1.937774,-1.186784,-0.582251,1
3709,-0.236632,-0.593968,1.545449,-1.186765,-0.537299,1
4843,0.920469,1.064939,-1.358038,-1.186723,-0.136583,0
5031,-0.717154,-0.063693,1.344418,-1.186485,-0.136583,0
1299,-0.236732,-0.594257,1.544963,-1.186315,-0.536999,1
2763,-0.496213,0.778977,1.146835,-1.186049,-0.624576,0
2534,-0.40623,0.393186,1.053743,-1.185447,-0.530436,0
2956,-0.903355,-1.155243,-0.369144,-1.185098,-0.136583,0
1309,-1.099968,-0.068933,0.80333,-1.184898,-0.136583,0
656,0.044289,0.08437,1.433815,-1.184298,-0.594276,1
745,-0.422521,0.298892,1.557627,-1.184243,-0.136583,0
69,-0.761969,-0.26818,1.277293,-1.183757,-0.532343,0
5086,-0.876416,-1.149733,-0.375256,-1.18332,-0.136583,0
2201,-0.447161,0.997693,1.365987,-1.183189,-0.592148,0
4681,-1.124808,0.158184,0.87306,-1.182292,-0.136583,0
2186,-0.704111,0.204115,1.08683,-1.1813,-0.136583,0
1696,-0.493944,-0.722063,2.420436,-1.181153,0.76744,1
1702,-0.420838,-0.151959,-0.314899,-1.180491,2.070322,1
1928,-0.706777,-0.248827,1.296117,-1.179596,-0.136583,0
3468,-0.018841,-1.014112,1.372124,-1.178975,0.732606,1
2072,-0.661237,0.180733,1.360789,-1.17873,-1.014199,0
5130,-0.585763,-0.295087,1.165799,-1.17867,-0.666669,0
1845,-0.22387,-0.456035,1.326135,-1.178382,-0.803119,1
238,-0.523255,-0.13605,1.54587,-1.178357,-1.139839,1
573,-0.569922,0.331287,1.318711,-1.177513,-0.136583,0
3299,-0.863295,-1.08249,-0.323515,-1.175908,-1.918989,0
1277,-1.086202,-1.720845,-1.236331,-1.174965,-0.136583,0
4239,-0.165096,-0.95853,0.885227,-1.173864,0.632486,1
1144,-0.630986,0.086626,1.58086,-1.173697,0.820652,0
5054,-0.479948,-0.255372,1.290941,-1.172431,-0.583219,0
1635,-0.503756,0.373234,1.176291,-1.172415,-0.596022,0
5260,-0.773784,-0.868509,-0.303205,-1.17161,-0.136583,0
5208,-0.881366,-1.113931,-0.374906,-1.170411,-0.136583,0
5169,-0.474025,-0.186234,1.311785,-1.169833,-0.55451,0
3114,-0.555681,1.488694,-0.029846,-1.169398,-0.136583,0
703,0.008719,0.023305,1.309472,-1.169153,0.466905,1
3328,-0.012536,0.716431,1.354986,-1.168905,-0.136583,0
1927,-0.655099,1.001277,0.441369,-1.168501,-0.559776,0
4848,-0.439283,-0.332308,1.456961,-1.168049,-0.80919,0
4020,-0.291515,-0.411501,1.355732,-1.16754,-0.529065,1
2949,-0.291515,-0.411662,1.355732,-1.167369,-0.528827,1
1878,-0.629165,-0.431234,1.84733,-1.166758,-0.66984,0
377,-0.629208,-0.431371,1.846984,-1.166508,-0.66932,0
834,-1.120972,-0.052131,0.981171,-1.16571,-0.509113,0
4808,-1.449351,-2.349322,0.30433,-1.165552,-0.691721,1
1883,-0.684126,-0.010065,1.265536,-1.165376,-1.000094,0
1472,-1.449248,-2.348895,0.304092,-1.165151,-0.691604,1
149,-0.66798,-0.830487,-0.19867,-1.163424,-0.136583,0
1334,0.038216,0.465684,1.6569,-1.163126,-0.51627,1
4306,-0.643542,-0.510242,1.858244,-1.161969,-0.691538,0
613,-0.643542,-0.510242,1.858244,-1.161815,-0.691116,0
1348,-0.436217,0.349652,1.559659,-1.160449,-0.752611,1
4477,-0.626703,-0.460108,1.252018,-1.159793,-0.136583,0
3936,-0.395479,1.12826,1.417336,-1.158163,-0.565818,0
1111,-0.670851,0.007489,1.647456,-1.157877,-0.136583,0
4586,-0.652421,0.152544,0.681689,-1.157448,-0.136583,0
1485,-0.721021,0.127575,0.894412,-1.157444,-0.477658,0
3903,-0.729027,-0.131444,0.997747,-1.157316,-0.46332,0
4454,-0.699393,0.2402,0.828194,-1.157139,-0.136583,0
4694,-0.636171,0.0555,1.681818,-1.156761,0.764497,0
3293,0.559855,0.142474,1.130064,-1.155793,-0.465747,1
4259,-0.8844,-1.141479,-0.35172,-1.155335,-0.136583,0
4779,-0.490619,0.599941,0.78791,-1.155017,-0.626951,0
1019,0.443987,0.22328,1.125655,-1.153455,-0.467995,1
3580,-0.295283,0.817035,0.268185,-1.153249,3.130377,0
4393,0.062872,0.511298,0.838125,-1.153184,-0.496887,1
3184,-0.585373,-0.750885,0.508927,-1.15053,-0.136583,1
4450,-0.639784,-0.146554,1.295868,-1.150412,-0.545663,0
2393,-1.246343,-0.145802,0.379506,-1.149822,-0.612095,0
61,-0.41349,0.626813,1.524918,-1.149799,-0.705259,0
2152,-0.740921,-0.14478,1.022169,-1.149285,-0.136583,0
5117,-0.661723,-0.21004,1.419843,-1.149071,-0.591085,0
2346,-0.295586,-0.107897,0.850746,-1.148859,2.439037,1
5024,-0.824191,-1.088501,-0.336933,-1.146073,-1.688736,0
327,-0.695242,0.308198,0.600711,-1.145821,-0.136583,0
1397,-0.7451,-0.192779,1.155447,-1.145683,-0.136583,0
1315,-0.308692,1.569194,0.123245,-1.145227,1.956514,0
5291,-0.301496,1.093726,0.636727,-1.143397,-0.525323,0
4855,-0.645935,-0.112538,1.154582,-1.142917,-0.541412,0
5269,0.634873,-0.529634,0.638315,-1.142202,-0.79663,1
2822,-0.304787,0.917863,0.194806,-1.141966,2.908061,0
5216,-0.606022,-0.431616,1.195072,-1.141108,-0.136583,0
2334,-0.795843,-0.940717,-0.34089,-1.141058,1.869304,1
2925,-1.137285,1.094232,0.258892,-1.140521,-0.136583,0
2355,-0.203826,-0.200663,1.17319,-1.140365,0.620656,0
3510,-0.326892,-0.181993,0.881985,-1.139347,-0.601416,1
1692,-0.327218,-0.182498,0.881661,-1.139343,-0.60129,1
2060,0.570546,-0.138,0.927467,-1.138178,-0.503437,0
3000,-0.426596,-0.303089,1.601855,-1.137807,-0.501882,0
2169,-0.195232,-0.154074,1.208579,-1.135328,0.587066,0
2075,0.098839,-0.145144,0.898432,-1.134832,1.355959,1
1366,0.474415,0.021049,1.751299,-1.134488,-0.470054,0
1160,-0.69595,0.073501,1.038885,-1.13244,-0.535164,0
3093,-0.547027,0.560954,0.669144,-1.130692,0.392342,0
3488,0.800315,-0.52096,1.936931,-1.130547,-0.60134,1
815,-0.524252,0.544856,0.682565,-1.130276,-0.626785,0
1184,-0.418434,-0.056161,-0.298953,-1.12947,-0.136583,1
3979,-0.715179,-0.112362,0.948949,-1.12748,-0.484652,0
2686,-0.767811,-0.814412,0.406499,-1.126824,-1.064902,1
5124,-0.73939,-0.015083,1.065845,-1.126478,-0.50212,0
4923,-0.313201,1.34002,0.864091,-1.126417,-0.136583,0
387,-0.800229,-0.943745,-0.34875,-1.125293,1.736473,1
1011,-0.551584,1.526729,-1.558227,-1.124843,2.227092,0
4990,0.264384,-0.149703,1.804842,-1.124412,-0.51503,1
3333,-0.304271,-0.997824,1.272819,-1.124406,0.627528,1
555,-0.787265,-1.263343,0.112819,-1.123893,-1.556373,1
2838,-0.652509,-0.004461,1.339491,-1.123625,-0.597197,1
218,-0.2938,-0.464562,1.312541,-1.12341,0.58675,1
2705,-0.356332,1.149657,1.36536,-1.122894,-0.56919,0
3004,-0.29731,-0.10718,1.067207,-1.12134,-0.534925,1
3025,-0.297562,-0.107368,1.066948,-1.12108,-0.534869,1
2642,-0.663103,-0.284888,1.344321,-1.119831,-0.591382,0
2665,-0.796499,-0.91178,-0.333842,-1.119531,1.787549,1
3554,-1.14651,-2.395539,-2.025827,-1.119516,-0.136583,0
2026,-0.723483,0.114603,0.731969,-1.117186,-0.451429,0
5033,-0.021729,0.79095,1.311623,-1.117176,0.415946,0
3107,-0.019587,0.729579,1.345564,-1.116255,-0.136583,0
2661,-0.607307,-0.04313,0.91557,-1.11579,-0.589822,0
2580,-0.269544,1.43657,1.045801,-1.11523,-0.509865,0
271,-0.301688,0.097107,1.246842,-1.114302,-0.495249,0
3194,-0.687007,1.311408,0.388939,-1.113334,-0.523664,0
3397,-0.601064,0.366325,0.561951,-1.113238,-0.136583,0
3639,0.472214,0.018405,1.671271,-1.112813,-0.463477,0
3975,-0.676269,0.41866,0.491475,-1.112137,-0.136583,0
3161,-0.257727,1.010136,0.259853,-1.111742,2.564067,0
2273,-0.29231,1.453032,0.801115,-1.11011,-0.136583,0
3245,0.19433,1.119224,1.248052,-1.109791,-0.136583,0
3902,-0.642336,-0.160043,1.067834,-1.109541,-0.570432,0
615,-0.298261,1.389006,0.824185,-1.108954,-0.136583,0
3764,0.325149,0.005974,1.764158,-1.108892,-0.518721,1
4734,-0.392377,1.01889,1.273241,-1.108556,-0.563734,0
993,-0.337376,1.43093,0.119626,-1.107762,2.438828,0
5317,-0.757811,-0.176658,1.016982,-1.107165,-0.486269,0
2422,-0.32048,-0.659467,1.419454,-1.10664,1.053407,1
198,-0.68389,0.0459,0.775354,-1.10606,-0.586297,0
4414,-0.140071,1.130152,1.041197,-1.105878,-0.502134,0
3404,-0.452577,1.506671,0.344128,-1.105366,-0.136583,0
4110,-0.478808,-0.364271,1.237646,-1.104247,-0.561314,0
5005,-0.387644,0.382552,1.009623,-1.103293,-0.540772,0
2145,1.05108,-0.871187,1.662919,-1.103231,-0.467884,0
2004,-0.426527,0.212904,1.40438,-1.101169,0.515383,0
2841,-0.633856,-0.147612,0.659678,-1.101081,-0.136583,0
1691,-0.583646,-0.346886,0.090151,-1.10007,-0.136583,1
3049,-0.746081,-0.125475,1.168554,-1.099714,-0.48492,0
2664,-0.732925,-0.251107,0.887031,-1.09868,-0.136583,0
242,0.544915,0.916793,-1.285285,-1.097911,1.985561,0
4618,-0.533164,1.711992,0.162444,-1.096798,-0.466958,0
2771,-0.336375,0.753878,1.463314,-1.096028,-0.654399,0
1223,-0.684355,0.050471,0.636229,-1.095135,-0.551764,0
2558,-0.118127,-0.088826,1.108247,-1.094875,-0.821763,1
2957,0.277276,0.794158,0.605768,-1.094702,-0.455252,1
3032,-0.118223,-0.089578,1.107513,-1.094408,-0.821832,1
2233,-0.258194,0.428977,0.793983,-1.094237,-0.479574,0
3079,-0.747047,-0.020476,0.60821,-1.093145,-0.499759,0
4760,-0.75511,-0.160173,0.880969,-1.090817,-0.491231,0
176,-1.042792,-1.683042,-0.360132,-1.090096,-0.136583,0
1089,0.442135,-0.041967,1.641566,-1.089723,-0.456237,0
2446,-0.889194,-1.174634,-0.480769,-1.089607,-0.136583,0
882,-0.640853,0.308997,0.409568,-1.089428,0.450351,0
3868,0.756984,0.070129,0.989427,-1.089396,-0.426452,1
3112,-0.839665,-1.031758,-0.524355,-1.089312,-0.136583,0
5081,-0.843678,-1.03026,-0.537091,-1.089098,1.651087,0
5044,-0.733322,0.065335,0.423042,-1.08903,-0.136583,0
3578,0.414536,-0.059451,1.674481,-1.088854,-0.630005,1
1596,-0.451212,1.607793,1.228451,-1.088791,-0.474056,1
4472,0.498067,-0.02997,1.561053,-1.087953,-0.454999,0
1834,-0.246259,1.488576,0.921945,-1.087345,-0.493408,0
4382,-0.628467,0.296377,0.456962,-1.085547,0.431109,0
491,-0.51098,1.489176,0.297749,-1.085332,-0.136583,0
1999,-0.593059,-2.433803,0.608026,-1.083771,0.754461,1
270,0.381127,0.19629,0.972656,-1.083694,1.332497,1
1368,-0.538817,-0.483936,-2.795869,-1.082716,-0.647474,0
3677,-0.193949,-0.096381,1.029797,-1.082307,1.046365,1
2540,-0.323444,-0.477511,1.395595,-1.081564,0.520049,1
4870,0.441728,1.174461,-0.099101,-1.081045,1.229704,0
1572,-0.528466,0.408708,0.63624,-1.080915,-0.136583,0
3136,-0.728916,0.979421,0.308166,-1.080273,-0.136583,0
2613,-0.845862,-1.015262,-0.543261,-1.079918,1.621363,0
569,-0.46276,0.724574,0.871244,-1.079751,0.335708,0
923,-0.690866,0.015162,0.928083,-1.079387,-0.136583,0
3465,0.225991,0.655612,1.310186,-1.078824,-0.439678,1
2402,0.112913,1.571438,-1.273915,-1.077493,1.564004,0
4645,-0.663235,0.1926,0.813487,-1.076866,-0.541399,0
1575,-0.768357,-0.159844,0.661331,-1.076739,-0.445779,0
2089,-0.604328,0.160699,0.968421,-1.076502,-0.509057,0
5377,-0.524636,0.283687,1.308997,-1.076458,-0.625653,0
3175,-0.091454,1.343051,1.033601,-1.076008,-0.431949,1
1626,-0.746673,-0.183027,0.855554,-1.07593,-0.136583,0
830,-0.610199,-0.343796,0.85938,-1.075465,0.558229,1
3051,0.393529,1.167952,0.623878,-1.074563,-0.411116,1
3994,0.455597,-0.107638,1.642063,-1.074057,-0.457872,0
4647,-0.778813,-0.141525,0.908243,-1.073573,-0.136583,0
3906,-0.659488,0.068331,0.801039,-1.070319,-0.507738,0
1980,-0.875496,-1.143025,-0.363334,-1.07007,-0.136583,0
1004,0.209406,0.662146,-1.288704,-1.068463,0.640368,1
2995,-0.025939,-0.011569,0.747248,-1.066893,-0.437239,1
1640,-0.59148,0.171697,0.815054,-1.066135,-0.579053,0
148,-0.772159,-0.145003,0.838762,-1.06364,-0.50836,0
2910,-0.197875,0.59121,0.790882,-1.063492,-0.973119,0
4463,-0.523934,0.621314,0.39914,-1.063343,-0.136583,0
1383,-0.498658,0.591339,0.966897,-1.063328,-0.136583,0
5349,0.117188,0.791138,1.456874,-1.062648,-0.465761,1
353,-0.896988,-1.116595,-0.462389,-1.062046,-1.107242,0
2866,-0.703586,-0.761281,0.694483,-1.060452,0.691979,1
2479,1.428533,-0.854092,1.420253,-1.059257,-0.416454,0
426,-0.513828,0.562458,0.338919,-1.058967,-0.136583,0
787,1.42823,-0.854821,1.419962,-1.058811,-0.416387,0
2365,-0.285906,-0.617273,1.373486,-1.058811,0.978662,1
4000,-0.456745,-2.707322,-2.003341,-1.058362,-0.63265,0
1774,-0.567177,0.172378,1.107415,-1.058162,-0.579821,0
4108,-0.838738,-0.851349,0.09655,-1.057902,-0.136583,1
3148,-0.559389,0.338995,0.575987,-1.057278,-0.136583,0
2983,-0.654628,-0.197785,1.245362,-1.057101,-0.541441,0
3039,-0.379201,-0.226584,1.277952,-1.056934,-0.592867,0
487,-0.395177,-0.254303,1.241504,-1.055478,-0.519811,0
4053,0.585626,0.029885,1.379721,-1.054761,-0.447789,1
2633,0.141011,1.022438,1.168554,-1.054469,0.804758,0
1440,-0.52079,0.669959,0.430271,-1.053173,-0.136583,0
346,-0.125956,1.707093,0.70249,-1.053162,-0.48374,0
782,-0.32313,1.395445,0.884643,-1.052852,-0.505728,0
3399,-0.080704,0.126917,0.799029,-1.052695,-0.418463,1
1038,-0.813247,-1.277001,-0.648425,-1.051572,1.608611,1
4593,-0.123155,1.679104,0.759772,-1.050783,-0.481977,0
94,1.086563,0.247626,0.53646,-1.048645,0.988874,1
2146,-0.119884,1.81537,0.733136,-1.048368,-0.486426,0
4762,-0.306231,-0.032637,0.793929,-1.048319,2.042734,1
2494,-0.600712,0.174294,0.819528,-1.045922,-0.512231,0
5006,-0.159854,0.847938,0.510018,-1.044818,-1.034373,0
467,-0.726636,-0.064104,0.79086,-1.043337,-0.136583,0
542,-0.598794,1.835686,-1.283886,-1.043167,1.997287,0
881,-0.178311,0.703682,0.61532,-1.042898,-1.009187,0
305,0.244995,0.745536,-0.115589,-1.042665,1.869703,0
1469,-0.410939,-0.283478,1.094578,-1.042141,-0.486879,0
3674,-0.495783,0.575406,0.848055,-1.041844,-0.57563,0
2444,-0.042503,1.51304,0.832905,-1.040768,-0.136583,0
5015,-0.174786,0.842286,1.021088,-1.040297,-0.136583,0
1313,-0.299376,-0.283431,0.953336,-1.039996,1.45772,1
3858,-0.522224,1.425749,1.5224,-1.038929,-0.466256,1
1450,-0.141622,0.289303,0.258935,-1.038801,2.674244,0
1361,0.668947,0.422937,0.993717,-1.038463,-0.411293,1
771,-0.887947,-1.191153,-0.432605,-1.03815,-0.136583,0
5226,-0.081693,1.45765,0.835672,-1.037863,-0.516253,0
3433,-0.886615,-1.191509,-0.428445,-1.036845,-0.136583,0
302,-0.074169,0.021883,-1.147021,-1.03549,3.168805,0
3279,-0.088405,0.034291,1.285916,-1.035471,0.458961,0
110,-0.184728,-0.438948,0.851221,-1.034197,0.462539,1
3734,-0.135832,1.209147,1.055602,-1.032527,0.286184,0
1699,-0.3514,0.954734,0.634144,-1.031562,-0.136583,0
4955,0.134445,1.006118,1.093562,-1.029357,0.81301,0
597,-0.046279,0.998692,1.10882,-1.026642,-0.413134,1
3126,-0.422434,0.019228,0.853231,-1.02541,-0.769345,0
5353,-0.209649,1.19379,1.055072,-1.025364,-0.566112,0
2667,0.637051,0.315612,1.164481,-1.025249,-0.397536,1
1836,-0.338275,-0.363608,0.902095,-1.025047,1.723635,1
1659,-0.182912,1.133301,1.145603,-1.024539,-0.551449,0
2255,0.591286,0.204691,1.434409,-1.021812,-0.429084,1
915,-0.527135,0.276743,0.522174,-1.019459,-0.451936,0
601,-0.480678,1.545094,1.344191,-1.019137,-0.443976,1
3261,-0.098123,1.413058,0.836223,-1.018036,-0.497291,0
5207,-0.269063,1.545035,0.773063,-1.017963,-0.463345,0
4979,-0.561326,0.647199,0.779028,-1.015572,-0.586966,0
856,-0.506715,2.218515,1.009926,-1.015276,-0.435184,1
461,0.479656,0.346573,1.44515,-1.014331,-0.517642,1
4354,0.246113,0.16843,0.689459,-1.014188,1.801377,1
3511,0.022769,0.051235,0.76417,-1.013372,-0.379871,1
2253,-0.700357,0.203798,0.644409,-1.013092,0.448257,0
3932,-0.873455,-1.673834,-0.364282,-1.012337,-0.136583,1
2526,0.345423,1.11302,0.795831,-1.011816,-0.392595,1
1938,-0.674976,-0.863627,-0.208881,-1.01147,-1.953873,0
5267,-0.77065,-0.878704,0.428877,-1.0109,0.456843,1
3470,-0.7135,0.081891,0.686855,-1.010689,-0.136583,0
4351,-0.733424,-0.105805,0.707915,-1.010512,-0.136583,0
1760,-0.577926,0.588766,0.680155,-1.010511,-0.554554,0
3270,-2.169755,0.367959,-1.823196,-1.010187,-0.136583,0
3849,-0.479199,1.591343,1.356305,-1.009993,-0.459917,1
5035,-0.127584,0.587826,0.023219,-1.009064,2.673497,0
906,-0.684223,-0.439152,0.659094,-1.008496,-0.481395,1
136,0.52591,0.569379,-1.166201,-1.008378,2.45839,0
5068,-0.635014,-0.586605,0.185774,-1.00744,-0.136583,1
3215,-1.188258,-0.20339,0.062917,-1.005995,0.212825,0
1338,-0.233437,-0.2849,1.527058,-1.004575,0.789206,0
3081,0.303291,0.967213,1.09836,-1.004061,-0.435342,1
521,-0.586162,0.147797,0.6243,-1.003957,-0.490388,0
4599,-0.832118,-0.896854,0.389836,-1.003859,-0.780781,0
3216,-0.717631,-0.669305,0.030494,-1.003501,2.452118,1
2952,-0.471121,1.403259,1.511984,-1.002867,-0.505091,1
686,-0.62145,-0.55552,0.203685,-1.001893,-0.136583,1
3157,-0.769559,-1.035082,0.317686,-1.000369,0.723246,1
5295,0.460371,0.644391,1.313276,-1.000308,-0.415207,1
2377,1.745058,-1.148319,0.997985,-0.99935,0.330228,0
4548,1.745373,-1.148493,0.998136,-0.999193,0.330325,0
456,-0.539509,0.287153,0.547201,-0.99817,-0.471841,0
1757,0.275948,1.216197,0.851621,-0.998094,-0.419649,1
1301,0.05409,-0.109871,0.567775,-0.996606,-0.517997,0
4878,-0.205594,0.882812,0.91557,-0.996418,-0.136583,0
3730,-0.158336,0.382881,0.121962,-0.995911,2.851687,0
3654,-0.706946,-0.602279,0.151961,-0.993926,1.966069,1
5373,-0.251406,-0.630654,0.870563,-0.992839,0.483167,1
4884,-0.278129,-0.268697,1.478993,-0.992002,0.802722,0
3512,-0.190752,0.906912,0.921307,-0.990825,-0.46614,0
502,-0.688655,0.111677,0.539129,-0.990786,0.29105,0
2753,-0.582936,0.541989,0.657452,-0.990462,-0.5497,0
3929,0.562347,0.540591,-1.196594,-0.987329,2.311487,0
4315,0.839442,1.013802,-1.214908,-0.987178,1.278451,0
4938,-0.265672,1.384823,0.275652,-0.986786,-0.439424,0
3024,-0.595065,-0.371268,0.634047,-0.986773,-0.543535,0
2698,-0.413883,1.341101,1.526312,-0.98676,-0.496943,1
1199,1.967875,-0.952932,0.989319,-0.986188,-0.390644,0
3604,-0.226685,1.892403,0.083285,-0.985574,-0.375823,0
4491,-0.801512,-1.17006,-0.538446,-0.985212,1.228507,1
670,0.771482,0.391506,-1.180783,-0.984514,2.258935,0
3786,-0.722976,-0.692352,0.003703,-0.983232,2.434468,1
5304,-0.29918,-0.2894,1.415423,-0.981876,0.780684,0
2593,0.318045,1.304088,-1.261265,-0.981355,1.423748,0
4226,0.226247,1.2381,0.827881,-0.979235,-0.418247,1
4182,0.485793,0.854483,1.156938,-0.978097,-0.426009,1
3149,-0.366834,0.206959,0.849903,-0.975349,-0.5524,1
2776,-0.366834,0.207182,0.849903,-0.975349,-0.552057,1
1138,-0.131071,1.280059,0.869072,-0.974614,-0.436497,0
3946,-0.209458,1.910146,0.11472,-0.974299,-0.384407,0
1614,-0.696991,0.080422,0.55323,-0.972943,-0.545774,0
2551,-0.211391,1.989224,0.066228,-0.972306,-0.371518,0
2806,-0.448153,1.503992,0.647576,-0.970508,-0.471044,0
736,-0.726761,-0.092657,0.645987,-0.969075,-0.401417,0
1993,-0.453118,1.561309,0.643923,-0.967547,-0.4752,0
1128,-0.693451,0.115144,0.621328,-0.967287,-0.550744,0
4776,-0.183794,0.47761,0.3392,-0.966573,-0.412056,1
4437,0.081183,0.471477,0.558622,-0.966166,-0.38024,1
5358,-0.796319,-0.901881,-0.411922,-0.965075,1.80301,1
4591,-0.288167,0.642969,0.567375,-0.964956,-0.405699,0
3954,0.128455,1.526224,-1.30147,-0.96426,1.107825,0
18,0.256722,1.189431,1.009472,-0.964069,-0.427583,1
4549,0.672347,0.480842,1.05652,-0.963921,-0.37698,1
4352,-0.673497,-0.865277,-0.204331,-0.962751,1.560441,0
1215,0.136559,1.080355,1.060896,-0.962535,-0.388009,0
4224,-0.676623,-0.343018,-1.19162,-0.962457,0.594918,0
3838,0.633417,0.448764,1.265158,-0.961693,-0.401941,1
5191,-0.271786,1.203496,0.621426,-0.960825,-0.428238,0
3781,-0.720502,-0.69698,-0.017142,-0.960677,2.279869,1
1967,-0.112211,1.358033,0.807415,-0.958799,-0.432331,0
392,0.019725,1.713144,0.817658,-0.957645,-0.437595,1
1393,-0.651914,-0.794403,-0.176571,-0.956894,2.549526,0
4678,-0.026367,1.131902,-1.298042,-0.955663,2.423071,0
3740,0.492593,0.598977,-1.130341,-0.955034,2.105293,0
2513,0.279535,1.11591,0.218418,-0.95414,-0.388372,1
4425,-0.484698,2.918821,-1.673359,-0.953356,-0.136583,0
5285,-0.020987,1.897902,0.34161,-0.951619,-0.136583,0
1274,-1.376619,0.655366,0.262177,-0.94963,-0.620457,0
1806,-0.356552,-0.181111,0.6703,-0.949584,0.31045,0
4594,-0.404087,1.061766,-1.23168,-0.94897,2.662448,0
2249,0.337818,1.098826,0.97405,-0.94891,-0.388533,1
3959,-1.012425,-0.985341,0.170833,-0.948566,-0.756069,1
1511,-0.403507,-0.355684,0.884136,-0.947252,-0.437044,0
3321,1.996662,-0.81402,0.853199,-0.947156,-0.371546,0
1946,0.605679,0.59423,1.07865,-0.946877,-0.387314,1
320,-0.098315,1.907279,0.269849,-0.946429,0.239203,0
1859,-0.153998,1.195952,0.76109,-0.944964,-0.426126,0
2319,2.204364,-1.027332,0.906763,-0.94435,-0.360838,0
3543,-0.423732,3.105647,-1.514807,-0.944306,-0.397376,0
2232,0.207849,0.37549,0.521775,-0.943978,1.563994,1
4891,-0.215303,1.214388,0.129386,-0.943814,0.199479,0
1683,-0.768917,-0.012756,0.400296,-0.943642,-0.136583,0
2799,-0.526022,0.48627,-1.260318,-0.94142,0.947506,1
651,-0.262952,1.102574,0.679409,-0.941103,-0.399275,0
5074,-0.095621,2.033287,0.219366,-0.941103,0.22424,0
4546,-0.148595,1.579169,-1.355626,-0.941047,1.895432,0
691,1.066941,0.464239,0.860374,-0.94097,-0.423014,0
2909,-0.372699,0.777813,-1.681368,-0.940345,0.241246,0
4320,-0.886312,-1.236127,-0.962737,-0.93795,1.794654,0
2457,1.012593,0.488209,0.874951,-0.937673,-0.422279,0
276,-0.651838,0.181379,0.240779,-0.937302,0.290301,0
3276,0.540839,1.318188,0.495614,-0.937232,0.247519,1
1252,2.690419,-1.113869,0.703009,-0.935657,-0.362721,0
4803,-0.099273,1.277897,0.378987,-0.934664,-0.432057,0
1826,-0.626581,-0.801951,-0.147436,-0.934619,1.583077,0
2054,-0.353266,0.814826,0.474327,-0.934306,-0.441997,0
1765,-0.353398,0.815085,0.47437,-0.933815,-0.441248,0
4995,-1.004629,-1.255273,-1.027098,-0.932972,-0.984959,1
2162,-0.195856,0.898205,0.444254,-0.93227,-0.450023,0
1924,-0.718133,-0.618257,0.135733,-0.931693,2.063251,1
2773,0.234259,1.460729,0.300559,-0.931278,-0.426397,1
286,-0.256395,1.494075,-1.345751,-0.931043,1.786732,0
760,-0.474401,2.821988,-1.48107,-0.930957,-0.413482,0
4040,-0.359194,0.824826,0.470642,-0.930507,-0.136583,0
2920,-0.008752,0.945875,-1.317402,-0.930258,2.349742,0
5360,-0.139856,0.579766,0.523342,-0.928915,-0.136583,0
658,-0.78966,-0.21071,0.586588,-0.928515,-0.425591,0
937,-0.505837,-0.020076,0.068607,-0.92756,0.672361,0
5263,-0.781572,-0.123806,0.469572,-0.927492,-0.430107,0
5000,-0.71991,-0.617057,0.132606,-0.92725,2.017648,1
1601,-0.706809,0.386077,-1.633155,-0.926435,-0.427621,0
4552,-0.212261,1.395351,0.438214,-0.924734,-0.136583,0
2938,0.954217,0.544128,0.804681,-0.924648,-0.414033,0
4966,-0.398777,-0.359467,0.919816,-0.924317,-0.424889,0
1521,0.172908,1.681148,-1.27249,-0.924282,1.274958,0
2625,0.172685,1.680526,-1.272401,-0.924198,1.275022,0
1263,0.019325,0.169347,-1.107275,-0.922973,3.365271,0
4290,-0.26305,1.737161,0.09894,-0.922706,1.901843,0
101,-0.208894,1.414257,0.397584,-0.921325,-0.136583,0
2955,-0.558402,-0.383294,0.607292,-0.919692,-0.473004,0
826,0.024089,1.140668,0.877652,-0.918557,-0.409976,1
329,-0.861735,-1.134381,0.127383,-0.916981,-0.864319,1
1,-0.641265,0.109245,0.29213,-0.916804,0.240223,0
5369,-0.213035,0.023258,-1.445009,-0.91633,-0.603465,1
6,2.470804,-0.707277,0.787143,-0.916224,-0.350777,0
5105,-0.660279,0.115872,0.22837,-0.916218,0.239201,0
1857,2.241652,-0.863052,0.756638,-0.915949,-0.359828,0
4723,-1.210694,2.065306,-1.496952,-0.915507,-0.433042,0
4661,2.434157,-0.867105,0.538729,-0.915314,-0.383036,0
359,-0.863489,-1.582094,-0.613889,-0.909957,-0.136583,1
2131,-0.155263,0.725091,0.305627,-0.909558,-0.411453,0
4295,0.442764,1.48813,0.513098,-0.909369,-0.425068,1
5126,0.569696,1.284195,0.566921,-0.908091,-0.359959,1
602,-0.752056,-1.038814,-0.25671,-0.907514,-0.136583,0
4266,0.509118,1.30793,0.398816,-0.907412,-0.359936,1
1888,2.654214,-1.058963,0.641978,-0.906801,-0.355216,0
162,-0.054138,2.039832,0.194468,-0.904133,0.217673,0
5176,-0.064419,1.487178,0.162034,-0.902691,-0.447588,0
2908,0.337027,0.435827,-0.373008,-0.902586,2.98278,0
1606,-0.760057,-1.059684,-0.249704,-0.902345,-0.136583,0
2614,2.025856,-0.234715,0.770189,-0.90219,-0.350604,0
3461,-0.224739,1.034694,0.364702,-0.901841,-0.426657,0
3967,0.511132,0.589694,-0.340194,-0.90122,2.641739,0
1937,-0.552874,0.28713,0.198288,-0.901099,0.660282,0
4576,-0.296943,-0.095253,0.459577,-0.900547,0.283307,0
5131,-0.657629,0.103276,-1.115676,-0.900167,0.624481,0
942,-0.143894,-0.051144,0.831954,-0.899891,-0.600308,1
92,-0.814265,-0.958308,-0.474786,-0.899808,1.433597,1
2124,-0.399416,1.481573,0.230357,-0.899141,-0.436784,0
28,-0.198939,1.434068,0.323056,-0.899006,-0.136583,0
4183,-0.047414,-0.259202,0.150114,-0.898919,-0.420834,0
3647,0.345993,1.278355,0.908794,-0.898605,-0.408211,1
4095,-0.24345,1.834276,0.109216,-0.898555,1.549553,0
2874,-0.334936,1.740698,0.438408,-0.897793,-0.136583,0
3494,2.299178,-1.143646,0.560546,-0.895183,0.378712,0
2154,-0.606984,-0.021498,0.313342,-0.894938,-1.221118,0
4303,2.298887,-1.143646,0.560546,-0.894865,0.378274,0
1351,-0.722403,0.08101,-1.721862,-0.894565,0.201176,0
288,0.391549,1.127285,0.979918,-0.8941,-0.425168,1
3052,-1.210201,2.164418,-1.517923,-0.893144,-0.423351,0
62,0.318616,0.508701,-0.345005,-0.892794,2.657375,0
3955,-0.777673,-0.880857,-0.280343,-0.892186,1.502625,1
3458,-0.350025,1.762964,0.156529,-0.892028,-0.425757,0
584,-1.231742,2.293363,-1.564976,-0.891388,-0.429458,0
715,2.362458,-0.594724,0.562199,-0.88926,-0.354273,0
2035,-0.360683,0.758637,0.435545,-0.888763,-0.610287,1
1239,-0.360799,0.758202,0.435512,-0.888687,-0.610195,1
3897,0.948452,-0.129822,-0.346252,-0.888451,2.076611,0
2098,-0.179337,2.038786,0.119404,-0.888377,1.102226,0
186,-0.327048,-0.228405,0.81178,-0.888281,0.188317,0
264,2.158482,-0.502745,0.427138,-0.887709,-0.351776,0
4207,-0.141421,2.02216,0.066004,-0.886212,-0.410815,0
813,-0.329329,2.366978,-1.479266,-0.885482,-0.754818,0
3956,-0.389726,1.614396,0.164846,-0.883252,0.147212,0
4014,2.268494,-1.109468,0.433394,-0.882701,0.330831,0
4121,2.267713,-1.109559,0.433092,-0.882608,0.330294,0
368,-0.482332,2.111719,-1.484801,-0.881991,-0.607664,0
2830,-0.329429,-0.124546,0.547482,-0.88122,0.30304,0
1536,-0.397176,2.218457,-1.480083,-0.881165,-0.712436,0
