,glcm_pan,mean_g,mean_r,mean_nir,sd_plan,y
3482,133.66076,190.546667,80.693333,329.026667,18.435733,1
2267,136.142424,181.476191,74.809524,329.190476,10.371993,1
3274,139.627013,191.557143,82.328571,329.357143,17.253033,1
771,116.945378,208.8,105.466667,329.4,38.000819,1
3272,136.774194,190.617021,81.375887,329.425532,21.694626,1
972,140.838785,282.925926,169.37037,329.740741,25.533216,1
3123,128.728403,198.1875,85.416667,329.791667,23.258341,1
2785,130.803534,195.213483,84.449438,329.876405,19.980081,1
4460,135.674623,188.98,101.98,329.99,17.858541,0
935,124.71875,240.0,129.0,330.0,19.459895,1
715,135.196464,184.8125,78.625,330.0625,13.377774,1
2839,133.293982,195.966887,84.735099,330.082782,20.08743,1
4122,121.354167,327.416667,238.25,330.5,100.217125,1
988,102.820313,195.1875,91.75,330.875,12.942179,1
2291,132.913313,211.756098,98.073171,330.926829,12.632687,1
4496,118.977401,189.164179,82.626866,330.985075,20.038346,1
4635,127.413249,173.6,74.5,331.05,26.826246,1
731,124.299838,202.384615,98.205128,331.179487,14.194942,1
4097,131.313253,277.361702,167.191489,331.297872,21.846495,1
4401,136.162162,189.571429,99.571429,331.571429,15.590421,0
2991,132.956364,193.211539,84.855769,331.855769,15.41539,1
4413,119.479821,191.928571,105.738095,331.952381,22.491785,0
1008,128.412595,212.793103,95.793103,332.0,18.490807,1
2724,135.464321,188.0,83.107692,332.138462,18.909151,1
2492,123.268696,287.385417,174.447917,332.15625,18.32625,1
2228,119.896163,193.357143,87.678571,332.214286,11.613899,1
3203,139.399915,187.127517,78.583893,332.369128,22.836817,1
2835,117.6875,187.68,82.4,332.4,48.230049,1
20,135.823938,192.232877,115.09589,332.424658,12.805692,0
1219,135.409836,194.548387,87.612903,332.548387,21.1577,1
2757,134.604061,206.6,97.76,332.56,15.458021,1
2574,131.03493,197.825397,88.936508,332.587302,24.435486,1
3739,131.049001,191.950249,85.338308,333.323383,31.302499,1
1998,132.791032,203.12,87.586667,333.386667,21.675383,1
2807,118.583582,195.309524,88.285714,334.0,24.008466,1
778,132.357955,241.393939,129.757576,334.121212,20.504429,1
3652,116.802292,171.045455,79.272727,334.136364,37.850183,1
980,147.548611,327.166667,207.5,334.166667,33.009211,1
2787,112.562796,196.415094,88.207547,334.169811,17.054558,1
3521,114.875,183.0,75.882353,334.235294,33.381511,1
4827,125.428651,279.070175,189.166667,334.254386,8.140318,1
3961,126.184705,325.122449,204.806122,334.357143,16.216238,1
2327,132.0,187.333333,78.647059,334.372549,20.418422,1
4238,130.833693,197.37931,80.482759,334.689655,22.964326,1
4744,140.662992,182.725,76.15,334.8,17.837303,1
717,125.676568,183.578947,79.736842,334.947368,23.425724,1
4586,122.03125,176.25,85.25,335.0,14.439529,0
2980,128.360577,184.651515,77.439394,335.606061,15.907684,1
2206,116.779661,212.666667,99.266667,335.866667,23.065703,1
4131,118.000979,199.78125,87.234375,336.03125,31.078557,1
4320,132.281508,189.761111,83.922222,336.180556,27.000565,1
4264,99.567935,196.26087,85.086957,336.217391,20.070481,1
1573,128.46493,179.063492,77.52381,336.222222,16.296494,1
3359,138.503731,200.676471,81.088235,336.235294,15.136633,1
857,134.195,278.32,183.92,336.52,25.005791,1
4327,120.693452,216.047619,96.97619,336.619048,37.680488,1
4701,141.988938,176.62069,103.62069,336.689655,11.23884,0
2468,130.585202,202.285714,87.142857,336.714286,18.582792,1
914,123.546196,314.826087,205.26087,336.73913,25.10959,1
3486,134.297149,182.842105,76.561404,336.877193,24.588619,1
2737,128.781437,194.476191,89.333333,336.952381,10.893007,1
1948,117.135535,186.927273,82.581818,337.0,31.549023,1
4293,134.103896,196.172414,84.068966,337.017241,31.450677,1
4449,126.706304,194.522727,95.113636,337.113636,10.860569,1
3354,131.326711,195.403509,84.754386,337.192983,19.561632,1
3969,129.053977,340.820225,215.179775,337.269663,25.549598,1
3247,120.358323,201.575758,92.484848,337.565657,23.801521,1
2842,134.53753,184.653846,80.480769,337.730769,19.801904,1
584,140.7125,198.2,83.2,337.733333,14.872196,1
17,121.61126,199.744681,121.06383,338.12766,15.019107,0
4196,132.077141,192.153153,81.567568,338.243243,24.4847,1
2359,125.243056,180.666667,91.666667,338.333333,21.736355,1
276,114.672185,194.157895,87.631579,338.421053,15.188565,1
2349,132.317021,190.881356,80.559322,338.474576,24.591801,1
2120,126.517992,267.552239,154.61194,338.492537,21.772605,1
621,134.921788,196.577778,79.777778,338.533333,18.278828,1
4386,136.742543,190.6875,81.85,338.6,19.535988,1
2738,135.572917,202.041667,84.291667,338.75,26.428625,1
732,133.987854,205.903226,91.193548,338.967742,15.174188,1
4077,128.933856,363.227586,252.503448,338.993103,33.836936,1
2592,129.295455,236.0,127.0,339.0,24.406678,1
4729,128.699134,203.413793,116.965517,339.103448,24.23591,0
1003,150.380682,278.818182,172.181818,339.181818,19.740883,1
4648,135.895288,192.305556,90.694444,339.263889,17.432802,0
3257,119.007853,190.875,84.333333,339.458333,21.061047,1
2596,127.155898,207.09434,104.632076,339.509434,23.440365,1
3632,121.540169,267.239437,162.091549,339.584507,27.975256,1
4476,125.535652,193.287671,112.328767,339.821918,15.305582,0
834,129.30625,261.35,154.55,339.95,31.705835,1
3508,129.30625,261.35,154.55,339.95,31.705835,1
2158,128.459041,198.642857,88.678571,340.017857,27.152316,1
1120,136.270936,187.0,85.538462,340.153846,20.938908,1
3659,133.734408,182.066667,73.488889,340.188889,16.95155,1
4186,127.874935,419.701646,301.360082,340.31893,19.941792,1
4620,117.888158,177.157895,74.947368,340.368421,35.707646,1
2902,127.872443,194.807692,88.346154,340.692308,24.317085,1
2818,120.658065,197.627119,85.254237,340.813559,14.19722,1
3653,132.185824,174.464647,72.838384,340.909091,26.207059,1
4099,140.805158,242.954546,145.590909,341.0,21.936234,1
1205,131.555394,185.837209,77.953488,341.255814,22.77009,1
2558,141.304598,213.181818,104.727273,341.363636,13.561004,1
4521,129.463329,203.516854,88.955056,341.449438,17.43296,1
4821,127.230618,430.28125,293.645833,341.635417,12.076363,1
2371,134.678096,196.382114,83.642276,341.780488,22.788477,1
809,138.833506,189.114754,88.327869,341.885246,16.618747,1
2831,128.131068,232.538462,111.230769,341.923077,24.668932,1
2043,133.878906,211.0,91.0,342.25,15.561245,1
4548,132.812222,193.722581,82.625806,342.251613,18.594305,1
35,130.84965,175.333333,83.402778,342.277778,21.171678,0
4279,129.157118,182.207018,78.010526,342.666667,27.509679,1
3467,150.312,261.5,147.5,343.0,7.615773,1
860,144.533981,246.0,158.0,343.0,29.105806,1
3572,130.048828,205.375,97.0,343.25,29.070429,1
1324,140.58631,192.809524,81.666667,343.333333,20.728676,1
4328,141.38394,257.44,144.64,343.36,39.74624,1
4384,138.537618,204.225,103.675,343.4,27.873722,1
3344,147.227941,190.352941,83.588235,343.411765,12.494428,1
2720,146.589342,182.9,77.9,343.5,12.165114,1
3276,112.271635,190.769231,80.384615,343.615385,39.387564,1
2312,140.756863,194.125,80.25,343.625,17.99034,1
902,91.96875,221.25,110.0,343.75,15.811388,1
4796,136.150485,178.615385,85.461538,343.769231,16.269549,1
1125,135.096977,215.22,99.12,343.94,15.516817,1
831,124.104167,228.666667,114.333333,344.333333,39.92493,1
520,139.014423,198.923077,79.230769,344.384615,24.720449,1
4389,116.095078,185.053571,81.053571,344.625,19.464638,1
2729,138.041551,196.217391,77.217391,344.782609,10.835948,1
1933,117.464674,199.391304,82.565217,344.869565,18.507036,1
1359,132.277946,204.714286,88.666667,344.952381,18.466124,1
823,127.945313,324.0,191.0,345.0,16.274501,1
4380,128.120766,196.302326,111.395349,345.186047,17.701968,0
814,132.173446,187.634146,82.487805,345.207317,16.54394,1
2698,143.163968,188.354839,79.193548,345.322581,16.182621,1
2366,138.808338,190.482759,81.767241,345.689655,22.146045,1
3464,132.98659,234.969697,140.530303,345.893939,10.63836,1
2052,136.644695,224.128205,107.871795,346.0,25.308069,1
4038,124.465699,330.989474,201.473684,346.073684,40.382279,1
3314,125.769231,198.341463,88.756098,346.170732,24.513032,1
4520,130.600807,192.52381,84.666667,346.206349,18.744547,1
3462,158.875,239.2,119.6,346.4,14.656057,1
4280,131.556434,199.68,90.08,346.491429,27.633039,1
4712,121.946203,195.8,93.6,346.8,15.829087,1
3656,128.624771,187.440678,80.789346,347.104116,29.997974,1
1952,130.164158,190.602273,82.909091,347.284091,15.568294,1
916,126.802778,309.244444,179.911111,347.288889,19.613097,1
134,133.612211,178.5,73.815789,347.289474,18.836536,1
4424,124.628947,189.416667,99.041667,347.333333,24.653396,0
3289,120.285489,190.675,84.8,347.375,33.179813,1
1061,148.607639,293.444444,204.111111,347.5,44.786186,1
3936,121.2125,195.166667,88.033333,347.533333,39.113794,1
4768,105.962185,187.533333,82.466667,347.866667,13.65707,1
2068,124.416174,204.9375,89.5625,347.875,15.304175,1
4342,141.345098,180.875,81.5,348.0625,18.213577,1
1496,138.178133,191.411765,83.921569,348.176471,13.638125,1
795,144.250896,219.257143,107.714286,348.485714,15.830119,1
1009,129.859833,269.666667,158.0,348.633333,15.407213,1
2402,127.403802,194.445783,85.048193,348.686747,17.530588,1
4041,134.737892,348.818182,238.159091,348.977273,41.155238,1
2223,132.922195,185.766234,78.558442,349.402597,25.591139,1
4594,133.532538,192.80315,110.283465,349.834646,21.066013,0
906,136.13948,287.509434,183.169811,350.113208,25.055794,1
2840,117.665563,182.842105,85.473684,350.157895,20.452499,1
2341,128.788889,199.176471,89.558824,350.411765,18.326905,1
4662,134.412195,194.961539,114.538462,350.692308,14.621304,0
2397,112.804688,192.75,93.75,350.75,49.348094,1
913,111.458333,297.0,164.0,351.0,8.178563,1
391,138.14346,186.8,83.8,351.0,15.887941,1
4733,145.051383,195.0625,86.9375,351.0,17.51506,1
1959,105.984375,181.25,76.75,351.25,42.074153,1
2716,134.776596,196.333333,87.833333,351.333333,9.30883,1
1945,141.032356,184.84127,81.984127,351.444444,13.684455,1
4471,115.678571,186.142857,76.428571,351.571429,30.358403,1
4494,121.198695,197.471264,118.022989,351.574713,15.5256,0
3333,145.084211,197.611111,85.166667,351.611111,20.971542,1
4030,122.211407,244.490196,153.617647,351.843137,16.110361,1
3415,114.75,232.916667,125.833333,351.916667,22.885433,1
4619,134.309816,198.780488,91.658537,352.02439,20.943452,1
1000,135.148148,309.318182,221.318182,352.204546,36.435632,1
845,137.33878,232.793103,121.724138,352.396552,15.740662,1
194,127.307544,178.061539,72.969231,352.430769,22.084378,1
1037,128.919643,323.714286,223.857143,353.0,10.47251,1
2703,125.816594,196.222222,85.236111,353.152778,23.232504,1
4261,122.57453,287.62069,212.011494,353.333333,25.881709,1
3228,87.3125,195.0,83.0,353.5,7.822244,1
908,151.375,297.909091,210.818182,353.727273,31.167635,1
4045,138.431035,467.181818,255.772727,353.727273,41.725193,1
816,132.408377,232.166667,124.833333,353.833333,18.008486,1
4473,143.458225,191.916667,79.770833,353.916667,18.092308,1
2816,144.92132,197.8,85.92,353.96,14.99632,1
2285,133.509615,187.434783,77.5,354.217391,17.524665,1
1,124.739583,202.8,115.333333,354.333333,16.707151,0
1039,113.738676,260.333333,149.666667,354.333333,18.278706,1
3125,135.580037,197.615385,88.336538,354.384615,18.105736,1
2474,137.1693,203.892857,85.285714,354.607143,23.882472,1
2263,119.017964,188.333333,82.47619,354.666667,21.717836,1
1028,142.319853,322.235294,221.0,354.764706,37.519361,1
2925,89.8125,190.8,83.2,354.8,8.704022,1
2833,112.595238,190.285714,83.285714,355.142857,31.16673,1
3689,132.419862,185.859375,79.796875,355.46875,20.70543,1
989,104.796875,289.5,183.5,355.5,36.643553,1
4034,125.946106,403.830986,201.289738,355.871227,8.64578,1
1084,133.642857,214.333333,95.428571,355.904762,24.900983,1
4780,81.125,195.0,81.8,356.0,10.906879,1
744,117.254417,204.0,95.5,356.0,15.722909,1
3705,130.368239,267.654545,175.790909,356.218182,18.804993,1
4500,124.526731,188.027778,97.222222,356.291667,17.160912,1
3232,127.159193,206.392857,92.833333,356.666667,20.122837,1
4606,129.340278,183.666667,72.333333,356.666667,29.208066,1
2995,136.390729,184.403509,79.719298,356.842105,15.524165,1
918,120.860577,334.615385,222.230769,357.076923,26.360271,1
3701,128.437222,264.113924,178.911392,357.139241,11.740518,1
2776,125.882353,260.117647,148.823529,357.411765,24.566272,1
2904,116.390777,200.846154,91.384615,357.423077,19.258903,1
1053,178.796875,326.0,228.0,357.5,14.941553,1
1052,76.515625,326.0,228.0,357.5,17.078861,1
3748,134.806533,193.32,86.546667,357.666667,23.801386,1
1096,137.066358,186.317073,85.95122,357.682927,10.836297,1
2717,131.682446,196.78125,87.4375,358.140625,30.602734,1
2268,132.720879,188.011628,80.116279,358.151163,26.477194,1
1133,159.0875,229.9,125.0,358.3,9.656086,1
3970,130.820713,345.070175,232.45614,358.438597,24.046329,1
1360,126.468599,205.923077,90.0,358.615385,26.847586,1
2733,138.112527,194.966667,83.366667,358.733333,14.90548,1
4778,127.013889,245.111111,133.222222,358.888889,13.800161,1
3246,128.100245,200.272727,85.688312,358.948052,21.816922,1
1041,153.414063,356.5,231.5,359.0,26.129485,1
4123,88.3125,344.666667,256.0,359.333333,73.079865,1
3685,122.724891,201.448276,87.655172,359.344828,22.801005,1
4466,126.019886,186.181818,79.909091,359.590909,16.30165,1
4126,128.590983,275.3663,193.791209,359.732601,19.04444,1
3496,123.9375,184.882353,83.294118,359.735294,47.138104,1
31,126.527972,178.777778,85.111111,359.777778,11.080513,0
2086,129.691071,205.037736,90.377358,359.95283,22.807671,1
847,122.150877,307.722222,200.0,360.0,36.228058,1
4554,87.587302,186.25,84.0,360.0,14.840822,1
3509,122.150877,307.722222,200.0,360.0,36.228058,1
3864,121.088363,426.687831,304.216931,360.179894,24.990336,1
1064,110.179894,288.75,173.333333,360.25,12.893528,1
2063,134.009121,213.671053,104.407895,360.25,29.487051,1
4668,130.527482,199.649351,109.987013,360.311688,17.748406,0
2803,118.257129,202.085938,90.210938,360.375,21.284988,1
1007,156.109375,326.0,263.75,360.5,33.081103,1
2551,127.897246,216.783333,102.316667,360.616667,28.184511,1
2800,125.43362,289.343284,181.223881,361.089552,12.039902,1
2334,110.602273,185.181818,80.272727,361.272727,49.787648,1
4608,125.810934,195.535714,102.678571,361.321429,15.270144,0
4598,109.966387,194.6,99.533333,361.4,23.747187,0
2713,134.480712,187.835294,81.894118,361.4,16.488536,1
3216,123.246382,193.672727,83.993939,361.436364,25.539897,1
3230,111.271967,196.933333,87.466667,361.6,28.378024,1
4455,140.670259,197.206897,116.931035,361.62069,15.922822,0
1541,143.281369,178.88,78.8,361.7,13.435014,1
919,94.75,325.666667,189.333333,362.333333,37.875894,1
920,115.145833,325.666667,189.333333,362.333333,29.488227,1
4700,132.480025,198.336634,104.633663,362.623762,17.361007,0
2265,131.342649,202.846154,88.288462,362.942308,20.980646,1
1151,116.965278,187.833333,76.944444,362.944444,22.956212,1
1485,113.936464,207.608696,91.826087,363.391304,17.618945,1
1523,121.142857,192.882353,81.735294,363.558824,19.111311,1
2528,135.085761,223.384615,114.564103,363.717949,20.56212,1
4404,142.864706,185.3125,77.5625,363.75,16.219081,1
2769,121.781321,196.572727,86.163636,363.963636,33.015453,1
1726,115.4125,199.4,88.8,364.0,9.152049,1
1268,110.171875,203.0,84.0,364.0,44.815594,1
1725,145.786164,199.4,88.8,364.0,12.705904,1
4584,131.375551,187.368421,76.929825,364.017544,24.130991,1
4229,132.038776,200.274039,95.322115,364.028846,34.259417,1
69,141.57423,199.244444,127.333333,364.177778,15.219286,0
2429,97.981818,199.714286,85.142857,364.285714,21.405702,1
926,128.750789,204.55,94.325,364.5,14.87395,1
4834,123.554348,202.826087,106.391304,364.565217,17.314068,1
4361,136.566667,196.388889,86.666667,364.666667,24.784379,1
1551,117.226601,181.588235,79.235294,364.745098,24.434787,1
4375,120.915179,194.285714,86.0,364.857143,28.254402,1
3819,126.398295,412.721519,196.93038,364.924051,10.981777,1
3775,134.665428,205.451613,96.543011,365.080645,30.571782,1
3726,132.826746,200.189655,91.12931,365.275862,26.978318,1
2302,123.91897,195.01,84.09,365.3,25.919367,1
2067,135.527907,200.555556,90.962963,365.333333,11.078966,1
995,130.324519,302.346154,221.576923,365.5,21.086326,1
4398,139.014286,183.272727,78.772727,365.590909,15.501599,1
3470,131.452889,232.181818,137.710744,365.603306,16.736437,1
2628,117.799342,234.947368,127.421053,365.684211,29.341999,1
4073,128.363636,222.972973,120.364865,365.972973,47.201354,1
2612,137.149552,208.0,104.923077,366.054945,32.80093,1
825,113.122807,259.833333,157.555556,366.111111,16.626247,1
3506,113.122807,259.833333,157.555556,366.111111,16.626247,1
2764,115.841912,200.441177,87.323529,366.117647,36.643058,1
2262,116.963816,189.157895,78.842105,366.578947,22.953886,1
3205,111.92967,198.438597,87.438596,366.614035,31.250229,1
3115,145.854167,216.333333,93.666667,366.666667,11.308797,1
1172,137.275261,248.555556,140.0,366.833333,19.434362,1
806,135.31746,215.416667,97.083333,366.833333,14.761766,1
2933,136.485952,202.030303,87.767677,366.868687,19.644675,1
1788,120.803738,188.037037,87.222222,367.074074,17.915286,1
2221,132.248999,188.063415,78.395122,367.42439,20.621888,1
3243,141.18716,200.258621,90.293103,367.448276,21.076781,1
4636,132.834753,189.864865,96.432432,367.45946,21.006451,0
279,130.229798,192.52,88.2,367.48,13.049077,1
3201,129.560393,198.088889,81.844444,367.555556,37.565127,1
1173,135.794454,231.48052,128.779221,367.662338,22.967495,1
3313,112.856021,197.208333,87.291667,367.708333,27.881912,1
869,127.294737,268.0,178.333333,367.916667,17.114606,1
3637,129.766763,188.664122,79.122137,368.137405,41.628916,1
2718,110.301047,191.083333,81.916667,368.25,20.506732,1
4112,119.214179,293.130952,203.380952,368.619048,34.444367,1
3613,136.481389,189.78808,79.298013,368.827815,18.62708,1
1944,135.491254,192.781609,83.804598,369.252874,19.585161,1
2372,128.959807,200.974359,86.179487,369.461539,23.227288,1
4080,126.804,273.75,170.25,369.5,21.40057,1
4042,87.140625,417.0,256.5,369.5,28.442925,1
1054,114.109319,281.485714,170.657143,369.542857,19.75036,1
734,144.954546,211.363636,92.272727,369.545455,17.726573,1
4454,128.806692,183.882353,96.176471,369.588235,16.438835,0
4407,137.873684,180.833333,75.0625,369.75,21.953302,1
3822,133.942708,298.083333,167.75,370.083333,64.231785,1
3273,129.437225,195.30131,84.179039,370.20524,22.072286,1
4448,126.795806,204.45614,110.491228,370.298246,16.440179,0
2824,134.711635,204.067797,92.785311,370.333333,19.206854,1
4299,141.597723,184.242424,75.939394,370.878788,12.786083,1
4666,126.332183,202.39726,119.712329,370.958904,23.434012,0
1010,148.5,254.0,153.0,371.0,22.076232,1
894,126.6,266.7,156.6,371.3,23.199353,1
3605,134.363504,193.829457,81.837209,371.325581,20.962914,1
3432,130.280702,223.483607,115.647541,371.393443,30.155942,1
678,138.527859,196.441861,85.069767,371.511628,16.502192,1
4262,126.500288,208.160551,92.541284,371.582569,31.429897,1
4263,129.603762,198.64486,88.0,371.738318,42.908615,1
4322,129.850394,285.75,168.0,371.75,32.061464,1
979,129.605449,308.693548,201.580645,371.822581,29.867327,1
4673,126.028947,181.125,87.875,371.875,17.425586,1
1812,136.38843,187.0,83.521739,372.043478,13.335854,1
2802,128.183051,194.108108,85.027027,372.108108,26.942896,1
16,127.835697,201.358491,116.509434,372.132076,23.929111,0
1044,125.667712,236.6,133.325,372.55,20.147441,1
3682,137.681497,203.88764,92.370787,372.595506,23.527081,1
543,138.367089,206.8,85.8,372.6,20.05561,1
4117,106.171875,281.125,208.125,372.75,23.940029,1
4808,122.662429,352.573034,233.370787,372.865169,21.703584,1
3925,132.752052,193.923913,88.820652,373.065217,24.262271,1
2253,134.78733,186.0,78.285714,373.142857,14.440059,1
467,129.425183,184.721154,81.221154,373.307692,19.061515,1
4507,117.101952,196.344828,88.551724,373.586207,17.906083,1
3636,123.055556,232.647059,124.411765,373.588235,41.857974,1
3132,134.6625,206.8,91.6,373.6,17.874283,1
3399,97.642857,193.142857,82.428571,373.714286,19.920249,1
956,130.954942,185.162791,81.813953,373.790698,19.536434,1
54,132.404776,201.305556,125.407407,373.805556,23.220295,0
3366,134.914798,206.0,85.982143,373.821429,17.99106,1
1004,109.330986,332.444444,221.0,374.0,44.981478,1
878,114.2875,199.0,92.0,374.0,19.825236,1
3973,132.116667,450.6,306.8,374.0,82.218787,1
2746,123.32992,201.27907,89.813953,374.046512,26.167844,1
1051,154.158683,291.809524,178.142857,374.476191,17.247038,1
4825,127.53125,200.25,82.75,374.5,20.197463,1
4420,121.546875,178.5,82.5,374.5,20.086921,0
833,134.703593,308.904762,208.0,374.809524,11.033036,1
2721,133.224242,197.25,88.846154,374.817308,17.657407,1
1341,152.375,197.0,83.6,375.0,15.615377,1
2395,137.165049,205.769231,91.961538,375.038462,25.824081,1
3455,129.035831,229.551724,114.482759,375.051724,37.052655,1
2938,142.054688,204.75,90.625,375.125,18.261875,1
250,112.756667,184.0,79.368421,375.421053,26.515662,1
2103,127.717626,190.628571,85.371429,375.428571,30.931577,1
1020,112.048077,252.461539,144.384615,375.692308,24.609134,1
3825,129.015665,236.55184,130.869565,375.852843,29.515514,1
1042,71.71875,346.0,217.0,376.0,31.5,1
1045,51.0,346.0,217.0,376.0,0.0,1
4012,142.165179,242.571429,148.285714,376.142857,25.478282,1
2305,148.160156,193.0,83.0,376.5,20.481699,1
1078,133.809352,194.057143,87.114286,376.657143,19.913814,1
3163,137.513218,193.26087,84.681159,376.710145,16.836413,1
2910,116.980057,195.045455,85.787879,376.727273,39.672433,1
1983,127.763733,255.052632,139.094737,376.842105,18.475726,1
4556,116.716535,190.875,83.3125,376.875,24.859292,1
970,87.703125,351.0,261.0,377.0,10.173495,1
3820,111.6875,392.538462,208.230769,377.076923,54.770095,1
2827,115.005054,212.045977,95.804598,377.505747,18.750759,1
4751,131.183246,201.916667,84.25,377.666667,15.711593,1
4306,132.223517,177.5,78.568966,377.758621,20.397552,1
2339,127.872211,208.516129,95.967742,377.774194,28.864389,1
2148,134.229111,198.7,86.142857,377.957143,28.896723,1
4403,132.325,203.6,120.68,378.32,24.002867,0
4188,96.791667,493.333333,339.0,378.333333,103.536494,1
2430,129.268775,278.416667,160.416667,378.5,16.329719,1
3120,123.776224,203.555556,90.080808,378.616162,18.241826,1
3981,126.412337,444.827451,229.207843,378.819608,7.115902,1
1014,149.225225,250.952381,148.952381,379.095238,27.953882,1
3413,135.422857,194.022727,85.306818,379.397727,22.06817,1
3832,117.424809,271.486487,170.756757,379.567568,24.111653,1
3544,126.05615,195.0,89.489362,379.744681,28.286896,1
842,148.248918,316.827586,207.586207,380.034483,38.422335,1
4702,121.506731,205.557252,116.992366,380.045802,16.243826,0
917,122.847826,352.786885,265.934426,380.098361,18.186528,1
955,134.924528,213.058824,91.941176,380.411765,31.23823,1
2924,130.205947,203.798246,88.631579,380.885965,22.950643,1
1097,125.788117,194.125,89.446429,380.982143,16.958373,1
3465,129.640156,240.828194,139.057269,381.030837,13.364759,1
1955,132.137529,182.222222,92.740741,381.037037,35.23186,1
18,106.242105,221.75,140.0,381.166667,18.903263,0
974,132.272936,285.690909,174.981818,381.381818,24.044559,1
1024,100.710938,264.625,140.75,381.75,9.192388,1
4108,144.26009,240.464286,135.071429,381.821429,18.584439,1
4513,129.145161,194.257143,80.085714,382.085714,15.100047,1
4803,122.624194,185.461539,77.871795,382.102564,19.384039,1
4753,139.784131,185.907407,83.296296,382.166667,16.939708,1
4318,129.49382,204.947712,92.366013,382.640523,25.475827,1
3265,141.242678,188.066667,83.333333,382.8,18.091864,1
3957,131.310618,197.95,84.35,383.05,18.723381,1
1463,130.809264,207.26087,92.652174,383.173913,26.830632,1
1892,131.013725,197.375,85.25,383.375,35.518866,1
70,127.218812,190.314961,110.102362,383.393701,19.666454,0
4171,138.737705,308.925926,156.259259,383.407407,14.430763,1
1791,134.849088,194.06579,82.394737,383.407895,23.901731,1
1237,113.138801,196.6,84.1,383.55,19.721245,1
204,113.1875,184.8,74.6,383.7,24.976789,1
1910,131.18,186.25,79.5,384.0,16.381082,1
1016,183.28125,328.0,223.0,384.0,7.0,1
1015,0.0,328.0,223.0,384.0,0.0,1
1121,127.259402,212.523077,98.692308,384.092308,21.404728,1
2398,101.291667,201.111111,82.111111,384.111111,8.178563,1
1143,127.457237,187.105263,75.421053,384.210526,18.597054,1
4642,128.631954,207.295455,97.568182,384.295455,16.74409,1
3256,140.153453,198.408163,86.22449,384.489796,21.952487,1
2743,132.963158,205.875,86.0,384.5,15.740076,1
1135,121.646648,220.0,106.622222,384.577778,14.658516,1
2700,111.944773,202.125,84.09375,384.71875,26.02656,1
4120,123.051606,254.345455,149.672727,384.727273,56.1796,1
1136,119.799145,211.0,96.933333,384.733333,22.320295,1
4349,122.792453,199.740741,108.481482,384.740741,23.018906,1
3474,117.203235,236.555556,139.589744,384.74359,10.077463,1
3861,134.160415,494.082397,346.059925,384.88764,48.084962,1
2178,135.986188,245.73913,124.26087,384.913044,24.523127,1
2301,104.594595,196.285714,83.071429,385.0,25.26674,1
4582,120.34375,196.0,84.0,385.0,32.678569,1
4273,112.252414,208.076923,91.659341,385.10989,31.139639,1
286,132.118936,201.875,90.825,385.175,23.071573,1
3217,120.199678,190.179487,84.461538,385.179487,34.641263,1
4210,127.932365,249.337349,152.572289,385.222892,32.628435,1
3671,121.537109,334.53125,221.515625,385.359375,46.650836,1
3279,89.290909,192.0,86.571429,385.428571,16.96936,1
3493,105.648936,274.0,156.5,385.5,31.579265,1
2942,123.307558,269.825688,148.513762,385.59633,15.628779,1
2001,149.345912,210.7,98.4,385.6,15.383433,1
3231,113.800315,204.9,91.625,385.825,30.435988,1
3212,113.805921,197.421053,84.789474,385.894737,45.53456,1
952,133.795455,203.818182,95.454545,385.909091,17.690638,1
1450,145.216019,205.115385,92.692308,385.923077,18.612086,1
1033,121.0375,377.3,289.1,386.0,14.847222,1
4189,117.493056,513.555556,347.444444,386.111111,104.439243,1
3609,126.722636,196.581818,87.863636,386.290909,33.060061,1
4464,125.945607,173.533333,79.133333,386.333333,12.331351,1
3497,131.642857,192.660377,80.792453,386.509434,19.536221,1
3859,130.686352,211.902778,99.715278,386.534722,42.954549,1
3805,126.125296,249.567723,150.527378,386.997118,27.306223,1
3873,138.313996,206.955882,100.661765,387.029412,22.641023,1
2975,137.858628,186.491803,83.508197,387.081967,16.861642,1
2998,128.819836,188.637681,83.507246,387.304348,23.796219,1
2784,124.678832,308.742857,204.628571,387.485714,7.588606,1
3197,138.469965,196.444444,86.222222,387.555556,15.504679,1
3229,137.4525,195.24,84.96,387.56,25.091002,1
2292,134.516216,191.514286,80.971429,387.6,24.119685,1
965,120.99375,343.25,237.675,387.65,25.169314,1
1925,137.222314,194.828947,84.315789,387.697368,25.988291,1
4354,133.752976,179.714286,85.238095,387.809524,19.732221,1
1865,143.364583,196.666667,85.333333,388.0,20.177683,1
237,135.208955,202.618182,94.709091,388.018182,27.492725,1
4358,125.074803,254.8125,147.5,388.25,20.224424,0
2804,137.197708,202.636364,92.363636,388.454546,27.9378,1
2290,125.828125,228.25,102.0,388.5,28.796701,1
255,132.865598,196.92233,84.873786,388.747573,14.852751,1
3010,131.458498,295.75,172.375,388.75,27.143139,1
1106,137.688112,204.222222,89.533333,388.777778,22.01555,1
2320,139.172956,194.7,80.4,388.9,22.908514,1
967,112.908654,394.538462,231.153846,389.0,19.234769,1
3949,129.830357,194.619048,89.619048,389.190476,24.614949,1
2008,132.08548,202.925926,93.185185,389.277778,19.205909,1
2275,119.780564,212.8,89.55,389.35,35.337515,1
4544,124.070892,200.728814,119.355932,389.389831,17.663831,0
942,116.419643,180.571429,75.285714,389.571429,17.295747,1
2931,131.503958,199.461539,88.398601,389.748252,24.943012,1
2580,117.211539,244.956522,154.826087,389.869565,28.670279,1
4356,116.948953,214.5625,127.75,390.208333,23.070506,0
4355,116.948953,214.5625,127.75,390.208333,23.070506,0
