,v1,v2,v3,v4,v5,v6,v7,v8,v9,v10,v11,v12,v13,v14,v15,v16,v17,v18,v19,v20,v21,v22,v23,v24,v25,v26,v27,v28,v29,v30,v31,v32,v33,v34,v35,v36,v37,v38,v39,v40,v41,v42,v43,v44,v45,v46,v47,v48,v49,v50,v51,v52,v53,v54,v55,v56,v57,v58,v59,v60,v61,v62,v63,v64,v65,v66,v67,v68,v69,v70,v71,v72,y
337,1.7,1.4,1.3,1.9,2.5,3.1,3.0,3.2,2.7,2.8,2.9,2.4,2.0,2.1,2.8,2.7,2.5,2.5,2.9,2.8,2.8,3.2,3.3,2.9,3.3,2.6,8.5,8.8,8.7,8.6,9.1,9.2,9.4,9.6,10.1,10.7,11.3,12.3,13.9,15.3,15.4,15.1,14.7,14.2,13.7,13.3,13.1,12.7,12.2,12.1,15.4,11.7,13.7,0.32,5.69,-1.35,1555.5,4.4,0.47,9.41,3.97,3163.5,-9.2,0.27,21.56,16.63,5830.0,4.8,28.3,10240.0,85.0,0.0,0
748,1.7,1.1,1.7,1.7,1.8,1.8,2.0,2.1,2.1,2.6,2.0,2.9,2.6,3.0,3.4,3.6,2.1,1.7,1.3,2.0,1.8,1.4,2.1,2.2,3.6,2.1,10.7,10.5,10.1,9.7,9.4,9.3,8.9,8.6,9.0,8.7,7.9,7.7,7.8,8.3,10.1,11.1,11.8,11.8,11.5,11.6,11.8,11.4,11.3,10.9,11.8,10.0,5.0,0.55,4.88,-1.93,1521.5,-3.8,0.61,5.459634,0.994001,3084.0,-17.8,0.66,27.64,2.42,5670.0,14.05,37.6,10225.0,-30.0,0.23,0
1097,1.7,2.5,2.3,2.3,2.1,2.3,1.8,1.3,2.9,3.4,2.6,2.7,2.8,2.3,2.3,1.8,1.6,1.6,1.2,1.8,2.1,0.3,1.2,2.0,3.4,2.0,12.9,12.4,11.9,11.2,10.4,9.9,9.4,8.6,9.3,10.2,11.4,12.3,13.2,13.9,14.2,14.2,14.1,14.0,13.8,13.8,13.7,13.6,13.4,13.3,14.2,12.3,11.7,0.91,8.97,1.32,1533.5,2.7,0.66,13.93,6.11,3133.0,-11.9,0.03,22.89,4.31,5780.0,28.25,45.8,10190.0,20.0,0.0,0
1828,1.7,1.5,2.4,2.4,2.9,2.8,2.8,2.7,2.8,3.0,2.7,2.7,2.9,2.8,3.9,3.6,3.2,2.7,2.7,3.0,2.7,2.8,2.6,1.9,3.9,2.7,4.5,4.7,4.6,4.5,4.1,3.7,3.2,2.7,2.6,3.0,3.7,5.1,6.7,8.0,9.0,9.1,8.8,8.4,8.4,7.9,7.8,7.6,7.4,7.4,9.1,6.0,1.9,0.67,5.69,-1.63,1551.5,-1.65,0.58,10.69,1.47,3108.0,-14.3,0.39,20.13,-1.38,5725.0,1.6,25.9,10310.0,-25.0,0.13,0
312,1.7,1.7,1.7,1.4,1.4,1.2,2.6,1.9,1.6,1.3,2.6,3.3,2.5,2.3,2.2,2.3,2.1,2.1,1.5,1.7,1.9,2.2,2.4,2.6,3.3,2.0,15.3,15.4,15.2,15.1,15.1,15.0,14.8,14.7,14.7,15.3,15.8,15.0,14.8,14.9,14.9,14.6,14.5,14.4,14.5,14.6,14.5,14.6,14.6,14.6,15.8,14.9,14.0,0.93,4.91,10.86,1511.5,5.8,1.0,9.45,10.4,3131.0,-9.1,0.85,16.89,13.03,5815.0,35.9,45.0,10140.0,-85.0,3.56,0
688,1.7,1.2,0.7,1.3,2.2,2.7,2.3,2.3,3.8,5.6,6.7,6.3,5.4,6.2,4.1,3.7,3.8,4.5,4.9,4.8,4.3,4.9,5.1,4.9,6.7,3.9,15.5,15.4,15.0,16.0,17.8,18.5,18.4,18.5,20.5,22.4,23.7,24.1,24.0,22.2,18.9,18.9,18.8,19.1,19.4,19.4,19.9,20.2,20.4,20.8,24.1,19.5,8.2,0.45,2.63,11.59,1580.5,4.0,0.14,3.25,7.24,3175.0,-13.3,0.07,5.46,2.14,5825.0,-13.9,22.4,10250.0,-65.0,1.07,0
790,1.7,2.1,2.0,2.0,2.3,1.8,2.1,2.5,2.6,3.2,3.1,2.9,1.8,2.1,2.8,1.1,1.4,0.8,0.6,1.6,3.2,3.7,5.1,5.1,5.1,2.4,13.8,13.5,13.3,13.3,13.7,14.0,14.1,14.4,16.0,17.2,17.4,17.8,17.9,17.8,17.4,17.2,17.2,17.0,16.4,16.2,16.9,16.8,17.1,17.3,17.9,16.0,9.4,0.12,-0.6,2.91,1532.0,1.5,0.42,7.12,4.63,3120.0,-16.1,0.09,15.09,-0.25,5745.0,-8.2,24.5,10200.0,-30.0,1.27,0
304,1.7,1.7,1.2,1.2,1.3,1.9,2.1,4.0,2.5,2.5,2.7,1.7,1.8,2.4,2.6,3.0,2.0,1.9,1.7,1.5,2.0,2.1,2.2,2.4,4.0,2.1,10.7,10.3,9.1,8.3,7.8,7.6,7.5,8.1,9.8,11.4,12.7,13.7,13.9,14.0,14.0,14.2,14.1,13.8,13.6,13.5,13.2,13.3,13.2,13.2,14.2,11.7,7.4,0.25,4.25,-7.36,1516.5,1.0,0.28,13.29,-6.82,3095.5,-10.9,0.06,20.62,-8.9,5745.0,-7.3,19.1,10220.0,60.0,0.0,0
999,1.7,1.7,1.3,1.6,1.7,1.8,1.5,1.8,2.0,2.7,3.4,3.3,3.6,3.2,3.2,2.5,1.7,1.0,1.0,1.1,0.9,0.7,1.7,1.7,3.6,2.0,8.6,8.6,8.3,8.2,7.9,7.6,7.9,8.6,8.9,9.3,9.7,10.2,10.4,10.6,10.7,11.1,11.2,11.1,10.7,10.6,10.4,10.3,10.4,10.6,11.2,9.7,5.5,0.03,-9.21,-7.47,1579.0,1.8,0.67,6.84,-4.89,3162.5,-9.7,0.93,18.71,-0.85,5825.0,-25.7,-10.1,10310.0,35.0,0.03,0
2201,1.7,2.1,1.7,0.9,1.3,1.4,1.1,2.3,3.3,3.8,3.4,3.4,2.5,2.1,2.5,2.6,2.6,2.4,1.6,2.2,2.6,3.1,2.1,2.5,3.8,2.3,6.6,6.2,5.5,4.7,3.9,3.4,3.1,3.8,5.6,7.6,9.6,10.7,12.1,12.7,13.3,13.5,13.1,12.4,11.5,10.5,10.1,9.3,8.7,8.9,13.5,8.6,5.2,0.17,6.76,-5.74,1525.0,-1.7,0.07,14.84,-1.3,3088.0,-14.9,0.1,9.872418,0.830116,5710.0,-27.2,18.2,10220.0,80.0,0.0,0
2237,1.7,1.3,0.7,0.3,1.0,1.3,2.1,2.8,4.0,4.8,5.1,5.1,4.6,4.2,4.2,4.2,4.0,3.9,3.0,2.3,1.9,1.3,0.9,1.1,5.1,2.7,13.7,12.6,11.1,9.6,9.6,9.6,9.6,10.3,12.7,15.3,16.6,17.6,18.0,18.3,18.5,18.6,18.2,17.2,15.6,14.3,13.8,13.1,12.3,11.7,18.6,14.1,8.6,0.13,2.43,-7.54,1543.5,1.4,0.03,3.38,-13.67,3132.5,-12.6,0.05,10.42,-11.05,5780.0,-33.7,16.9,10215.0,-15.0,0.0,0
1505,1.7,1.3,0.6,1.2,0.8,1.4,1.2,0.9,0.8,1.9,2.2,3.4,3.6,3.7,2.4,1.9,0.8,2.2,2.2,1.8,1.1,0.2,0.4,0.4,3.7,1.6,0.8,0.1,-1.5,-1.8,-2.4,-2.7,-3.0,-2.5,-0.3,1.4,2.7,4.1,5.8,7.2,8.4,9.1,9.4,9.2,7.8,6.6,5.4,4.1,2.9,2.8,9.4,3.1,-3.9,0.1,9.43,-14.56,1511.5,-0.7,0.05,27.4,-7.08,3047.0,-17.3,0.08,9.872418,0.830116,5655.0,-51.0,1.8,10285.0,90.0,0.0,0
1074,1.7,2.7,3.0,2.7,3.0,2.7,2.7,3.0,3.1,3.8,3.6,3.9,4.0,3.9,3.7,3.8,2.9,2.9,2.6,2.4,2.2,2.3,1.8,2.5,4.0,3.0,7.4,6.8,6.2,6.2,6.1,6.1,6.3,6.4,7.0,8.8,9.8,10.4,11.8,12.5,12.7,12.8,12.2,11.9,11.7,11.3,11.1,11.1,11.2,11.2,12.8,9.5,6.2,0.54,7.94,-0.05,1553.5,1.9,0.2,10.29,2.29,3130.0,-13.2,0.09,17.07,-1.12,5765.0,-3.3,28.9,10275.0,-5.0,0.0,0
2208,1.8,1.2,0.7,1.4,1.5,1.8,3.0,3.2,3.6,3.5,3.4,3.3,2.8,2.1,3.1,2.9,3.0,3.2,2.5,2.7,2.4,2.4,2.1,2.1,3.6,2.5,16.2,16.3,16.4,16.3,16.3,16.1,14.6,12.7,11.3,10.9,10.6,10.6,10.7,10.7,10.7,10.7,10.6,10.3,10.2,10.0,9.7,9.5,9.4,9.3,16.4,12.1,9.8,0.9,7.99,3.2,1546.5,-1.05,0.99,13.73,4.28,3132.0,-15.2,0.63,22.4,3.95,5755.0,33.0,48.35,10210.0,-50.0,3.68,0
362,1.8,3.5,3.4,3.3,3.3,4.7,4.8,4.0,5.4,5.6,5.1,5.2,5.6,5.1,5.1,5.0,5.1,3.5,3.4,3.2,4.1,4.6,3.4,4.1,5.6,4.3,3.5,3.8,3.5,2.9,2.3,1.9,1.4,0.8,0.8,1.2,2.1,3.1,3.7,4.4,5.2,4.7,3.7,1.9,1.2,1.1,0.8,0.6,0.7,0.7,5.2,2.3,4.4,0.05,8.76,-15.3,1467.0,-1.2,0.11,22.57,-5.84,3021.5,-14.9,0.02,9.872418,0.830116,5635.0,-37.8,3.1,10180.0,100.0,0.0,0
1089,1.8,2.1,2.5,2.5,2.4,1.9,2.6,3.1,2.4,3.4,3.4,3.4,3.8,4.1,4.6,4.6,3.3,2.6,2.1,1.9,2.4,3.4,3.6,3.4,4.6,3.0,16.1,16.4,16.9,17.2,17.3,17.1,17.3,17.5,17.4,17.6,17.7,17.8,18.6,18.7,17.1,14.3,12.9,13.0,13.0,12.9,12.6,12.6,12.2,11.3,18.7,15.6,11.3,0.17,9.83,5.07,1475.0,4.9,0.26,12.4,1.53,3075.0,-15.0,0.62,16.86,2.23,5720.0,-10.4,28.1,10120.0,-55.0,0.15,0
2198,1.8,1.3,1.4,1.4,1.5,1.5,1.4,2.0,2.2,2.1,2.1,1.8,1.5,1.2,0.7,0.6,1.5,1.9,1.9,1.2,1.0,1.7,1.2,2.1,2.2,1.6,9.5,9.5,9.4,9.4,9.2,9.1,8.9,8.8,8.6,8.6,8.7,9.2,9.4,10.2,10.9,11.3,11.8,11.8,11.2,10.8,10.3,10.4,11.1,11.3,11.8,10.0,5.9,0.92,1.67,1.57,1458.5,-1.05,0.45,2.17,1.64,3034.5,-19.3,0.57,10.34,9.98,5630.0,20.3,49.1,10140.0,0.0,0.0,0
841,1.8,1.0,0.9,1.4,1.6,1.4,1.6,3.4,3.3,3.0,3.8,4.8,4.2,4.0,5.0,4.7,3.2,2.5,6.9,2.5,1.3,0.5,0.5,1.1,6.9,2.7,21.9,21.9,21.5,21.2,21.1,21.2,21.7,23.2,24.3,25.1,26.1,27.1,27.6,27.2,20.4,17.9,17.8,17.7,18.4,19.5,19.3,18.7,18.4,18.9,27.6,21.6,13.4,0.76,1.06,6.81,1517.0,3.7,0.42,7.87,4.23,3127.5,-12.3,0.38,15.43,0.76,5780.0,23.8,47.1,10140.0,0.0,3.94,0
64,1.8,2.9,2.8,2.6,2.5,3.0,2.9,1.9,2.6,2.8,2.5,2.7,2.9,2.8,3.0,3.0,2.8,3.2,2.6,2.6,2.5,2.1,2.7,2.2,3.2,2.6,20.3,19.4,18.3,17.2,16.0,14.9,14.3,14.3,14.9,15.4,16.1,17.4,18.7,18.7,18.4,17.8,17.4,16.4,16.2,16.2,16.1,16.1,15.8,15.8,20.3,16.8,12.8,0.74,2.97,3.1,1481.0,5.5,0.16,10.57,1.19,3093.0,-14.4,0.32,18.96,0.04,5735.0,9.75,49.65,10105.0,-5.0,0.03,0
2269,1.9,3.8,3.1,2.3,2.3,4.3,2.7,3.6,4.7,3.8,3.1,3.8,1.8,2.2,2.1,2.1,3.3,2.8,3.4,4.2,2.7,3.1,3.1,2.9,4.7,3.1,16.7,16.5,16.1,15.4,15.3,13.8,13.1,13.2,12.9,12.7,12.6,12.5,12.4,12.8,13.2,13.6,13.7,13.4,13.4,12.8,12.5,12.1,11.8,11.6,16.7,13.5,13.8,0.58,5.69,0.35,1468.5,4.0,0.65,7.03,5.06,3079.0,-12.8,0.19,19.43,10.98,5725.0,25.55,44.4,10090.0,-20.0,1.78,0
1136,1.9,1.5,2.0,2.9,3.0,3.4,3.4,3.3,3.3,4.0,4.3,4.3,4.4,3.8,4.1,4.1,4.3,5.2,4.7,5.3,5.2,5.0,5.3,5.6,5.6,3.9,16.0,15.9,15.8,15.8,15.9,15.5,14.9,14.8,14.8,14.9,16.0,17.2,17.3,17.3,17.5,18.0,18.8,19.1,19.1,19.2,19.1,18.9,19.4,19.8,19.8,17.1,11.5,0.8,1.9,1.93,1536.5,2.4,0.49,3.97,5.02,3135.0,-15.0,0.6,8.87,2.52,5765.0,24.25,49.7,10190.0,5.0,0.0,0
1901,1.9,2.9,3.8,4.4,3.8,4.3,5.2,5.1,5.5,5.7,5.7,5.5,4.9,5.5,5.9,5.6,6.0,4.5,3.4,2.3,3.3,3.6,4.8,5.3,6.0,4.5,19.8,20.3,19.6,18.4,17.4,16.4,15.7,14.9,14.4,15.0,16.0,16.6,18.0,18.6,18.6,18.3,17.8,17.2,15.9,14.4,13.8,12.9,12.2,11.3,20.3,16.4,14.3,0.7,2.136487,1.662464,1505.0,6.4,0.59,17.03,4.77,3129.0,-12.3,0.38,21.51,15.31,5790.0,27.05,47.05,10135.0,55.0,0.0,0
2223,1.9,0.8,0.8,3.4,3.0,3.6,3.5,2.6,2.9,3.1,2.9,3.0,4.6,5.0,5.6,5.9,5.8,5.9,6.4,5.3,4.5,4.2,3.8,3.2,6.4,3.8,13.6,13.3,13.3,12.3,11.6,11.0,10.7,10.7,10.8,10.8,10.5,10.2,8.9,8.3,7.8,7.6,7.6,7.3,7.2,7.4,7.4,7.5,7.4,7.3,13.6,9.6,8.4,0.74,2.61,-2.15,1407.5,-1.45,0.72,7.53,4.33,2983.0,-20.3,0.55,13.89,15.84,5570.0,28.15,52.45,10055.0,-40.0,0.08,0
706,1.9,1.9,2.0,2.1,2.0,1.7,2.0,1.8,2.8,3.3,4.3,4.0,3.8,3.8,3.9,4.1,4.0,3.8,3.9,3.9,4.0,3.8,3.2,3.5,4.3,3.1,13.7,13.3,13.1,12.6,12.6,12.6,12.5,12.2,11.6,11.4,11.7,11.8,11.7,12.1,12.3,11.9,11.1,10.6,10.2,9.8,9.4,9.1,8.6,8.3,13.7,11.4,9.8,0.42,6.72,0.94,1488.0,3.3,0.32,8.43,10.13,3073.5,-14.8,0.24,5.39,21.78,5710.0,-4.65,32.65,10150.0,-5.0,0.36,0
341,1.9,1.7,1.0,0.6,0.3,1.2,1.3,1.5,1.8,2.7,3.8,3.8,4.1,4.0,3.7,3.1,2.4,0.9,0.1,0.2,0.4,0.2,0.2,0.3,4.1,1.7,5.4,5.1,4.6,4.3,3.9,3.9,3.9,3.8,5.7,9.2,11.8,13.5,14.8,15.8,16.4,16.8,16.4,14.4,10.8,9.4,8.6,7.5,6.9,6.3,16.8,9.1,9.5,0.39,9.73,-6.77,1513.5,3.1,0.11,11.62,0.81,3108.5,-9.7,0.01,27.73,11.5,5770.0,-12.8,24.9,10215.0,30.0,0.0,0
1483,1.9,2.6,2.8,3.6,3.7,3.5,3.1,3.9,4.1,4.1,3.8,3.7,3.7,3.3,3.8,4.0,3.9,3.3,3.1,3.3,3.0,3.6,3.4,3.0,4.1,3.4,9.1,9.5,9.4,9.2,8.8,8.3,7.3,6.4,5.8,5.6,5.6,5.6,5.6,5.4,5.3,5.4,5.6,5.7,5.7,5.3,5.2,5.0,4.8,4.8,9.5,6.4,6.6,0.18,0.15,1.97,1546.5,2.2,0.97,14.8,8.75,3131.5,-11.9,0.95,20.63,3.77,5785.0,3.6,16.0,10260.0,10.0,1.22,0
711,1.9,1.7,1.4,1.4,1.7,2.0,1.3,1.5,1.9,3.4,2.8,1.4,1.3,2.1,1.8,1.8,1.7,0.7,0.4,0.4,0.6,0.6,0.4,0.3,3.4,1.4,10.3,9.4,8.7,7.7,7.1,6.7,6.0,5.3,5.6,7.8,9.3,10.8,12.1,12.7,13.1,13.4,13.6,12.5,9.7,8.7,7.6,7.2,6.9,5.8,13.6,9.1,8.2,0.17,2.29,-11.2,1586.0,3.4,0.1,8.71,-10.42,3172.0,-13.5,0.1,14.39,-6.32,5825.0,-21.1,18.9,10285.0,-25.0,0.0,0
2222,1.9,1.3,1.0,1.4,1.3,1.4,1.7,2.3,2.2,3.6,3.8,4.2,3.3,2.0,1.6,2.1,0.8,1.7,1.9,2.0,1.9,1.8,1.6,0.8,4.2,2.0,15.2,15.0,14.9,14.8,14.6,14.6,14.6,14.6,14.8,15.1,15.8,17.2,17.4,17.7,18.1,17.9,16.7,16.1,15.8,15.6,15.3,14.7,14.2,14.1,18.1,15.6,11.4,0.77,4.34,3.47,1453.5,4.4,0.14,11.26,6.06,3056.0,-15.1,0.4,20.91,14.86,5690.0,5.15,48.75,10095.0,-45.0,1.22,0
1454,2.0,1.7,1.4,1.7,2.0,0.5,0.8,1.1,2.2,3.2,4.5,5.2,5.3,4.9,4.8,4.3,3.1,2.1,1.1,0.4,0.5,0.2,0.1,0.2,5.3,2.2,8.9,7.7,6.3,5.6,5.3,3.8,2.5,2.6,4.9,7.6,9.6,10.8,11.4,12.2,13.0,13.4,12.7,11.7,9.9,8.0,6.2,5.0,3.6,2.5,13.4,7.7,-0.45,0.21,10.04,-14.34,1502.0,-6.5,0.28,19.32,-21.11,3034.5,-18.2,0.11,29.18,-16.24,5625.0,-24.7,17.0,10220.0,80.0,0.0,0
1890,2.0,2.5,3.5,3.9,0.9,0.8,1.3,1.8,2.9,3.0,2.4,5.7,5.8,6.0,4.9,4.6,4.0,3.7,3.0,2.5,2.5,3.4,3.8,4.2,6.0,3.3,16.5,16.8,17.3,17.7,18.1,18.3,18.2,18.3,19.3,21.3,19.4,13.4,12.9,12.5,12.2,12.6,13.0,12.9,12.9,13.0,12.9,13.1,12.6,12.0,21.3,15.3,16.1,0.04,5.86,11.67,1442.5,8.5,0.02,11.53,7.36,3069.0,-13.0,0.02,14.88,5.75,5740.0,-39.8,18.7,10065.0,-55.0,0.05,0
26,2.0,2.3,2.7,2.3,2.1,1.9,1.8,1.7,2.4,3.2,2.6,3.0,2.6,2.1,2.4,2.1,1.8,1.2,0.1,0.8,0.4,1.7,1.3,0.4,3.2,1.9,9.7,8.9,8.6,8.2,7.4,6.3,5.8,5.6,7.2,9.2,10.6,12.1,13.8,15.1,16.3,17.2,17.4,17.1,14.3,12.7,10.8,10.7,10.1,8.9,17.4,11.0,1.8,0.68,8.07,-10.0,1480.0,-3.0,0.24,15.78,-8.5,3038.5,-20.0,0.22,16.1,-19.47,5615.0,-7.25,37.75,10180.0,15.0,0.0,0
2102,2.0,2.3,2.6,3.4,3.4,2.7,2.7,2.7,2.7,3.2,3.0,3.6,3.2,2.6,2.7,2.7,3.0,2.6,2.5,2.3,2.7,2.8,1.9,1.6,3.6,2.7,19.6,18.0,17.0,16.1,15.7,15.4,15.4,15.6,15.4,15.2,14.8,14.1,13.4,13.1,13.0,12.7,12.4,12.4,12.7,12.8,12.5,11.9,11.4,11.6,19.6,14.3,13.6,0.81,4.83,4.99,1548.0,2.9,0.87,7.57,1.12,3157.5,-11.7,0.91,6.03,5.09,5815.0,33.45,47.1,10170.0,15.0,0.08,0
1466,2.0,1.6,2.1,1.7,1.6,2.1,3.0,3.5,5.3,5.7,5.8,5.9,5.1,5.9,5.9,5.1,4.5,3.4,2.0,1.4,1.6,1.1,1.3,1.8,5.9,3.3,16.4,18.3,19.6,20.2,20.5,20.7,20.6,19.3,15.3,12.3,11.8,10.8,10.2,10.6,12.1,12.9,12.9,12.0,10.7,9.3,8.6,7.7,6.7,6.2,20.7,13.6,12.9,1.0,12.41,13.36,1501.0,7.5,0.31,14.83,6.52,3113.5,-10.4,0.39,29.85,8.0,5790.0,20.7,46.6,10130.0,-55.0,0.18,0
1092,2.1,2.7,1.8,2.5,4.1,3.5,3.8,3.9,3.9,3.4,3.4,4.5,5.0,4.6,4.5,5.0,5.2,4.8,4.5,1.2,3.6,1.7,3.4,1.8,5.2,3.5,7.9,8.7,8.6,8.1,7.7,7.2,6.9,6.6,6.7,6.9,6.3,6.1,6.2,5.8,5.4,6.9,7.2,7.7,8.1,8.3,8.3,8.9,8.6,8.9,8.9,7.4,4.6,0.1,-1.41,-2.33,1547.5,0.6,0.53,5.14,-0.13,3123.5,-15.7,0.48,9.48,5.72,5745.0,-18.6,13.1,10270.0,40.0,3.63,0
36,2.1,2.0,2.3,2.4,2.5,3.2,3.1,3.0,4.1,4.5,5.1,5.2,4.9,4.7,4.5,3.9,3.6,3.1,2.4,1.3,0.8,1.5,1.2,1.4,5.2,3.0,8.6,8.4,8.3,8.5,8.3,7.9,7.3,6.8,6.6,7.2,8.1,9.3,10.6,11.7,12.6,13.1,13.2,12.7,11.3,10.0,8.6,8.3,7.4,6.6,13.2,9.2,1.5,0.8,4.92,-5.9,1450.0,-6.3,0.69,8.9,-3.78,2995.0,-22.9,0.32,15.15,1.24,5550.0,18.3,45.9,10145.0,15.0,0.0,0
2209,2.1,2.4,2.7,2.1,2.0,1.8,1.4,1.3,1.6,1.7,2.1,2.1,2.5,3.2,2.9,2.6,1.8,1.4,1.8,2.1,3.9,4.6,5.3,4.1,5.3,2.5,9.4,9.5,9.6,9.9,10.1,10.2,10.4,10.7,10.8,10.9,11.1,11.4,11.4,11.1,10.9,10.8,11.5,11.8,11.9,12.1,11.1,9.4,8.2,7.7,12.1,10.5,9.8,0.89,-0.09,2.31,1513.5,2.4,0.96,11.72,9.89,3109.5,-12.1,0.87,18.4,9.31,5765.0,29.45,42.15,10180.0,-30.0,1.4,0
1102,2.1,2.2,2.4,2.2,2.5,2.0,1.7,0.9,2.5,2.8,2.2,2.1,1.8,0.8,1.2,0.2,1.1,1.7,1.3,1.3,0.7,0.9,1.1,0.9,2.8,1.6,3.1,2.3,1.7,0.8,-0.1,-0.8,-1.3,-1.5,-0.8,0.3,1.8,3.8,5.5,7.1,8.3,9.4,9.8,9.3,7.6,6.3,4.9,4.3,4.1,3.5,9.8,3.7,-3.4,0.48,8.39,-12.54,1494.5,-4.6,0.38,15.71,-6.52,3027.0,-17.6,0.03,24.11,7.29,5605.0,-26.0,10.0,10240.0,125.0,0.0,0
1114,2.1,2.1,2.7,1.8,1.7,1.6,2.0,2.1,2.5,2.3,2.9,2.7,2.5,2.5,1.6,1.7,1.5,1.3,0.8,1.2,1.3,1.4,1.7,1.4,2.9,1.9,9.7,9.2,8.7,8.5,7.9,7.7,7.7,8.4,8.6,9.0,9.8,10.5,11.3,11.9,12.3,12.4,12.4,12.2,12.0,11.5,11.2,11.1,10.7,10.1,12.4,10.2,6.0,0.13,2.88,-4.94,1511.0,1.25,0.34,16.1,4.2,3087.5,-16.8,0.6,24.47,11.41,5710.0,-8.7,21.1,10200.0,70.0,0.0,0
1071,2.1,1.8,1.5,1.4,1.4,1.2,1.6,2.1,3.1,4.9,5.5,5.5,4.9,4.9,5.2,5.0,4.2,3.7,2.5,1.8,0.6,0.7,0.4,0.1,5.5,2.8,3.6,3.1,2.7,2.3,2.3,2.9,2.7,4.3,8.8,12.9,15.1,16.2,16.9,17.7,18.1,18.6,18.6,18.1,17.4,16.7,15.8,14.1,13.1,12.1,18.6,11.4,2.1,0.14,6.39,-6.62,1521.5,-2.1,0.06,13.56,-10.59,3080.0,-14.3,0.16,24.87,-7.97,5705.0,-36.5,9.8,10255.0,15.0,0.0,0
25,2.1,2.3,1.4,0.8,0.6,0.6,1.9,3.6,5.0,6.0,6.4,7.1,7.0,7.3,7.5,7.2,6.8,6.1,5.5,4.9,5.1,4.1,3.4,3.0,7.5,4.4,15.3,15.4,15.3,14.8,14.4,14.3,14.6,14.6,14.3,14.6,15.1,15.8,16.8,17.4,18.1,18.4,18.7,17.9,16.4,15.0,13.3,12.1,11.2,10.4,18.7,15.2,7.5,0.63,7.73,5.93,1493.0,-2.9,0.93,12.82,5.86,3064.0,-19.2,0.43,18.8,10.98,5655.0,24.75,44.8,10165.0,-45.0,0.56,0
820,2.1,2.7,2.4,1.3,2.2,2.6,2.1,2.1,2.3,2.0,2.4,2.4,2.5,2.4,2.4,2.6,2.4,2.9,2.3,1.8,1.5,1.4,1.0,0.5,2.9,2.1,15.3,14.8,14.4,14.2,14.0,13.8,13.7,13.6,13.7,13.8,14.3,14.8,15.4,15.6,16.4,17.1,17.2,16.6,15.9,14.6,13.8,13.1,12.4,11.5,17.2,14.6,10.0,0.88,5.88,1.17,1532.5,2.5,0.66,12.75,-3.9,3129.5,-16.2,0.49,11.2,2.98,5760.0,28.65,50.3,10190.0,5.0,0.03,0
1440,2.1,2.3,1.9,1.6,1.4,2.4,2.3,1.3,1.7,2.7,3.1,3.2,2.8,3.0,3.4,3.0,2.1,1.6,1.6,0.3,0.3,0.7,1.8,2.5,3.4,2.0,8.0,7.3,6.2,5.2,4.2,3.8,3.4,2.9,3.5,5.2,6.9,7.9,8.8,9.9,10.9,11.5,11.3,10.3,9.0,7.3,5.6,6.2,6.9,7.1,11.5,7.1,5.8,0.12,4.21,-6.17,1520.0,-0.05,0.09,17.09,-4.23,3085.0,-16.6,0.14,9.872418,0.830116,5695.0,-25.3,18.8,10225.0,80.0,0.0,0
2484,2.1,2.0,2.5,2.3,2.0,2.3,2.3,2.4,3.1,3.1,2.8,3.3,3.4,3.0,3.0,3.0,3.6,2.3,2.0,1.6,1.1,1.7,1.4,1.3,3.6,2.4,11.7,11.1,10.5,9.8,9.2,9.2,9.7,10.0,10.4,10.6,10.8,11.0,11.2,11.5,11.4,11.2,10.6,10.7,10.8,10.9,11.1,11.2,11.2,11.3,11.7,10.7,11.9,0.39,10.25,-1.68,1521.5,3.9,0.19,12.25,-3.35,3122.0,-12.0,0.24,17.27,-2.14,5790.0,1.3,34.3,10180.0,15.0,0.0,0
747,2.1,2.2,2.4,2.1,2.5,2.4,2.9,2.5,2.9,2.3,3.3,3.0,3.7,4.1,3.5,2.7,3.4,3.4,2.8,2.2,2.2,2.1,3.0,2.1,4.1,2.7,7.8,7.3,6.9,6.6,6.1,5.9,5.9,5.8,5.7,5.8,7.0,8.9,10.8,12.4,12.9,13.4,13.3,11.9,10.7,10.1,9.9,10.3,11.0,10.9,13.4,9.1,4.0,0.21,4.0,-4.0,1535.0,-1.05,0.24,15.37,1.75,3102.5,-18.0,0.45,27.85,6.14,5700.0,-11.0,23.5,10255.0,-10.0,0.0,0
1168,2.1,3.4,3.0,2.9,2.9,3.2,3.3,3.3,3.7,4.1,4.2,3.7,3.8,4.4,3.7,4.7,4.8,4.5,1.9,2.9,2.5,3.4,3.6,4.2,4.8,3.5,13.0,12.1,11.7,11.2,10.8,10.3,9.7,9.6,9.8,10.1,10.3,10.4,9.2,7.8,7.5,7.4,8.2,8.1,8.6,8.4,8.3,9.0,9.2,9.3,13.0,9.6,7.9,0.55,4.66,-0.2,1531.0,-0.35,0.64,15.17,-2.67,3105.0,-17.6,0.2,18.11,-5.69,5710.0,17.4,42.5,10230.0,10.0,5.64,0
724,2.1,2.1,2.5,2.8,3.7,3.4,2.8,3.6,3.1,2.8,2.6,3.4,5.0,5.4,6.6,7.2,6.3,5.2,5.7,5.6,5.0,4.3,4.6,5.1,7.2,4.2,14.0,14.0,14.1,13.8,13.7,13.4,13.2,13.8,14.4,14.7,15.4,17.2,18.8,18.9,19.4,18.3,16.9,16.2,15.9,15.9,15.8,15.7,15.9,15.9,19.4,15.6,7.5,0.88,0.32,0.88,1583.5,2.1,0.29,9.96,0.51,3159.5,-13.5,0.03,17.53,9.16,5795.0,8.15,40.15,10270.0,15.0,0.0,0
2162,2.1,2.2,2.6,2.6,2.2,1.7,1.6,1.4,2.1,3.9,3.9,3.7,3.8,4.2,4.1,4.1,3.8,3.2,2.8,3.1,3.0,3.5,2.8,2.3,4.2,2.9,11.8,11.9,12.1,12.1,12.1,12.0,11.8,11.8,12.9,15.4,16.7,17.4,17.7,17.6,17.1,16.6,16.2,15.8,15.7,15.4,15.3,15.5,15.7,16.2,17.7,14.7,7.6,0.49,0.83,0.88,1539.0,-0.75,0.78,6.28,5.45,3113.5,-15.7,0.43,13.36,-2.52,5725.0,16.25,35.5,10225.0,10.0,0.0,0
1829,2.1,2.4,2.1,2.5,3.7,3.8,3.3,3.6,3.8,2.8,2.1,1.9,3.0,3.0,2.8,2.5,1.8,2.4,2.7,2.1,2.3,2.3,2.2,1.7,3.8,2.6,7.0,6.8,6.4,5.6,5.1,4.3,3.4,3.1,2.9,3.3,5.0,5.8,6.1,6.8,7.3,7.3,6.4,6.5,6.6,6.7,6.8,6.9,7.1,7.1,7.3,5.8,5.9,1.0,7.21,1.84,1541.5,-2.6,0.99,14.59,-0.07,3110.5,-17.8,0.28,19.62,-6.21,5700.0,29.45,47.4,10250.0,-60.0,2.49,0
2155,2.1,1.6,1.0,0.9,0.8,0.6,0.4,0.5,1.2,1.7,1.7,2.9,3.5,3.9,4.1,3.8,2.7,1.3,0.5,0.3,0.3,0.3,0.4,0.3,4.1,1.5,9.3,8.3,7.2,6.1,5.4,4.5,3.2,2.9,6.1,9.9,13.0,14.9,15.6,16.5,16.7,16.9,16.9,15.6,12.3,10.5,8.4,7.5,6.3,5.4,16.9,10.0,6.7,0.17,5.49,-10.05,1569.0,0.45,0.41,14.75,-12.37,3144.5,-14.0,0.38,20.54,-10.64,5775.0,-10.1,15.4,10270.0,25.0,0.0,0
1075,2.2,2.4,2.5,2.5,2.6,2.4,3.0,3.1,2.7,2.4,2.7,2.8,2.8,2.4,2.9,2.3,2.7,2.3,2.2,2.7,2.9,2.9,2.8,3.1,3.1,2.6,11.4,11.6,11.5,10.8,10.2,9.9,9.7,9.4,9.4,9.0,8.6,8.2,8.1,8.2,8.3,8.4,8.4,8.3,8.4,8.9,9.2,9.6,9.6,9.4,11.6,9.4,8.1,0.93,4.91,1.57,1565.5,1.15,0.57,12.2,-2.29,3143.5,-14.2,0.06,16.12,-1.59,5785.0,21.25,43.55,10250.0,-25.0,2.54,0
72,2.2,2.2,1.8,1.8,2.1,2.5,2.5,2.0,3.4,3.6,3.8,4.8,4.7,5.0,4.1,3.8,2.8,2.9,2.5,2.7,3.2,3.7,3.2,2.3,5.0,3.1,11.9,12.2,12.8,13.3,13.6,13.9,14.2,14.4,15.1,15.3,15.7,16.9,17.9,17.4,17.3,16.4,16.4,16.2,16.0,15.9,16.3,16.2,15.9,15.8,17.9,15.3,7.0,0.75,1.78,5.54,1579.0,-2.6,0.88,7.48,-2.48,3148.0,-17.5,0.55,13.23,-1.24,5755.0,25.65,44.75,10270.0,-40.0,1.24,0
811,2.2,2.1,1.7,1.6,1.5,1.3,1.4,2.6,3.0,3.0,3.8,3.9,4.1,4.0,3.5,3.1,2.5,1.4,0.3,0.4,0.4,0.2,0.2,0.1,4.1,2.0,11.2,10.5,9.5,8.8,8.1,7.6,7.1,8.9,11.3,13.0,14.4,15.6,16.6,17.4,18.0,18.5,18.7,18.7,17.3,14.1,12.5,11.2,10.1,9.8,18.7,12.9,5.0,0.36,8.77,-12.13,1518.0,-1.5,0.11,16.87,-12.29,3080.5,-17.0,0.45,27.31,11.73,5685.0,-16.5,31.0,10205.0,100.0,0.0,0
2114,2.2,1.7,1.6,1.5,1.4,1.3,1.7,2.1,1.8,1.7,1.7,1.8,2.8,2.1,1.7,1.9,2.1,1.9,1.7,1.9,1.9,1.8,1.6,1.9,2.8,1.8,13.8,13.5,13.2,13.3,13.6,13.7,13.8,13.8,14.1,14.4,15.1,15.8,15.8,16.1,16.6,16.4,15.9,15.3,14.9,14.8,14.7,14.6,14.3,13.9,16.6,14.6,14.3,0.43,0.78,1.35,1559.5,9.4,0.23,3.37,1.88,3185.5,-8.0,0.25,12.65,3.41,5885.0,5.1,32.1,10200.0,35.0,0.0,0
1058,2.2,1.6,2.4,1.8,1.3,0.6,0.5,0.6,1.2,1.0,0.8,0.5,1.6,1.6,2.0,1.4,1.4,1.1,2.0,2.0,1.4,1.7,1.0,0.1,2.4,1.3,8.7,7.4,6.6,5.7,4.7,4.0,3.1,3.0,5.3,7.4,8.9,10.4,11.6,12.7,13.5,13.9,13.9,12.2,10.3,9.1,8.4,8.0,7.9,6.7,13.9,8.5,4.9,0.71,2.96,-3.52,1503.0,1.35,0.51,10.07,-2.08,3080.5,-16.7,0.11,9.62,0.07,5705.0,9.35,38.3,10210.0,-25.0,0.0,0
2175,2.2,2.3,2.5,2.6,2.0,1.7,1.6,1.4,1.7,1.5,1.3,1.7,2.0,1.5,1.6,0.3,0.4,0.3,0.4,0.6,1.0,0.7,1.9,3.0,3.0,1.5,5.7,6.2,7.0,7.7,8.3,8.7,9.2,9.8,10.7,12.2,12.9,14.0,14.9,15.6,16.3,16.8,16.7,16.8,16.7,16.8,16.7,16.3,15.8,15.0,16.8,12.8,8.3,0.57732,3.81,6.22,1565.5,2.5,0.406445,13.89,1.08,3158.0,-12.4,0.304716,16.31,4.01,5810.0,10.511051,37.388335,10280.0,-65.0,1.57,0
1035,2.2,2.0,2.0,1.9,1.8,1.7,1.4,1.4,2.1,2.5,2.8,3.4,3.2,2.9,2.9,2.5,2.2,1.6,0.8,0.3,0.2,0.4,0.4,0.4,3.4,1.8,5.6,4.9,4.3,4.0,3.6,3.2,2.8,3.9,6.3,8.1,9.6,11.2,12.4,13.6,14.0,14.3,14.1,12.8,10.9,8.6,7.3,6.6,6.2,5.4,14.3,8.1,8.2,0.12,6.76,-6.89,1518.0,2.5,0.51,20.29,1.91,3108.0,-11.1,0.37,33.62,1.74,5770.0,-12.95,12.6,10220.0,100.0,0.0,0
7,2.2,2.9,3.4,4.2,4.7,4.7,5.3,4.9,5.2,6.0,5.9,6.1,6.8,6.3,6.3,6.4,5.7,3.6,1.5,0.7,0.0,0.0,0.8,0.5,6.8,3.9,5.5,5.8,6.0,6.0,5.9,6.1,6.3,6.6,6.9,7.8,9.1,10.5,11.6,12.8,13.9,14.7,14.9,14.2,12.2,10.1,8.8,7.1,5.9,6.1,14.9,9.0,3.35,0.73,16.14,4.53,1382.5,-2.45,0.08,18.29,8.03,2933.0,-20.1,0.2,19.22,18.21,5515.0,-10.1,42.0,10065.0,25.0,0.0,0
1482,2.2,2.2,2.5,2.6,2.4,2.3,2.8,3.0,2.9,3.5,3.8,3.9,3.4,3.7,3.0,2.9,2.4,2.6,2.3,2.1,2.8,2.5,1.9,2.0,3.9,2.7,12.7,12.2,12.1,11.7,11.3,10.9,10.9,10.8,10.8,11.1,11.8,12.1,12.2,12.3,12.3,12.3,12.2,11.8,10.9,10.1,10.2,9.8,9.1,9.1,12.7,11.3,9.2,0.83,10.7,-2.58,1559.0,3.2,0.73,15.42,0.58,3156.0,-10.5,0.81,26.44,1.28,5805.0,21.3,36.4,10250.0,-5.0,0.05,0
723,2.3,1.5,1.9,2.0,2.8,2.8,3.8,3.7,3.7,3.9,3.6,3.5,4.6,4.3,4.8,4.0,3.3,3.6,3.3,2.6,3.3,2.5,2.5,2.3,4.8,3.2,8.9,10.3,11.0,11.6,12.4,12.8,12.7,12.7,12.4,12.5,13.2,14.9,15.8,16.1,16.1,16.0,15.7,15.2,14.9,14.8,14.6,14.4,14.3,14.2,16.1,13.6,5.4,0.49,2.136487,1.662464,1545.5,3.4,0.2,8.4,8.4,3136.5,-14.9,0.03,16.93,8.02,5770.0,-19.1,19.8,10255.0,-30.0,0.0,0
788,2.3,1.8,1.1,1.1,0.5,0.4,0.3,1.0,2.6,3.2,2.5,1.5,1.5,1.5,2.4,2.5,3.4,3.8,3.7,3.4,3.0,2.2,0.4,0.0,3.8,1.9,9.3,8.2,7.1,6.4,5.8,4.8,4.4,5.8,9.0,11.6,13.2,14.4,15.7,16.6,17.4,17.9,17.8,16.8,15.1,13.8,13.0,12.5,11.9,10.8,17.9,11.6,7.7,0.06,3.61,-8.18,1530.5,-0.7,0.01,10.15,-5.32,3111.5,-15.3,0.1,22.8,-7.08,5730.0,-44.8,13.5,10230.0,85.0,0.0,0
698,2.3,2.7,2.8,2.5,2.2,3.1,3.1,3.4,4.4,5.0,5.5,5.4,4.6,5.2,5.8,5.7,6.3,5.5,5.1,4.6,4.0,4.8,4.5,4.0,6.3,4.3,20.6,20.2,20.2,20.3,20.2,21.1,21.2,21.4,21.3,19.2,16.4,17.1,18.7,19.3,19.1,17.6,14.7,13.4,13.1,12.4,12.3,12.6,12.3,11.7,21.4,17.3,12.6,0.83,1.79,17.09,1483.5,7.3,0.57,7.12,11.88,3096.0,-12.3,0.55,10.81,15.6,5765.0,26.5,46.8,10105.0,-95.0,0.36,0
1160,2.3,2.3,2.3,2.6,2.7,2.5,2.5,2.8,3.4,3.4,4.2,4.4,4.6,5.2,5.6,5.1,5.1,5.3,3.8,2.9,1.9,2.2,2.1,2.2,5.6,3.4,9.7,9.0,9.3,9.6,9.6,9.6,9.5,9.6,10.1,10.7,11.7,12.3,13.8,14.5,14.4,14.7,14.3,13.8,12.9,12.2,11.2,10.6,9.8,9.1,14.7,11.3,3.6,0.42,2.0,-4.94,1500.5,-2.6,0.42,7.53,4.09,3057.5,-19.6,0.31,17.25,12.02,5645.0,1.5,35.4,10190.0,-10.0,0.0,0
1064,2.3,2.7,2.7,2.7,3.3,3.0,2.6,1.9,2.4,3.4,3.3,4.2,4.2,3.0,1.9,0.4,2.0,1.5,1.5,2.3,2.2,2.6,2.9,2.8,4.2,2.6,2.8,2.3,1.8,1.7,1.8,1.7,2.2,2.7,3.1,3.3,3.4,3.6,3.3,4.1,5.1,6.3,7.2,7.2,7.4,7.4,7.1,6.6,6.3,5.9,7.4,4.3,12.2,0.85,2.136487,1.662464,1528.0,3.2,0.94,11.53,15.34,3131.0,-13.1,0.31,17.15,17.65,5790.0,34.1,48.15,10210.0,10.0,1.47,0
412,2.3,2.2,2.4,2.3,2.4,1.9,2.4,3.3,3.4,4.1,4.8,5.4,5.4,5.5,4.9,4.8,4.2,3.7,3.9,2.9,3.3,2.8,2.1,2.0,5.5,3.4,7.5,6.6,5.8,4.9,4.4,3.9,3.5,3.7,5.2,7.5,9.4,10.7,11.6,12.1,12.8,13.4,13.1,13.0,12.4,12.2,12.6,12.6,12.3,12.4,13.4,9.3,3.1,0.07,1.73,-7.99,1544.0,1.5,0.13,11.49,-15.92,3105.5,-13.0,0.23,24.45,-11.8,5750.0,-41.3,1.7,10280.0,80.0,0.0,0
738,2.3,2.1,2.0,2.8,3.0,3.3,3.9,4.0,3.5,3.1,3.3,3.6,3.0,3.4,3.7,3.8,3.4,3.5,3.1,3.0,3.0,3.4,2.3,1.8,4.0,3.1,8.7,8.3,8.1,8.2,8.2,8.0,7.7,7.7,7.8,8.1,9.0,9.4,10.0,10.4,10.7,11.3,11.6,11.7,12.0,12.3,12.6,13.4,14.4,15.6,15.6,10.2,10.2,0.12,0.31,-1.77,1531.0,1.7,0.44,13.38,-3.58,3119.0,-12.1,0.29,23.68,-8.62,5765.0,-7.0,15.1,10225.0,80.0,0.0,0
2527,2.3,2.3,2.7,2.2,2.4,3.0,2.9,2.4,2.3,2.5,1.7,1.7,2.3,2.1,1.5,0.6,1.4,0.4,0.3,0.1,0.3,1.1,0.7,0.7,3.0,1.7,1.8,1.7,1.6,1.4,1.2,1.0,0.7,0.6,0.5,0.8,1.3,2.6,3.6,5.3,6.7,7.9,8.2,7.2,4.6,3.1,1.9,2.2,1.5,0.9,8.2,2.8,-0.6,0.56,-1.05,-6.28,1473.0,-3.4,0.86,11.78,-2.97,3025.0,-17.9,0.77,19.82,11.83,5620.0,7.1,26.75,10220.0,-35.0,0.0,0
310,2.3,2.3,2.9,2.6,3.1,3.4,3.2,2.8,3.8,2.7,3.1,4.4,3.8,3.0,2.3,2.6,2.5,3.7,2.6,2.2,2.1,2.0,2.4,2.6,4.4,2.8,14.4,14.5,14.6,14.7,14.4,14.1,13.9,14.5,14.9,15.0,12.1,11.2,11.0,12.0,13.4,14.5,15.5,15.2,15.2,15.0,14.7,15.0,15.3,15.5,15.5,14.2,14.3,0.47,3.48,3.64,1590.0,7.1,0.52,8.34,5.35,3211.5,-10.2,0.5,14.93,5.93,5895.0,5.25,24.45,10255.0,40.0,11.89,0
1484,2.3,2.5,2.5,3.3,3.4,3.4,3.3,3.2,4.2,3.3,2.8,3.3,4.1,4.1,4.1,4.7,4.3,3.5,3.4,3.4,2.5,1.9,0.5,0.5,4.7,3.1,4.8,4.7,4.8,4.8,4.3,4.1,3.9,3.8,3.9,4.1,4.4,4.8,5.2,5.4,5.7,6.0,6.0,5.9,6.1,6.1,5.7,5.5,4.4,2.9,6.1,4.9,10.0,0.9,12.07,9.66,1492.5,1.45,0.93,21.9,7.34,3085.0,-11.7,0.97,23.67,17.73,5735.0,29.15,41.8,10195.0,-65.0,0.15,0
2199,2.4,2.1,1.3,1.7,2.2,2.4,1.8,1.9,2.1,2.2,2.3,3.0,3.1,2.9,3.4,3.0,2.8,3.2,2.9,3.2,3.1,3.4,3.2,1.0,3.4,2.5,11.2,11.2,11.0,10.7,10.6,10.3,10.3,10.1,10.2,10.6,11.8,13.6,14.3,14.8,15.3,15.9,15.8,15.3,14.8,14.1,13.3,13.1,13.0,12.8,15.9,12.7,6.8,0.57732,-3.01,1.95,1448.5,-0.45,0.406445,-0.37,2.47,3023.0,-15.6,0.304716,6.21,4.68,5645.0,10.511051,37.388335,10120.0,-20.0,1.02,0
1847,2.4,1.3,2.1,2.1,1.7,1.5,1.4,1.9,2.3,3.2,3.3,3.6,3.9,3.5,3.4,3.2,3.0,2.9,3.8,4.0,3.1,1.9,1.8,3.1,4.0,2.7,17.1,16.6,16.0,15.6,15.4,14.9,15.1,15.9,16.8,17.4,17.9,18.2,18.4,18.5,18.0,17.9,17.3,17.1,17.3,17.6,17.4,17.6,17.8,18.6,18.6,17.1,9.4,0.89,4.49,-0.68,1569.5,3.6,0.52,10.95,-6.14,3168.0,-10.7,0.21,23.29,-4.11,5825.0,19.2,38.4,10235.0,25.0,0.0,0
2486,2.4,2.2,2.5,3.1,2.8,3.4,3.5,3.1,3.8,3.8,3.8,3.5,3.4,3.8,3.5,3.3,3.4,2.9,3.2,3.0,2.8,3.0,3.4,3.3,3.8,3.2,11.8,11.9,11.9,11.8,11.8,11.8,11.7,11.8,12.2,12.6,12.9,13.3,13.7,13.6,13.6,13.6,13.6,13.6,13.9,14.2,14.8,15.1,15.2,15.5,15.5,13.2,13.9,0.52,1.24,-4.96,1565.5,3.6,0.83,7.05,5.07,3173.5,-11.5,0.12,9.02,4.9,5835.0,26.65,40.8,10255.0,45.0,0.0,0
2264,2.4,2.1,2.6,2.4,2.1,2.0,2.1,2.6,3.0,2.3,3.0,5.7,4.6,3.0,3.7,1.4,0.8,1.0,1.1,0.6,0.8,0.2,0.4,0.7,5.7,2.1,16.8,16.2,16.2,16.2,16.0,15.9,15.7,16.9,19.5,20.7,20.7,15.3,15.0,15.1,15.6,16.8,17.6,18.0,17.7,16.9,16.4,15.9,15.3,14.8,20.7,16.7,11.0,0.48,-1.83,4.24,1509.5,3.3,0.57,3.0,3.58,3109.5,-12.6,0.07,7.55,1.33,5755.0,14.35,34.75,10155.0,-5.0,1.3,0
1029,2.4,2.2,1.8,2.5,3.1,3.3,3.5,3.9,4.0,4.5,4.5,4.5,4.8,5.8,5.3,5.1,5.9,6.3,6.4,6.5,6.1,5.2,4.3,4.1,6.5,4.4,14.8,14.6,14.9,14.8,14.3,13.8,13.3,12.9,12.4,11.9,11.3,11.3,10.7,9.7,9.6,10.4,10.4,9.6,8.9,8.7,8.4,8.2,7.9,7.6,14.9,11.3,15.9,0.83,3.09,16.85,1461.5,5.8,0.82,6.16,17.72,3085.5,-9.1,0.04,15.88,17.5,5770.0,35.0,47.15,10060.0,-5.0,0.66,0
655,2.4,3.0,3.0,2.9,2.7,2.5,1.8,1.4,3.1,3.8,3.9,3.6,5.5,5.0,6.4,4.7,2.3,1.5,1.4,3.5,2.7,2.3,2.6,0.9,6.4,3.1,22.3,22.6,22.6,22.7,22.4,22.4,22.1,22.4,24.5,25.9,26.1,25.5,27.7,28.6,20.6,18.6,17.1,16.4,16.2,15.8,15.4,15.2,14.5,13.4,28.6,20.9,12.3,0.35,-0.78,10.36,1548.5,4.9,0.47,2.69,7.2,3153.5,-10.6,0.15,5.94,4.31,5830.0,-3.9,30.3,10180.0,-30.0,0.51,0
2154,2.4,2.1,3.1,3.3,2.9,3.2,2.9,2.7,2.7,3.3,3.0,2.4,2.4,3.0,3.1,3.3,3.2,2.4,1.9,1.7,1.3,2.0,2.2,2.2,3.3,2.6,9.5,8.5,8.2,8.2,7.8,7.4,7.1,6.9,8.6,10.5,12.2,13.8,16.3,17.4,18.2,18.7,18.0,16.4,14.7,13.5,12.4,11.3,10.7,9.9,18.7,11.9,7.9,0.04,9.84,-6.79,1550.5,3.0,0.12,11.79,-6.78,3135.0,-12.1,0.05,16.48,-7.78,5785.0,-33.1,3.5,10245.0,-10.0,0.0,0
2183,2.5,2.3,2.4,2.3,2.3,3.4,2.8,3.4,3.5,3.6,4.2,4.2,3.3,4.7,4.3,3.8,3.5,4.2,3.4,4.2,5.1,4.6,5.1,3.3,5.1,3.6,16.4,16.6,16.2,16.1,16.4,17.2,17.3,17.4,17.8,18.3,18.4,18.0,18.2,18.6,18.5,18.4,18.4,18.1,18.4,18.6,18.7,18.6,18.7,18.2,18.7,17.8,10.0,0.73,1.7,3.17,1514.5,1.5,1.0,8.01,3.62,3108.5,-12.1,0.45,15.83,1.34,5750.0,27.05,39.2,10165.0,-30.0,4.78,0
1161,2.5,2.4,2.1,2.3,2.2,2.0,1.6,2.6,3.6,4.5,5.3,5.5,5.7,5.7,5.1,4.7,4.8,4.2,3.3,1.9,1.1,0.6,0.7,0.3,5.7,3.1,8.7,8.0,7.6,7.1,6.7,6.4,6.1,7.4,10.2,12.5,13.7,14.8,15.6,16.5,17.3,17.9,18.0,17.7,16.8,15.4,13.6,11.7,10.4,9.4,18.0,12.1,-0.05,0.68,3.08,-9.93,1485.0,-8.3,0.63,6.71,-9.82,3012.5,-24.8,0.26,11.33,-13.35,5545.0,12.3,44.6,10180.0,-10.0,0.0,0
2519,2.5,3.0,2.6,2.6,2.6,2.4,3.0,3.1,3.0,2.7,3.2,3.2,2.2,1.3,2.3,1.8,1.6,0.8,2.1,1.9,1.5,0.7,0.5,0.4,3.2,2.1,10.1,9.9,9.7,9.5,9.3,9.2,9.1,8.9,9.1,9.7,10.8,12.2,13.1,13.9,14.6,14.8,14.6,14.3,13.8,12.9,11.9,10.3,9.6,8.7,14.8,11.2,4.9,0.98,-2.68,3.67,1563.0,-2.2,0.99,8.72,5.23,3130.0,-17.3,0.2,24.22,1.09,5730.0,26.7,44.15,10270.0,-20.0,0.0,0
1065,2.5,2.6,2.3,2.2,2.1,1.8,2.1,2.2,2.0,2.4,2.4,2.6,2.2,1.9,2.0,2.0,2.3,1.9,1.5,1.4,0.9,1.3,2.9,3.5,3.5,2.1,5.5,5.2,5.1,4.7,4.7,4.7,4.6,4.2,4.3,4.3,4.7,5.4,6.8,8.8,10.4,11.3,10.8,9.8,9.1,8.1,7.4,6.6,6.6,6.1,11.3,6.6,12.1,0.73,16.16,6.29,1547.5,4.8,0.33,17.42,15.96,3148.5,-9.5,0.1,22.59,6.93,5845.0,13.2,37.7,10220.0,10.0,0.0,0
1094,2.5,1.7,1.4,1.5,1.6,1.6,1.3,1.1,0.9,1.2,1.9,1.1,1.1,1.6,1.4,2.3,2.5,2.5,2.3,2.1,2.0,1.6,2.5,2.3,2.5,1.7,6.8,6.7,6.6,6.5,6.4,6.3,6.4,6.3,6.3,6.4,6.7,7.0,7.3,7.5,7.8,7.8,7.7,7.3,7.2,7.1,7.2,7.3,7.4,7.4,7.8,7.0,9.7,0.37,9.45,-6.38,1520.0,4.9,0.03,12.68,-7.6,3119.5,-12.9,0.02,23.19,-9.94,5770.0,-20.7,31.7,10210.0,30.0,0.0,0
1039,2.5,2.5,2.5,2.7,2.4,3.0,4.0,4.3,4.5,4.5,3.9,3.8,4.6,4.9,4.2,4.2,3.5,2.9,3.0,2.5,2.7,2.8,3.0,3.0,4.9,3.4,8.2,7.4,7.1,7.0,7.0,6.9,6.5,6.0,5.7,5.6,5.9,5.8,5.6,5.9,6.4,6.4,6.6,6.5,6.3,6.1,6.1,5.9,5.8,5.6,8.2,6.3,7.8,0.84,0.04,-2.05,1518.5,4.0,0.9,14.04,9.4,3117.5,-10.1,0.89,21.09,14.82,5785.0,21.55,33.2,10215.0,50.0,5.13,0
2518,2.5,2.2,2.2,2.6,2.6,2.3,2.5,2.7,2.8,3.8,4.5,4.2,2.7,3.0,2.9,2.8,3.3,3.5,3.8,4.1,3.0,2.7,2.6,2.8,4.5,3.0,7.3,7.6,8.1,7.9,7.8,8.1,8.3,8.3,8.1,6.9,7.2,6.6,7.4,8.1,8.3,9.1,9.8,9.9,10.1,10.0,10.1,10.1,10.2,10.2,10.2,8.6,4.5,0.42,0.63,4.96,1571.5,-2.05,0.46,6.96,4.43,3137.0,-16.5,0.12,12.52,0.88,5745.0,-16.2,22.45,10290.0,-60.0,1.17,0
313,2.5,1.4,1.5,1.7,3.0,2.7,2.1,2.4,2.8,2.7,2.9,3.0,3.3,2.9,2.5,1.8,1.7,1.5,1.0,0.3,1.2,1.8,2.5,2.3,3.3,2.1,14.6,14.4,14.4,14.4,14.3,14.3,14.6,14.7,14.9,15.3,15.6,15.8,16.7,17.0,17.1,17.0,16.9,17.2,17.2,17.1,17.1,16.8,16.3,15.8,17.2,15.8,12.7,0.8,1.25,1.74,1483.0,4.1,0.63,3.59,4.32,3089.5,-11.9,0.62,9.18,11.96,5750.0,27.35,45.55,10105.0,-35.0,0.03,0
66,2.5,4.2,6.4,6.7,2.1,1.1,3.9,7.0,9.2,8.3,8.7,8.8,9.0,9.6,9.1,8.9,8.7,7.6,6.3,6.2,6.0,5.4,4.9,3.9,9.6,6.4,13.9,13.6,13.9,13.9,12.6,12.2,13.3,13.8,12.8,10.2,9.1,9.3,7.9,7.6,7.1,7.4,7.2,6.9,6.6,6.5,6.4,6.3,6.0,5.6,13.9,9.6,11.3,0.79,10.13,4.4,1372.5,3.6,0.55,11.79,16.15,2972.5,-13.8,0.24,23.71,24.93,5625.0,24.5,46.4,9995.0,-55.0,0.05,0
644,2.5,2.9,3.4,3.4,3.3,3.0,3.2,3.0,3.1,3.4,3.7,3.8,4.3,4.2,4.6,3.8,4.1,3.5,1.7,0.9,0.8,0.8,0.3,0.9,4.6,2.9,13.1,12.6,12.0,11.4,11.0,10.9,10.7,10.8,10.9,11.8,13.2,14.6,14.4,14.4,14.6,14.5,14.4,14.2,13.5,12.6,11.6,10.9,10.1,9.6,14.6,12.4,12.5,0.8,3.3,4.49,1540.5,4.6,0.77,11.32,4.12,3150.5,-10.1,0.53,16.51,15.44,5815.0,28.05,41.85,10195.0,45.0,0.53,0
1827,2.5,2.1,2.0,2.2,2.1,2.4,2.1,2.5,2.8,3.8,3.3,2.9,2.8,2.3,1.8,2.7,2.9,2.7,2.2,1.9,2.3,2.6,2.2,1.9,3.8,2.5,1.2,0.6,0.1,-0.5,-1.0,-1.5,-1.8,-2.0,-1.4,-0.3,1.1,2.8,4.0,5.6,6.6,6.8,6.3,5.5,4.5,3.7,3.6,3.9,4.2,4.5,6.8,2.3,2.4,0.18,1.49,-7.96,1559.5,-2.3,0.43,10.81,-8.23,3119.0,-11.0,0.27,23.91,-12.49,5750.0,-14.7,6.3,10335.0,90.0,0.0,0
2224,2.5,1.5,0.6,1.9,2.8,3.4,3.0,2.9,3.3,4.0,3.8,3.3,3.3,3.4,3.9,3.7,3.0,2.5,1.4,0.8,0.1,0.4,0.8,0.4,4.0,2.4,7.0,6.4,5.8,6.1,5.9,5.3,4.7,4.6,6.1,7.6,9.4,11.2,12.7,13.6,14.4,15.0,15.2,14.9,14.0,12.5,10.4,8.8,8.3,8.2,15.2,9.5,2.2,0.93,2.71,-7.32,1425.0,-3.6,0.72,4.72,-4.95,2974.5,-19.5,0.51,8.21,-6.95,5560.0,18.5,42.35,10130.0,75.0,0.0,0
1084,2.5,3.5,4.4,4.6,4.4,3.5,4.2,4.5,4.2,4.6,3.9,3.8,3.6,3.5,3.6,3.0,3.4,3.2,2.8,2.5,2.1,2.1,2.1,2.6,4.6,3.5,0.3,0.1,-0.4,-0.7,-0.8,-0.8,-0.8,-1.1,-1.2,-1.1,-0.7,-0.3,0.3,1.2,1.8,2.7,3.6,2.7,1.9,1.2,0.8,0.2,-0.2,-0.5,3.6,0.3,3.9,0.22,4.94,-3.14,1557.5,-3.1,0.09,11.71,-1.07,3113.0,-16.8,0.07,26.29,-2.37,5705.0,-19.4,23.4,10315.0,-0.119949,0.0,0
1066,2.5,2.7,3.0,2.7,2.7,2.1,1.9,3.2,2.4,1.8,2.0,1.6,1.7,2.3,1.5,2.0,1.3,0.6,0.5,0.5,1.0,0.8,1.6,2.6,3.2,1.9,6.0,5.7,5.6,5.5,5.3,5.3,5.1,5.1,5.5,5.8,6.4,7.3,8.3,9.3,10.3,11.3,12.1,12.6,12.7,12.9,12.9,13.2,14.5,16.2,16.2,9.0,12.9,0.59,3.52,6.81,1584.0,4.8,0.3,8.96,5.54,3188.0,-11.4,0.09,17.02,12.59,5850.0,13.1,39.5,10265.0,45.0,0.05,0
374,2.5,2.1,1.7,0.7,0.3,0.6,0.3,0.4,0.4,0.8,1.5,0.9,0.8,0.9,1.3,1.4,1.6,1.4,1.3,1.5,2.1,2.3,2.3,2.1,2.5,1.3,5.9,5.8,5.1,4.3,3.2,2.4,2.3,2.0,3.4,6.3,8.6,9.9,11.4,12.6,14.2,15.4,15.5,14.2,12.1,10.9,9.6,8.8,8.5,8.3,15.5,8.4,8.6,0.48,3.35,-4.23,1525.5,1.25,0.43,10.73,-1.14,3109.0,-14.9,0.08,20.35,-2.82,5735.0,-13.9,23.1,10215.0,45.0,0.0,0
106,2.5,2.7,4.2,4.7,4.9,3.9,3.8,3.7,3.6,3.7,3.9,3.8,3.9,3.8,3.7,2.9,3.4,3.8,3.3,3.3,3.3,2.6,3.1,3.0,4.9,3.6,19.1,18.7,18.3,17.6,16.8,16.4,16.1,15.8,15.9,16.3,16.7,17.0,17.6,17.6,17.6,17.3,16.9,16.4,15.8,15.3,15.2,14.7,14.7,13.7,19.1,16.6,17.1,0.58,1.93,-0.81,1480.5,10.0,0.21,15.03,11.39,3115.0,-11.2,0.9,23.82,18.43,5800.0,14.2,45.9,10090.0,45.0,0.1,0
752,2.6,1.9,1.5,2.0,2.0,1.9,1.7,1.6,2.1,2.8,3.0,2.0,1.2,1.8,0.7,0.9,1.4,1.6,2.4,1.9,2.0,1.7,1.3,0.8,3.0,1.8,7.8,6.8,5.8,5.1,4.4,3.5,2.7,2.3,3.9,6.1,7.7,8.8,9.9,10.8,11.7,12.2,12.2,11.8,10.1,8.8,7.8,7.1,6.3,5.5,12.2,7.5,2.3,0.23,5.46,-8.56,1554.5,0.8,0.07,15.11,-7.7,3119.5,-17.0,0.31,23.09,-14.95,5735.0,-31.4,19.6,10280.0,80.0,0.0,0
311,2.6,3.0,2.8,2.5,3.5,3.2,3.3,3.3,2.8,3.0,2.6,2.8,2.2,2.4,2.4,1.4,1.8,1.7,1.9,1.7,2.1,2.3,2.2,2.4,3.5,2.5,15.3,14.8,14.7,14.0,13.3,13.2,12.9,13.0,13.3,13.3,13.5,13.6,13.8,14.0,14.1,14.3,14.5,14.6,14.7,14.6,14.6,14.8,14.8,15.0,15.3,14.1,12.6,0.93,-0.95,3.72,1578.5,4.2,0.92,3.82,9.22,3184.0,-9.2,0.85,20.49,12.85,5855.0,32.1,42.45,10225.0,-30.0,5.11,0
52,2.6,3.0,1.9,2.3,2.8,4.7,5.2,4.8,4.4,4.8,5.9,6.1,5.6,5.4,4.8,4.2,4.4,3.0,3.0,2.0,1.5,1.1,1.4,0.3,6.1,3.5,11.7,11.7,11.6,11.7,11.9,11.8,10.8,10.8,11.1,11.6,12.4,13.8,13.8,13.4,13.4,13.4,13.3,13.1,13.0,12.3,11.9,12.4,11.8,10.5,13.8,12.2,7.8,0.53,-0.35,7.99,1423.0,-0.45,0.69,10.79,11.26,3000.0,-16.0,0.57,3.31,17.47,5615.0,15.35,36.15,10070.0,-100.0,0.74,0
1507,2.6,2.4,2.5,2.9,3.6,3.3,4.2,4.1,3.4,2.8,1.6,2.5,2.6,2.1,4.5,5.5,6.7,5.9,5.5,4.6,3.2,3.4,3.4,4.2,6.7,3.6,10.7,11.2,11.1,10.1,10.2,10.9,11.3,11.6,12.6,13.2,13.4,13.4,13.7,13.8,14.8,14.9,13.9,13.8,14.2,14.7,14.6,14.7,14.9,14.7,14.9,13.0,5.2,0.85,0.8,7.0,1499.0,-0.45,0.49,7.78,9.9,3075.5,-17.8,0.66,26.19,4.62,5680.0,9.5,43.7,10185.0,-65.0,2.69,0
1113,2.6,2.2,2.2,2.0,1.6,1.6,2.4,2.5,3.1,4.0,4.0,4.6,4.9,4.2,4.2,4.0,3.2,2.3,2.9,2.1,2.7,2.5,2.4,2.1,4.9,2.9,14.7,13.4,12.7,12.0,11.4,10.5,9.8,10.1,10.1,10.3,11.3,12.4,13.8,14.2,14.6,14.9,14.9,14.7,14.1,13.4,12.8,12.0,11.2,10.5,14.9,12.5,10.3,0.6,13.44,4.39,1477.5,4.0,0.18,19.4,7.63,3073.0,-13.7,0.19,25.97,12.2,5720.0,-1.2,40.5,10130.0,25.0,0.0,0
351,2.7,2.1,2.5,3.1,3.5,3.0,3.0,3.1,3.4,3.1,3.0,3.2,3.2,3.3,3.3,3.0,3.1,3.1,3.3,3.5,3.6,3.4,3.8,3.6,3.8,3.2,1.9,1.9,1.9,1.8,1.4,1.3,1.2,1.2,1.2,1.3,1.5,1.5,1.6,1.6,1.7,1.7,1.7,1.7,1.7,1.7,1.8,1.8,1.7,1.6,1.9,1.6,13.575298,0.57732,2.136487,1.662464,1531.49426,5.931129,0.406445,5.459634,0.994001,3145.420501,-10.51141,0.304716,9.872418,0.830116,5818.821222,10.511051,37.388335,10164.198442,-0.119949,0.1,0
1098,2.7,2.5,2.2,3.0,2.3,1.7,1.6,2.1,3.3,3.8,2.8,4.1,3.6,2.8,3.0,2.8,2.5,3.2,2.6,2.7,2.4,3.6,4.0,3.3,4.1,2.8,13.0,12.1,11.8,12.4,11.2,9.7,9.1,8.9,8.7,8.9,9.4,9.9,10.1,10.1,9.9,9.8,9.9,9.9,10.2,10.2,10.6,11.0,11.0,11.0,13.0,10.4,10.5,0.76,2.39,4.83,1528.0,2.5,0.95,5.459634,0.994001,3127.0,-12.8,0.9,21.27,10.26,5775.0,28.65,42.15,10200.0,10.0,2.79,0
1125,2.7,2.8,2.4,2.3,2.1,1.4,1.7,1.4,2.4,2.0,2.7,2.8,2.4,2.8,2.9,2.9,1.9,1.8,2.1,1.9,2.1,2.0,2.3,2.2,2.9,2.2,9.0,9.4,10.1,10.6,11.3,11.7,12.2,12.8,13.1,14.2,15.6,16.4,17.8,18.6,18.4,18.2,18.2,18.2,18.1,17.9,17.8,17.8,17.7,17.6,18.6,15.1,10.9,0.96,4.73,9.14,1557.5,5.3,0.53,11.11,6.36,3165.0,-11.8,0.53,16.72,5.75,5830.0,21.9,44.8,10220.0,-25.0,0.23,0
303,2.7,3.4,3.5,3.5,3.4,3.1,3.3,2.6,2.7,3.9,3.7,3.3,3.4,3.5,3.3,2.9,2.1,1.9,1.4,1.8,1.6,1.9,1.6,1.6,3.9,2.8,12.1,11.9,11.5,11.5,11.4,11.2,11.0,11.0,11.6,11.8,12.0,12.5,13.0,13.2,12.9,12.7,12.6,12.4,12.2,12.0,11.8,11.6,11.3,11.0,13.2,11.9,7.9,0.72,2.2,-6.85,1495.0,0.95,0.59,10.46,-5.44,3080.0,-14.6,0.43,21.35,0.0,5710.0,19.0,40.1,10160.0,-0.119949,0.0,0
1489,2.7,2.4,3.0,3.0,3.1,2.6,2.1,1.9,2.8,2.4,1.4,1.2,2.4,2.1,1.9,1.6,1.6,2.1,1.3,0.6,0.0,0.6,0.0,0.4,3.1,1.8,5.7,5.7,5.8,5.6,4.9,4.6,4.3,4.4,4.4,5.7,6.6,7.4,8.7,9.7,10.8,11.6,12.2,12.2,11.3,9.3,7.9,6.6,5.7,4.4,12.2,7.3,5.3,0.33,6.56,-4.98,1554.0,-1.6,0.46,13.52,3.16,3121.5,-16.4,0.38,30.15,12.45,5735.0,-6.25,29.4,10285.0,80.0,0.0,0
18,2.7,2.0,2.6,2.9,3.3,4.4,3.6,3.2,3.8,3.6,3.0,3.0,2.1,1.9,0.9,1.5,2.1,2.0,1.4,1.4,2.1,1.5,1.1,1.0,4.4,2.4,13.2,11.8,10.7,10.0,8.9,7.8,6.6,5.8,6.2,7.6,9.6,11.7,13.7,14.9,15.9,16.6,16.4,15.2,13.5,12.3,11.3,10.7,10.0,9.6,16.6,11.2,11.0,0.25,9.15,-7.02,1489.5,3.0,0.22,19.32,-4.69,3085.0,-15.0,0.28,19.68,-5.31,5730.0,0.5,33.5,10150.0,-15.0,0.0,0
2204,2.8,2.9,3.4,3.2,3.7,4.6,5.4,5.1,4.6,5.3,5.5,4.6,5.1,5.1,5.4,5.6,5.6,4.9,4.3,3.8,3.1,2.2,1.4,0.4,5.6,4.1,9.1,8.9,8.8,8.7,8.6,8.3,8.1,7.7,7.9,8.0,8.4,9.6,10.7,11.6,12.1,12.6,12.3,11.4,10.3,9.4,8.6,7.7,6.9,5.5,12.6,9.2,11.5,0.21,2.136487,1.662464,1471.5,1.85,0.83,12.76,18.61,3068.0,-12.7,0.05,20.9,27.01,5715.0,12.65,27.9,10135.0,40.0,0.0,0
353,2.8,3.0,2.7,2.6,2.6,2.9,3.4,3.0,3.0,3.2,3.2,2.7,2.5,2.1,2.1,1.7,1.1,1.3,0.9,0.6,0.4,0.8,0.2,0.3,3.4,2.0,0.8,0.8,0.7,0.6,0.6,0.5,0.3,0.2,0.1,0.5,1.0,1.3,1.8,2.7,3.5,4.2,4.4,4.4,4.4,4.2,2.8,2.3,1.6,1.1,4.4,1.9,8.3,0.99,15.53,1.38,1557.5,3.7,0.7,16.31,7.61,3157.0,-14.0,0.98,25.2,10.44,5805.0,24.95,44.5,10290.0,25.0,0.0,0
41,2.8,3.0,3.0,3.1,2.8,2.8,2.7,2.8,4.0,4.6,4.4,3.6,3.6,3.6,3.4,3.7,3.4,3.0,1.2,0.7,0.5,0.2,0.4,0.2,4.6,2.6,11.2,10.2,9.5,8.9,8.7,8.1,7.6,7.9,9.3,10.8,12.4,13.9,15.1,16.2,17.1,17.9,17.9,17.4,15.6,13.2,11.8,10.9,9.9,8.7,17.9,12.1,7.9,0.48,18.56,-5.35,1439.5,-1.8,0.6,24.04,4.65,3015.0,-13.7,0.56,9.872418,0.830116,5630.0,10.8,32.7,10105.0,-25.0,0.0,0
21,2.8,3.6,4.1,3.2,3.3,3.7,4.2,4.6,4.6,5.4,5.2,5.9,5.3,5.1,5.1,5.3,5.0,4.5,4.1,4.1,4.4,4.2,4.2,4.2,5.9,4.4,18.4,17.7,17.1,16.3,15.7,15.3,14.9,14.3,12.8,12.6,12.3,11.9,11.9,11.3,11.4,11.0,9.7,8.9,8.9,8.9,8.5,8.1,7.9,7.6,18.4,12.2,12.9,0.78,2.136487,1.662464,1460.0,2.5,0.66,11.63,8.63,3061.5,-15.2,0.2,21.11,12.06,5690.0,30.4,52.25,10090.0,-40.0,0.0,0
1101,2.8,2.9,3.4,3.8,5.4,4.6,4.8,4.2,4.8,5.7,5.3,5.9,6.3,5.8,6.4,6.6,6.1,5.0,4.0,3.4,2.3,2.3,1.5,2.2,6.6,4.4,5.6,5.4,5.4,5.6,5.5,5.6,5.2,5.2,5.6,6.1,6.5,7.4,7.4,8.6,9.6,9.7,9.6,8.9,7.9,7.3,6.4,5.6,4.6,3.9,9.7,6.6,10.3,0.92,9.67,2.77,1444.0,2.0,0.97,18.21,11.28,3038.5,-13.0,0.95,19.19,30.42,5680.0,31.85,45.3,10115.0,-20.0,0.08,0
68,2.8,3.0,3.2,2.8,2.9,3.1,3.1,3.4,4.5,3.8,3.3,3.2,4.0,4.5,4.2,3.8,3.8,3.4,2.1,0.9,0.3,0.8,0.8,0.5,4.5,2.8,5.5,4.9,4.4,3.8,3.1,2.6,2.1,2.4,3.4,4.6,6.1,7.9,9.6,10.6,11.7,12.6,12.8,12.4,11.1,9.4,7.5,6.2,5.4,4.6,12.8,6.9,2.1,0.17,5.91,-12.89,1526.0,-3.2,0.21,18.02,-9.31,3076.5,-16.8,0.16,32.38,-4.32,5680.0,-17.5,16.8,10255.0,125.0,0.0,0
448,2.9,2.5,2.4,2.2,2.2,2.3,2.1,1.7,1.9,1.9,1.8,2.0,1.4,1.7,1.7,2.0,1.7,1.6,1.6,1.8,1.3,1.0,0.5,0.5,2.9,1.8,12.8,12.8,12.8,12.6,12.4,12.2,12.1,11.9,12.1,13.5,15.0,15.4,14.3,14.5,14.6,14.8,14.7,14.6,14.3,13.7,13.6,15.0,15.3,14.9,15.4,13.8,10.0,0.95,-4.12,6.07,1522.0,1.0,0.94,-4.16,6.31,3112.0,-13.3,0.66,-5.04,4.38,5750.0,31.65,45.75,10170.0,10.0,0.23,0
2270,2.9,2.4,2.2,2.1,3.0,2.7,2.3,2.6,3.1,3.4,3.7,4.4,4.6,5.1,5.4,4.9,5.0,4.8,3.9,2.1,2.1,1.6,1.9,0.6,5.4,3.2,11.2,11.3,11.6,11.7,11.7,11.7,11.2,11.3,11.6,11.2,10.8,11.0,11.9,12.4,12.7,12.7,12.4,12.6,12.2,11.4,11.0,10.8,10.6,9.6,12.7,11.5,10.3,0.73,8.22,0.7,1428.0,0.75,0.76,12.45,2.94,3019.0,-15.8,0.59,23.5,14.41,5650.0,27.95,47.25,10075.0,-15.0,0.38,0
319,2.9,3.0,3.1,2.9,2.7,3.5,3.5,3.1,3.6,4.2,3.1,3.8,3.2,3.4,3.5,3.2,2.1,1.8,1.4,1.6,2.1,2.6,2.1,1.9,4.2,2.8,12.7,12.4,12.6,12.6,12.4,12.1,11.9,12.1,12.2,12.7,13.7,15.2,16.8,17.2,16.4,16.2,15.6,14.4,13.6,12.8,12.2,11.6,10.9,10.3,17.2,13.4,12.5,0.94,1.05,0.18,1550.0,3.9,0.74,7.97,0.4,3156.5,-11.4,0.15,20.48,9.55,5810.0,30.85,46.75,10205.0,40.0,0.0,0
1439,2.9,2.8,2.9,2.5,2.1,2.1,2.0,2.6,3.2,3.8,3.8,3.7,3.8,4.2,4.3,3.7,3.9,2.3,1.6,1.8,1.4,2.3,2.3,2.7,4.3,2.9,15.3,13.9,12.7,11.6,10.4,9.6,8.6,8.2,9.2,10.9,12.4,13.3,14.2,14.7,15.3,15.7,15.2,13.8,12.1,11.5,10.8,9.8,8.9,8.6,15.7,12.0,11.1,0.4,4.78,3.47,1493.5,1.0,0.54,17.77,2.72,3086.0,-14.6,0.44,9.872418,0.830116,5715.0,9.75,35.4,10145.0,-55.0,0.0,0
1158,2.9,3.2,3.0,3.1,3.2,3.6,3.7,4.0,3.8,4.1,3.9,4.7,4.1,3.0,4.0,3.4,4.0,3.5,2.9,3.5,3.1,2.3,2.2,1.8,4.7,3.4,13.7,13.1,12.2,11.7,11.4,11.3,11.1,10.9,10.8,11.0,11.2,12.7,13.8,14.9,16.1,16.2,16.5,15.8,15.0,13.9,12.6,11.6,10.8,10.1,16.5,12.9,8.9,0.13,-0.4,-4.54,1503.5,1.4,0.22,11.91,3.1,3091.5,-17.7,0.63,9.872418,0.830116,5710.0,-12.5,28.2,10175.0,60.0,0.0,0
1028,3.0,2.0,3.0,3.5,2.2,2.7,3.2,4.0,4.9,4.5,4.2,3.5,2.9,3.4,3.0,2.7,3.4,3.3,2.9,3.0,3.0,2.2,1.8,2.5,4.9,3.1,15.1,14.4,13.7,13.2,12.6,11.9,11.6,12.1,13.4,14.9,16.2,17.2,18.2,18.9,19.2,18.7,18.4,18.1,17.7,16.7,16.3,16.3,15.9,15.3,19.2,15.7,15.0,0.28,6.63,5.55,1442.5,7.0,0.12,11.95,7.55,3061.0,-10.2,0.07,20.42,15.33,5740.0,-6.3,31.4,10065.0,20.0,0.0,0
1453,3.0,2.7,2.4,1.2,1.3,2.4,1.9,1.9,2.7,3.4,3.3,3.8,4.2,4.5,4.8,4.2,4.2,3.0,2.0,2.1,2.1,2.4,2.7,2.6,4.8,2.9,7.6,7.0,6.1,5.7,5.1,5.1,4.6,4.3,5.7,8.0,10.4,12.7,14.3,15.2,15.7,15.7,15.6,14.7,12.9,11.6,10.8,10.5,10.6,9.6,15.7,10.0,3.8,0.73,10.36,-13.47,1449.5,-3.7,0.27,14.77,-9.33,3005.0,-18.0,0.38,24.25,5.69,5590.0,-0.3,39.2,10140.0,-75.0,0.0,0
743,3.0,2.6,2.1,2.8,2.2,2.0,2.0,2.3,3.4,3.4,3.4,3.6,3.5,3.5,3.3,3.5,3.8,3.8,3.6,3.7,3.8,3.8,3.7,3.4,3.8,3.2,7.8,7.4,7.0,6.8,5.9,5.1,4.6,4.6,5.0,5.5,6.1,6.7,7.4,7.9,8.1,8.3,8.2,7.9,7.8,7.8,7.7,7.6,7.4,7.3,8.3,6.9,3.1,0.17,6.35,-10.47,1499.0,-1.0,0.59,15.01,-12.8,3068.0,-11.4,0.49,26.58,-22.48,5700.0,-17.9,0.0,10225.0,20.0,0.0,0
2213,3.0,3.0,2.1,2.5,2.6,1.7,1.5,1.8,2.8,3.3,2.9,2.6,1.5,2.1,1.2,1.6,2.1,1.8,1.3,1.0,0.1,0.4,0.2,0.3,3.3,1.8,2.4,2.1,1.9,2.1,2.4,2.2,1.7,1.7,3.4,5.5,7.3,9.2,10.5,11.8,12.9,13.8,14.2,13.9,12.8,11.5,9.6,8.7,7.9,7.1,14.2,7.4,-0.45,0.68,8.84,-3.94,1436.0,-4.8,0.3,16.58,-4.66,2979.5,-15.3,0.07,29.0,4.82,5580.0,-3.85,24.95,10160.0,-20.0,0.0,0
1081,3.0,2.0,2.0,1.0,0.9,1.3,0.2,0.5,1.2,2.5,2.3,2.3,2.2,2.5,3.1,2.6,1.8,1.8,1.7,0.4,0.1,0.4,0.1,0.2,3.1,1.5,3.3,2.4,1.5,0.8,0.1,-0.2,-0.8,-1.6,0.5,2.9,4.9,6.3,7.8,9.1,9.9,10.3,10.2,9.4,7.6,5.7,4.3,3.2,2.3,1.5,10.3,4.2,-1.05,0.11,8.0,-15.21,1508.0,-3.7,0.05,19.17,-13.42,3047.0,-17.4,0.12,26.49,-8.35,5640.0,-41.2,8.7,10250.0,50.0,0.0,0
1099,3.0,2.2,2.5,2.6,1.8,2.1,2.2,2.5,2.4,2.7,2.1,2.6,3.2,3.5,3.2,3.0,3.4,3.9,3.7,3.6,3.7,3.0,3.0,3.3,3.9,2.9,10.9,10.9,10.9,11.1,11.1,11.1,11.1,11.2,11.4,11.4,11.2,10.9,10.0,9.2,9.1,9.0,8.3,7.6,6.9,6.7,6.6,6.6,6.6,6.2,11.4,9.4,10.1,1.0,-0.51,5.89,1503.5,3.3,0.69,10.44,6.24,3100.5,-13.1,0.38,21.91,8.85,5745.0,27.25,46.35,10165.0,-35.0,0.33,0
1196,3.0,3.3,2.7,2.7,2.6,2.4,2.7,3.2,3.2,3.9,4.2,3.9,4.1,3.7,3.9,3.4,2.7,2.0,1.5,0.3,0.3,0.3,0.4,0.3,4.2,2.5,17.6,16.8,16.4,16.3,16.2,15.7,15.6,15.4,15.9,16.7,17.6,18.4,19.0,18.4,18.5,18.8,19.8,20.4,19.4,17.4,16.3,15.3,14.6,13.9,20.4,17.1,12.9,0.85,3.42,2.4,1549.5,4.6,0.72,6.98,0.6,3159.0,-12.6,0.79,11.73,1.37,5825.0,31.1,48.45,10185.0,5.0,0.51,0
2210,3.0,2.5,3.7,4.4,4.6,4.2,4.4,4.0,3.9,3.9,4.3,4.6,4.8,5.1,5.3,5.3,4.4,3.6,4.0,3.4,3.4,2.8,2.7,3.1,5.3,4.0,7.6,7.5,7.4,7.3,7.0,6.8,6.5,6.6,6.8,6.9,7.7,7.6,7.8,8.1,8.3,8.5,8.5,8.4,7.6,7.2,7.2,7.1,7.0,6.9,8.5,7.4,12.2,0.88,12.86,5.36,1484.5,3.8,0.82,17.14,9.76,3091.5,-12.8,0.92,25.28,13.22,5745.0,32.45,48.05,10145.0,-35.0,0.0,0
1095,3.0,3.0,3.1,4.6,2.4,1.7,2.4,3.0,3.2,3.6,3.8,3.9,3.6,3.7,3.9,3.5,3.5,3.4,2.4,1.8,1.3,0.6,0.7,1.1,4.6,2.8,7.7,7.7,7.7,7.8,8.0,8.3,8.3,8.4,8.4,9.1,10.3,11.5,12.2,13.1,13.8,13.8,13.4,12.8,12.4,12.4,12.2,11.9,12.1,11.9,13.8,10.6,12.8,0.09,0.4,4.73,1529.0,5.6,0.07,1.98,3.85,3139.0,-12.4,0.56,18.23,3.95,5795.0,-29.5,16.9,10220.0,10.0,0.18,0
2202,3.1,2.8,3.4,3.8,3.3,2.6,3.8,4.2,4.5,3.8,3.7,3.6,4.2,5.7,4.8,4.5,4.4,4.3,3.8,3.4,2.1,1.3,0.8,0.6,5.7,3.4,8.9,9.0,8.8,8.8,9.0,9.2,8.9,9.1,9.6,9.9,9.4,9.2,10.4,11.9,12.2,12.2,12.7,13.4,13.3,13.5,13.7,14.3,14.8,14.9,14.9,11.1,7.8,0.05,-1.16,5.51,1522.0,2.0,0.42,12.31,7.57,3103.0,-16.2,0.45,18.29,9.63,5740.0,-16.7,11.5,10215.0,-5.0,0.15,0
2165,3.1,3.4,1.4,1.3,2.5,2.4,1.4,1.2,2.7,3.4,3.6,3.8,4.6,5.3,6.3,5.8,4.1,2.1,0.4,0.4,0.2,0.2,0.4,0.3,6.3,2.5,8.8,8.8,8.9,8.9,8.7,8.7,8.8,8.7,9.0,9.3,10.5,11.8,12.6,12.7,13.0,13.3,13.3,12.6,10.2,7.9,6.2,5.3,4.6,3.9,13.3,9.4,10.6,0.88,5.09,6.42,1501.0,2.6,0.61,7.49,17.77,3095.5,-12.5,0.76,14.76,15.86,5750.0,23.5,44.35,10150.0,-30.0,0.05,0
1038,3.1,2.3,2.1,2.5,3.3,3.8,3.4,3.4,2.7,3.1,3.3,3.0,3.4,3.4,3.3,2.6,3.1,2.8,2.7,2.6,2.7,2.9,2.6,2.9,3.8,3.0,11.9,11.8,11.4,11.1,11.1,10.8,10.5,9.4,8.7,8.2,8.3,8.3,8.4,8.5,8.5,8.4,8.2,8.2,8.4,8.7,8.8,8.8,8.6,8.5,11.9,9.3,10.6,0.65,8.6,-4.04,1502.0,3.8,0.86,19.29,4.56,3105.0,-10.8,0.89,31.36,8.62,5770.0,23.35,36.2,10165.0,25.0,1.37,0
2301,3.1,3.4,2.5,2.5,3.2,3.1,3.2,3.4,3.8,4.1,4.1,0.7,3.2,1.5,2.3,2.7,2.0,1.7,2.9,3.6,2.1,1.7,1.3,1.3,4.1,2.6,24.5,24.4,24.3,24.4,24.4,24.3,24.4,24.6,25.0,25.8,26.4,26.1,18.8,18.7,18.4,18.9,19.1,19.2,19.1,19.8,19.7,19.4,19.1,19.2,26.4,22.0,16.4,0.88,2.33,9.68,1528.5,8.0,0.53,4.77,5.08,3158.0,-9.7,0.47,9.23,1.9,5840.0,31.45,50.15,10130.0,-5.0,4.57,0
338,3.1,3.8,3.6,3.5,3.7,4.2,3.7,2.5,3.8,3.7,4.3,5.2,6.5,5.8,3.9,3.4,3.6,4.2,4.3,4.0,4.0,3.7,3.3,3.7,6.5,4.0,11.6,11.3,10.4,9.9,9.8,9.8,10.0,10.4,10.2,9.8,9.4,9.0,8.9,9.2,9.4,9.3,9.1,8.9,9.1,8.9,8.8,8.9,8.8,8.6,11.6,9.6,12.4,0.95,-0.83,8.02,1548.5,4.8,0.81,5.21,10.01,3159.0,-9.4,0.37,15.71,12.01,5830.0,30.3,42.8,10210.0,-30.0,1.93,0
2211,3.1,3.0,2.9,2.5,3.0,3.5,3.0,2.0,2.1,2.3,1.9,2.3,2.7,3.0,3.0,2.7,2.2,1.9,1.5,1.8,1.6,1.8,1.9,2.0,3.5,2.4,6.7,6.5,6.0,5.4,4.9,4.4,4.1,4.2,4.1,3.7,3.9,3.7,3.7,3.8,3.9,4.2,4.4,4.4,4.6,4.7,4.8,5.1,5.3,5.4,6.7,4.7,7.3,0.57,0.7,-1.43,1527.5,1.7,0.27,12.57,3.81,3112.5,-13.6,0.57,22.19,12.19,5745.0,4.7,33.8,10245.0,100.0,0.25,0
358,3.1,3.4,1.7,0.7,1.8,1.3,1.4,0.8,2.1,3.1,3.4,3.5,3.8,3.7,3.7,3.2,3.4,2.3,2.0,1.4,1.8,2.5,1.6,1.6,3.8,2.4,11.6,11.1,9.8,8.2,7.7,6.8,6.1,5.8,6.9,8.9,10.9,12.6,13.5,13.8,14.9,15.4,14.7,12.8,12.0,11.5,11.0,10.4,9.9,9.6,15.4,10.7,8.5,0.17,4.87,-11.69,1518.0,-0.05,0.16,9.93,-18.54,3090.5,-11.6,0.21,23.82,-11.38,5745.0,-14.4,18.2,10195.0,-0.119949,0.0,0
2159,3.1,2.8,5.1,3.0,2.1,3.8,3.4,2.8,4.2,6.3,6.5,6.8,6.4,7.3,6.3,6.8,5.8,4.6,2.7,2.5,1.6,1.6,1.4,0.3,7.3,4.0,19.3,18.6,11.3,10.3,10.4,9.9,9.1,8.7,9.3,10.5,11.5,12.8,13.9,14.9,15.6,15.4,14.9,13.9,12.6,11.7,10.4,8.9,8.9,8.0,19.3,12.1,9.2,0.99,11.83,11.08,1503.0,0.95,0.52,9.64,11.92,3087.0,-14.9,0.28,17.29,9.08,5715.0,21.9,48.1,10140.0,-80.0,1.35,0
1448,3.1,3.0,2.9,3.0,3.6,3.1,3.1,3.1,3.7,4.4,4.3,4.5,3.4,3.7,3.4,2.4,2.4,2.2,2.6,2.5,2.5,2.6,3.8,4.1,4.5,3.2,5.8,5.5,5.3,4.9,4.6,4.1,3.7,3.4,3.6,3.9,4.4,4.9,5.2,5.6,6.3,6.2,6.6,6.6,6.0,6.0,5.9,5.6,5.1,4.2,6.6,5.1,4.0,0.79,8.84,-3.27,1498.5,-2.5,0.9,17.95,5.73,3064.5,-17.3,0.49,30.91,3.85,5660.0,20.75,39.3,10230.0,10.0,0.0,0
1142,3.2,3.1,3.0,2.9,2.6,2.5,2.2,1.8,2.1,2.6,2.2,2.0,2.7,2.2,2.2,2.4,3.4,3.1,2.8,3.1,1.7,2.0,2.2,1.4,3.4,2.5,10.3,10.1,9.9,9.8,9.7,9.9,9.8,9.8,10.2,10.4,10.5,10.7,10.9,10.9,11.3,11.3,10.9,9.8,9.5,9.2,9.3,9.8,9.6,9.7,11.3,10.1,12.6,0.98,9.36,5.84,1494.5,5.9,0.42,11.0,6.35,3105.5,-12.4,0.12,16.93,1.35,5765.0,24.35,49.75,10140.0,-15.0,0.36,0
411,3.2,2.7,3.2,2.8,3.0,3.6,4.2,4.2,4.7,5.6,4.9,4.8,5.0,4.9,4.9,4.9,4.3,3.8,2.3,1.5,1.2,0.8,1.5,2.5,5.6,3.5,10.5,9.8,9.3,8.9,8.6,8.2,7.7,7.6,8.4,9.6,11.1,12.3,13.5,14.3,15.1,15.5,15.4,14.6,13.2,11.7,10.5,9.6,8.9,8.2,15.5,10.9,7.0,0.58,6.64,-6.23,1517.5,-1.45,0.44,14.83,-12.44,3090.0,-12.5,0.22,29.59,-12.49,5720.0,-6.45,28.0,10200.0,50.0,0.0,0
680,3.2,2.3,2.4,2.4,2.6,3.0,2.3,2.8,3.8,4.7,3.8,3.6,3.3,3.2,3.0,3.1,3.4,2.2,2.1,2.1,2.0,2.7,2.8,3.8,4.7,2.9,13.2,12.3,11.4,10.8,10.2,9.7,9.1,8.8,9.9,11.6,13.1,14.8,16.2,17.4,18.2,18.6,17.9,16.9,15.8,15.0,14.9,14.6,14.1,13.8,18.6,13.7,12.8,0.75,4.31,-0.2,1551.0,3.1,0.35,6.72,1.69,3152.5,-10.9,0.46,8.23,5.62,5815.0,17.6,43.0,10200.0,50.0,0.0,0
2174,3.2,2.6,2.9,3.2,3.1,2.5,2.6,2.4,2.5,2.0,2.2,2.0,1.6,1.6,1.7,1.8,2.2,2.1,2.0,2.1,1.8,2.1,2.1,2.6,3.2,2.3,6.0,5.6,5.4,4.9,4.3,4.1,3.9,3.8,3.6,3.8,4.4,4.8,5.3,5.7,5.9,6.2,6.3,6.3,5.9,5.8,6.0,6.0,5.8,5.6,6.3,5.2,3.9,0.18,2.12,-4.55,1590.5,1.1,0.73,14.58,-1.73,3166.5,-13.3,0.18,18.71,-0.83,5810.0,-7.9,9.4,10345.0,75.0,0.03,0
1046,3.2,3.3,3.3,3.0,3.4,2.7,2.5,3.1,3.2,3.2,3.2,3.0,2.2,1.8,2.3,2.8,1.9,1.5,1.2,0.3,1.0,0.8,0.8,0.6,3.4,2.3,11.6,11.6,11.6,11.5,11.4,11.4,11.4,11.4,11.8,12.6,13.7,14.6,15.7,16.6,17.1,17.4,17.2,15.9,14.2,12.5,11.7,11.0,10.7,10.1,17.4,13.1,5.2,0.79,13.2,-4.39,1431.5,4.0,0.12,21.14,2.84,3022.0,-12.3,0.02,32.23,6.63,5675.0,-5.8,31.5,10105.0,10.0,0.0,0
795,3.2,3.9,3.8,4.4,5.1,3.5,3.0,3.8,4.7,6.3,6.6,7.2,6.7,6.8,6.9,6.4,6.8,5.6,3.1,0.0,0.4,0.6,0.2,0.4,7.2,4.1,19.2,16.7,15.3,14.4,11.7,10.3,9.9,10.1,11.1,12.1,13.3,14.6,15.7,16.7,17.7,18.2,18.2,17.8,16.9,14.4,11.5,10.7,9.4,8.8,19.2,14.0,12.1,0.77,4.44,4.44,1479.0,0.85,0.67,9.97,9.97,3072.5,-16.2,0.43,13.29,11.74,5690.0,30.6,52.1,10110.0,-45.0,0.23,0
299,3.2,3.6,3.9,4.1,4.6,4.5,3.6,3.8,5.3,5.7,6.4,5.4,4.6,4.2,2.5,1.9,1.2,0.4,0.6,2.285638,2.089554,1.938376,1.803805,1.8,6.4,3.6,24.1,24.1,24.0,24.1,24.2,24.1,23.8,24.4,25.3,26.6,26.9,26.6,20.5,18.7,18.0,18.1,18.4,18.7,18.7,18.4,18.1,17.6,17.2,17.1,26.9,21.6,15.7,0.41,-0.36,10.26,1524.0,8.5,0.22,-2.59,11.39,3150.5,-8.9,0.48,6.51,5.05,5850.0,2.3,34.7,10140.0,-25.0,3.81,0
1068,3.2,2.3,1.7,1.9,1.0,0.4,0.4,0.6,1.4,1.0,2.2,1.0,0.5,0.4,1.2,2.0,2.1,1.3,2.2,1.4,1.4,1.6,1.3,1.6,3.2,1.4,5.4,4.2,3.2,2.4,1.7,0.6,-0.7,-0.7,1.8,3.6,4.7,6.1,7.7,9.1,10.0,10.6,10.4,9.4,7.8,6.7,5.6,5.2,4.8,5.0,10.6,5.2,4.8,0.11,16.09,-16.09,1529.0,1.6,0.09,24.41,-4.48,3103.0,-14.5,0.06,9.872418,0.830116,5745.0,-36.9,10.1,10240.0,95.0,0.0,0
643,3.2,3.0,3.4,3.2,3.0,2.7,2.3,2.5,1.8,2.2,2.3,2.4,2.2,2.4,1.7,0.8,2.0,2.4,2.6,2.5,2.0,3.2,3.1,3.1,3.4,2.5,16.7,16.6,15.9,15.8,15.7,15.4,15.2,14.3,14.5,15.1,16.0,16.7,17.2,17.5,17.2,16.8,16.6,16.2,15.6,14.9,14.3,13.8,13.6,13.3,17.5,15.6,13.8,0.71,0.59,-2.62,1530.0,5.2,0.62,5.25,-1.22,3139.0,-8.2,0.35,14.24,4.35,5815.0,23.7,38.8,10150.0,15.0,0.36,0
1441,3.3,3.4,2.7,2.6,2.6,2.7,3.4,3.2,1.8,3.5,3.7,3.6,4.0,5.3,3.8,3.8,3.2,1.3,0.4,0.4,0.6,0.4,0.5,0.7,5.3,2.5,7.2,7.1,6.7,6.3,6.1,5.9,5.9,5.7,5.7,6.1,6.9,8.2,9.4,10.3,11.0,11.3,11.3,10.2,7.6,5.7,4.9,4.6,4.3,3.3,11.3,7.2,3.1,0.21,4.61,-3.2,1486.5,-1.5,0.48,17.63,4.72,3047.5,-17.3,0.12,31.3,10.85,5645.0,-6.35,22.3,10200.0,-25.0,0.0,0
2516,3.3,3.7,3.7,3.3,2.9,2.7,2.6,2.8,3.2,4.1,3.4,4.1,4.1,3.4,3.3,3.4,2.5,2.1,1.3,0.9,1.1,1.4,1.5,1.1,4.1,2.7,7.8,7.3,6.6,5.8,5.1,4.4,3.7,3.3,3.9,5.1,6.3,7.7,8.4,8.9,9.7,10.1,10.1,8.8,7.3,5.8,5.2,4.5,3.8,2.9,10.1,6.3,3.75,0.23,2.15,-10.01,1573.5,2.4,0.16,11.62,-8.41,3145.0,-13.3,0.25,18.13,-4.12,5795.0,-28.7,13.6,10305.0,135.0,0.0,0
2185,3.3,3.8,3.8,3.7,4.4,4.1,3.8,3.3,3.8,5.1,5.2,5.5,5.4,5.2,5.0,5.6,5.2,5.9,5.5,5.5,5.0,5.4,4.8,4.6,5.9,4.7,14.6,13.6,12.7,11.8,10.8,10.1,9.4,9.1,9.9,10.6,11.1,10.9,10.4,10.1,9.8,9.6,9.2,8.7,7.8,7.3,6.4,5.6,5.1,5.4,14.6,9.6,10.9,0.56,13.7,2.97,1424.0,-0.7,0.53,16.57,5.15,3007.0,-18.8,0.3,18.14,8.51,5605.0,24.6,50.9,10055.0,-45.0,0.0,0
696,3.3,1.8,1.9,1.2,0.8,0.8,0.7,0.8,1.9,3.0,2.2,1.6,1.5,0.7,1.4,2.0,1.7,1.0,1.3,1.7,1.8,1.5,1.3,1.2,3.3,1.5,10.3,9.4,8.8,8.2,7.2,6.6,6.0,6.1,7.8,9.4,11.3,13.2,14.8,16.3,17.6,17.9,17.6,16.2,14.4,13.5,12.3,11.9,11.8,11.2,17.9,11.7,11.9,0.55,8.83,4.55,1540.0,5.2,0.44,16.77,3.76,3153.0,-11.5,0.04,26.2,2.25,5815.0,-0.75,34.75,10205.0,15.0,0.0,0
1515,3.3,2.2,2.4,2.6,2.5,1.8,1.3,1.1,2.6,6.5,6.1,6.7,7.6,6.8,6.7,6.8,5.8,6.0,4.9,4.3,4.5,3.9,3.4,3.4,7.6,4.3,21.5,21.5,21.4,21.0,20.8,20.7,20.4,20.3,20.4,12.7,14.8,16.3,16.9,17.7,18.1,18.0,17.8,16.8,15.6,14.4,13.4,12.3,11.3,10.8,21.5,17.3,13.1,0.95,6.7,12.54,1538.0,4.1,0.73,11.66,12.92,3146.5,-10.6,0.19,19.21,13.21,5805.0,30.95,46.55,10170.0,0.0,0.41,0
2475,3.3,3.2,2.8,3.4,4.2,4.9,4.3,5.0,4.7,4.3,4.0,4.6,4.2,4.5,4.8,4.8,3.6,2.5,1.4,1.7,2.7,2.4,0.4,0.4,5.0,3.4,14.4,14.3,14.3,14.3,14.3,14.0,13.3,12.8,12.6,12.9,13.4,13.6,14.1,15.4,16.2,15.9,15.2,14.3,13.3,12.7,12.2,11.6,10.3,9.5,16.2,13.5,15.6,0.59,7.22,8.5,1498.5,7.6,0.84,10.67,17.77,3125.5,-7.2,0.18,12.88,17.11,5820.0,26.25,36.1,10130.0,45.0,0.0,0
2502,3.4,4.0,4.3,3.9,4.4,5.7,5.2,4.5,4.3,5.2,4.5,4.2,4.9,5.5,5.2,5.6,4.3,1.7,1.1,1.2,1.2,1.0,0.3,0.5,5.7,3.6,15.3,14.5,13.1,12.3,11.7,10.1,9.4,8.8,8.7,8.5,8.5,8.7,8.6,7.9,7.4,7.6,7.8,7.7,7.5,7.0,6.4,5.9,5.6,6.1,15.3,9.0,14.4,0.91,8.48,10.25,1514.5,9.8,0.46,10.24,13.49,3136.0,-9.7,0.41,21.46,15.03,5830.0,25.05,46.75,10125.0,-30.0,0.58,0
741,3.4,3.5,3.0,1.8,2.1,3.2,3.1,3.0,3.8,3.8,3.3,3.2,3.1,3.1,3.2,2.9,2.9,2.5,1.1,0.7,1.4,0.4,0.3,0.2,3.8,2.5,13.2,12.4,11.6,10.4,9.6,9.2,8.6,7.8,7.7,8.3,9.5,10.8,11.7,12.5,13.2,13.4,13.4,13.0,12.1,10.8,9.7,8.4,6.6,5.7,13.4,10.4,6.3,0.72,7.84,-10.36,1495.5,-0.35,0.21,14.69,-7.99,3071.0,-18.1,0.04,20.34,-10.75,5680.0,0.1,44.2,10165.0,50.0,0.0,0
1371,3.4,3.8,4.2,3.7,3.8,3.8,3.7,4.4,5.2,5.4,5.5,4.8,4.0,4.1,4.0,3.9,3.4,2.0,1.2,0.8,0.4,0.1,0.1,0.3,5.5,3.2,19.4,17.8,16.4,15.0,13.8,12.8,11.9,11.8,12.4,13.6,14.7,15.9,17.1,18.0,18.6,18.7,18.5,17.3,15.6,13.8,12.2,10.8,9.8,9.6,19.4,14.8,11.0,0.96,1.47,-1.4,1565.0,6.6,0.1,4.83,-3.8,3175.5,-10.4,0.07,10.53,-3.33,5860.0,3.85,42.25,10210.0,40.0,0.0,0
1425,3.4,3.6,3.7,3.5,3.6,3.4,3.0,2.9,3.3,2.9,2.6,2.4,2.1,2.4,2.4,2.5,2.3,1.8,2.0,1.8,1.8,1.3,1.1,1.1,3.7,2.5,10.2,10.0,9.7,9.3,8.8,8.3,7.8,7.5,7.3,7.6,8.5,10.0,11.2,12.4,13.3,13.6,13.7,12.5,11.3,10.9,10.8,10.7,10.4,10.2,13.7,10.2,6.1,0.79,0.74,-7.86,1510.5,2.3,0.72,7.88,4.88,3093.0,-11.6,0.68,21.8,11.45,5745.0,15.35,31.95,10190.0,45.0,0.0,0
1100,3.4,3.4,3.1,3.4,3.3,3.1,3.2,3.1,3.0,2.8,2.6,3.6,3.8,4.0,4.2,3.9,3.8,3.7,4.0,4.2,4.1,3.5,3.7,4.2,4.2,3.5,5.9,5.8,5.8,5.7,5.6,5.6,5.4,5.3,5.2,5.1,5.0,5.1,5.5,5.3,5.3,5.6,5.4,5.4,5.3,5.6,5.5,5.5,5.5,5.4,5.9,5.4,10.7,0.91,2.04,8.76,1486.5,4.6,0.65,10.55,8.97,3086.0,-12.8,0.06,22.33,13.12,5740.0,26.9,45.6,10135.0,-30.0,1.35,0
1150,3.4,5.0,4.4,4.3,3.4,3.6,3.2,3.1,2.9,2.8,3.4,3.9,3.3,2.7,3.0,3.0,2.9,2.2,1.4,1.0,0.7,0.4,0.2,0.3,5.0,2.7,12.8,11.7,11.5,11.4,11.4,11.4,11.5,11.9,12.4,13.0,13.9,14.1,14.7,16.0,16.9,17.3,17.2,17.4,16.4,14.8,13.3,11.9,10.6,9.9,17.4,13.5,6.2,0.91,9.25,4.43,1467.5,-1.2,0.47,5.459634,0.994001,3040.0,-18.7,0.14,9.872418,0.830116,5640.0,20.1,48.3,10125.0,-80.0,0.0,0
45,3.4,4.6,4.6,3.0,2.8,2.5,2.0,2.3,2.8,3.0,3.3,3.5,3.4,3.8,3.6,3.3,3.4,3.4,2.9,2.7,2.6,2.0,0.8,1.6,4.6,3.0,12.1,11.7,11.2,10.5,10.3,10.2,10.1,9.9,9.8,10.4,11.2,11.9,12.6,13.2,13.9,13.8,13.6,12.9,12.1,11.8,11.6,11.2,11.1,10.8,13.9,11.6,6.5,0.56,-12.94,6.77,1463.5,0.9,0.62,-0.47,10.99,3051.0,-14.2,0.83,5.3,9.3,5680.0,11.45,33.4,10130.0,-55.0,0.0,0
1090,3.4,4.2,4.3,4.0,3.4,2.6,2.3,2.2,2.8,3.0,3.1,3.6,3.8,4.1,3.7,4.1,3.5,2.4,1.1,0.3,0.3,0.4,0.4,0.5,4.3,2.6,10.4,9.5,8.7,8.2,7.6,6.8,5.9,5.3,6.1,6.9,8.8,11.1,12.3,13.3,13.9,14.1,13.7,12.7,11.3,8.7,7.2,5.7,5.1,4.1,14.1,9.1,7.9,0.39,11.07,-6.31,1482.5,-0.25,0.54,19.81,-0.58,3059.0,-17.5,0.18,24.18,-0.89,5670.0,9.4,36.3,10155.0,35.0,0.0,0
107,3.4,3.4,2.6,2.1,1.9,2.0,2.8,2.2,2.2,1.7,2.0,1.2,1.8,1.4,3.0,2.5,2.7,2.2,1.9,1.8,1.3,1.3,1.5,1.7,3.4,2.1,13.2,12.9,12.7,12.5,12.4,12.6,12.6,12.5,12.7,13.1,13.2,13.3,13.8,14.2,14.0,14.2,14.0,14.2,14.3,14.2,14.2,14.3,14.2,14.1,14.3,13.5,13.4,0.78,1.65,-0.95,1495.5,5.2,0.58,9.96,11.41,3110.0,-11.2,0.61,18.1,28.39,5770.0,26.15,45.0,10135.0,45.0,0.86,0
1406,3.4,3.4,3.5,3.7,3.7,3.9,3.0,3.0,3.5,3.6,3.8,3.6,3.8,4.0,3.8,3.6,3.0,1.3,1.0,0.5,0.1,0.3,0.6,0.4,4.0,2.7,12.3,12.0,11.8,11.5,11.1,10.5,9.7,9.2,9.8,11.3,12.7,14.2,15.2,16.1,16.8,16.6,16.1,14.6,12.9,11.4,9.6,8.8,8.0,7.2,16.8,12.1,13.575298,0.57732,2.136487,1.662464,1531.49426,5.931129,0.406445,5.459634,0.994001,3145.420501,-10.51141,0.304716,9.872418,0.830116,5818.821222,10.511051,37.388335,10164.198442,-0.119949,0.0,0
22,3.4,3.5,3.8,3.2,3.1,4.0,3.4,2.9,2.6,2.1,1.1,0.5,1.2,1.8,1.6,1.9,2.5,1.7,1.9,1.5,0.9,2.0,1.8,1.0,4.0,2.2,7.7,7.7,7.5,7.2,7.4,7.3,7.2,7.2,7.6,8.1,9.2,10.5,12.0,13.0,14.3,14.9,15.3,13.9,11.6,10.6,9.8,9.2,8.5,7.8,15.3,9.8,7.6,0.3,5.91,-6.35,1464.0,-0.9,0.28,6.6,1.44,3037.5,-17.5,0.32,17.64,10.11,5645.0,-7.8,34.7,10145.0,55.0,0.0,0
1076,3.4,3.5,3.2,3.2,2.2,3.0,2.9,3.8,3.3,4.6,4.3,3.7,4.0,4.1,3.8,3.8,4.0,4.1,4.7,4.9,5.1,5.5,4.6,4.7,5.5,3.9,9.2,9.3,9.6,9.8,9.9,10.3,10.4,10.3,10.5,10.8,11.0,11.6,12.2,12.8,13.2,13.4,13.2,12.7,12.7,12.4,12.1,11.7,11.1,10.7,13.4,11.3,7.8,0.79,-1.03,8.18,1566.5,-0.35,1.0,8.07,-1.68,3147.0,-15.8,0.39,12.14,2.0,5765.0,28.0,43.85,10260.0,10.0,0.0,0
31,3.5,3.1,2.9,3.0,2.6,2.1,1.4,1.4,2.0,2.0,2.3,2.7,2.8,3.4,3.3,3.6,3.9,3.0,3.2,4.0,4.2,3.5,3.3,3.9,4.2,3.0,14.7,14.8,14.8,14.9,15.2,15.3,15.3,15.4,15.2,15.1,14.8,14.4,14.3,14.1,13.7,13.4,13.3,13.4,13.1,12.9,12.5,12.2,11.9,11.7,15.4,14.0,9.4,0.58,-1.2,8.38,1460.0,1.0,0.58,5.07,8.78,3046.5,-17.5,0.58,16.47,2.99,5660.0,19.75,45.6,10110.0,-35.0,0.25,0
1413,3.5,3.8,2.9,2.2,3.9,4.7,4.7,4.2,4.4,3.9,3.6,3.7,4.4,4.1,3.6,4.2,3.6,3.2,3.4,3.7,4.2,4.3,4.3,3.9,4.7,3.9,24.3,24.4,24.6,24.3,19.3,15.7,14.7,14.4,13.8,13.0,12.7,12.6,13.0,13.3,13.2,13.3,13.2,12.5,11.7,10.9,10.1,9.2,8.1,7.7,24.6,14.6,14.8,0.97,6.31,12.89,1493.5,4.5,0.79,8.35,11.97,3109.0,-10.1,0.15,15.59,13.08,5780.0,35.85,49.3,10100.0,-35.0,0.89,0
1465,3.5,3.3,2.9,3.4,2.7,2.2,2.5,3.1,2.7,3.0,3.0,3.2,2.9,2.7,2.1,2.7,2.7,1.9,2.3,2.5,3.4,1.3,1.0,0.9,3.5,2.6,14.6,13.1,12.4,11.4,11.2,11.4,11.8,11.9,12.1,12.2,12.6,12.6,13.1,13.9,14.2,14.8,14.8,14.7,14.7,14.6,14.9,15.3,15.6,15.8,15.8,13.5,10.8,0.79,5.8,5.1,1535.0,5.3,0.39,12.65,2.0,3134.0,-9.3,0.3,26.32,2.1,5815.0,13.65,36.45,10185.0,0.0,0.08,0
1488,3.5,4.2,5.0,5.0,5.5,5.9,6.1,5.5,6.2,6.5,6.6,6.0,6.5,5.9,5.0,5.3,5.5,4.9,4.2,3.2,3.5,3.3,2.9,2.1,6.6,4.9,15.4,13.9,12.6,11.2,9.6,8.4,7.8,7.8,7.7,8.1,8.9,9.1,9.2,9.2,9.3,9.7,10.0,9.7,8.8,7.9,7.3,6.9,6.2,5.5,15.4,9.2,5.8,0.49,9.32,2.18,1523.5,-0.25,0.22,13.58,7.76,3097.0,-14.6,0.08,23.79,10.43,5730.0,-5.5,30.1,10205.0,0.0,0.0,0
744,3.5,4.3,4.6,4.1,5.1,4.9,4.9,5.1,5.6,5.8,4.8,3.3,3.8,4.6,2.1,6.5,7.3,4.7,4.0,4.0,4.0,3.6,3.5,3.8,7.3,4.5,7.3,7.3,7.1,7.0,6.7,6.6,6.6,6.6,6.9,7.6,8.5,8.9,8.7,10.5,11.8,6.5,3.2,2.9,3.3,2.7,2.6,2.4,2.4,2.6,11.8,6.1,5.7,0.66,3.73,4.55,1505.5,2.7,0.37,14.61,-5.79,3080.0,-14.0,0.44,22.11,-2.65,5715.0,6.4,32.4,10230.0,5.0,2.18,0
1169,3.5,3.0,2.8,2.9,2.8,2.1,2.1,2.1,2.1,2.3,2.2,3.0,4.0,3.4,2.0,1.8,2.9,1.5,2.8,2.4,2.0,2.0,1.5,1.6,4.0,2.4,9.4,9.2,9.2,9.2,9.2,9.2,9.3,9.6,9.7,10.4,11.6,12.9,14.5,15.2,15.7,15.8,15.6,15.4,15.2,15.0,14.9,14.2,13.5,13.2,15.8,12.4,8.5,0.96,-1.35,6.99,1497.0,-0.5,1.0,4.27,3.49,3079.0,-16.0,0.87,8.76,7.39,5695.0,32.45,48.45,10180.0,-50.0,1.3,0
356,3.5,2.8,3.7,4.2,2.5,1.4,1.7,2.7,3.0,3.6,2.9,2.1,1.9,1.4,1.1,0.5,0.8,1.2,0.6,0.5,0.6,0.8,0.7,0.4,4.2,1.9,17.1,16.6,16.0,14.2,12.1,10.6,9.3,8.8,9.4,10.1,10.8,12.2,14.2,15.6,16.9,17.5,17.2,15.4,13.7,11.8,10.7,9.9,9.4,8.4,17.5,12.8,10.8,0.79,13.91,4.93,1517.0,2.1,0.42,17.15,0.06,3113.0,-14.0,0.07,22.38,2.78,5770.0,20.85,45.85,10165.0,-50.0,0.0,0
1083,3.5,3.7,4.1,3.1,2.4,3.0,2.4,2.5,2.5,4.0,3.9,4.1,3.7,3.8,3.0,3.3,3.2,3.2,2.9,2.8,3.4,3.6,3.2,2.2,4.1,3.2,1.6,1.3,1.0,0.8,0.9,0.9,0.9,1.1,1.5,1.8,1.6,1.3,1.3,1.6,1.8,2.0,1.9,1.7,1.4,1.4,1.3,1.2,1.2,0.8,2.0,1.3,13.575298,0.57732,2.136487,1.662464,1531.49426,5.931129,0.406445,5.459634,0.994001,3145.420501,-10.51141,0.304716,9.872418,0.830116,5818.821222,10.511051,37.388335,10164.198442,-0.119949,0.48,0
714,3.5,4.7,4.6,4.2,3.8,3.0,2.7,2.5,3.4,3.4,2.9,4.2,4.4,3.4,4.0,3.9,3.7,2.1,1.0,0.8,0.4,1.2,1.4,1.1,4.7,2.9,12.7,10.9,9.3,8.4,7.6,6.5,5.7,5.1,5.6,6.8,8.3,9.9,11.5,13.1,14.6,15.4,15.6,14.5,12.1,11.1,9.9,10.2,10.6,10.5,15.6,10.2,6.6,0.35,10.16,-6.95,1520.0,-0.05,0.12,14.89,-9.24,3090.5,-16.4,0.14,18.64,-9.13,5720.0,-20.4,26.0,10205.0,-50.0,0.0,0
389,3.5,3.7,3.9,4.4,2.4,2.3,1.9,2.5,3.7,4.6,4.7,4.5,4.6,5.3,4.8,5.3,5.1,4.4,2.9,1.4,1.1,0.4,0.8,0.4,5.3,3.3,14.0,13.7,13.4,12.4,11.6,11.3,11.2,10.8,10.8,11.7,13.0,14.3,15.1,15.4,16.1,16.4,15.9,15.2,14.0,12.8,11.9,10.7,9.8,9.6,16.4,13.0,13.9,0.9,7.33,12.69,1504.5,4.8,0.63,10.09,12.03,3117.5,-11.1,0.07,16.27,15.0,5780.0,29.9,48.3,10125.0,-10.0,0.48,0
1494,3.6,3.6,3.2,2.9,2.2,1.7,1.4,1.6,2.5,3.5,3.3,2.1,2.8,3.3,3.4,3.2,3.3,2.4,1.1,0.3,0.2,0.2,0.3,0.5,3.6,2.2,10.9,9.9,9.0,8.2,7.4,6.6,6.0,5.5,7.5,9.6,11.2,12.3,13.5,15.2,16.6,17.3,17.3,16.6,15.2,13.2,11.5,10.1,8.6,7.8,17.3,11.1,7.7,0.57,2.136487,1.662464,1530.5,1.3,0.17,12.42,-6.05,3113.0,-14.7,0.23,24.76,-2.19,5745.0,-5.5,35.7,10215.0,0.0,0.0,0
1067,3.6,4.1,4.1,5.7,5.8,5.8,5.3,5.7,6.7,6.2,7.9,8.2,8.3,8.1,8.9,8.4,7.7,7.0,6.0,5.2,5.5,3.9,2.9,3.6,8.9,6.0,16.8,17.7,17.1,17.2,17.3,17.0,16.4,15.7,15.2,16.6,17.8,18.8,17.9,17.3,17.8,17.2,16.6,14.8,13.1,11.7,9.8,8.6,7.3,6.4,18.8,15.1,13.0,0.83,12.84,14.68,1513.5,6.9,0.15,16.94,8.26,3124.0,-12.5,0.05,23.07,10.24,5790.0,12.15,48.15,10145.0,-120.0,0.0,0
40,3.6,3.7,2.8,2.7,3.2,3.1,2.6,3.3,4.9,5.8,5.8,7.2,3.4,6.0,4.2,3.8,3.0,3.5,2.5,3.9,3.8,4.9,4.2,3.5,7.2,4.0,19.3,19.2,19.4,19.4,19.6,19.0,18.2,18.2,18.9,19.4,19.2,18.6,16.2,14.4,15.5,16.3,17.2,17.4,16.7,16.1,15.4,14.2,12.9,12.0,19.6,17.2,8.9,0.92,3.12,9.81,1489.5,2.8,0.18,13.93,12.68,3082.0,-17.2,0.38,23.97,8.97,5705.0,12.75,50.95,10130.0,-25.0,2.06,0
1040,3.6,3.9,3.5,3.6,3.3,2.5,2.2,2.1,2.7,3.0,2.6,2.7,2.3,2.4,2.3,2.6,1.6,0.9,0.3,0.2,0.4,0.4,0.4,0.4,3.9,2.1,5.1,4.8,4.5,4.3,4.4,4.7,5.0,5.4,6.1,6.8,7.8,9.0,10.3,11.6,12.4,12.9,12.9,11.6,9.8,8.4,7.6,7.0,5.9,5.5,12.9,7.7,7.5,0.99,-1.84,-0.95,1494.0,2.6,0.79,15.42,6.27,3081.0,-10.8,0.69,33.51,21.5,5740.0,22.55,36.45,10195.0,-20.0,0.05,0
699,3.6,4.4,4.5,4.2,4.2,4.1,4.1,3.5,3.8,4.4,4.9,5.5,4.8,4.9,4.4,3.7,3.7,2.2,1.3,1.3,0.0,0.2,0.1,0.1,5.5,3.2,11.5,11.4,11.1,10.8,10.6,10.3,10.1,9.9,9.9,10.3,11.1,12.1,12.6,13.2,14.0,14.4,14.3,13.1,11.3,9.9,8.9,6.8,5.5,4.7,14.4,10.7,8.9,0.82,11.5,-1.46,1446.0,-1.35,0.79,13.38,9.25,3025.5,-13.9,0.03,22.5,28.04,5650.0,25.65,42.6,10100.0,-5.0,0.0,0
1045,3.6,3.3,3.4,3.0,1.7,0.9,1.3,5.4,5.5,5.5,7.0,7.5,7.8,8.3,7.4,7.2,6.5,5.8,6.4,5.9,5.1,5.0,4.3,3.5,8.3,5.0,20.8,20.8,18.5,15.6,15.5,15.7,15.4,15.3,14.5,15.5,16.4,16.5,16.2,15.8,15.2,14.4,14.0,13.7,13.3,12.7,12.3,12.1,12.0,11.7,20.8,15.2,11.9,0.9,4.92,16.78,1469.0,1.8,0.93,12.6,10.57,3067.5,-13.1,0.62,19.82,8.75,5715.0,34.3,48.4,10095.0,-135.0,1.6,0
339,3.6,3.4,3.9,3.7,4.2,3.5,3.2,3.7,3.9,3.4,2.5,2.7,3.1,3.5,3.4,2.0,2.6,2.7,2.9,3.5,3.0,3.3,3.6,3.1,4.2,3.3,8.6,8.6,8.6,8.6,8.6,8.3,8.2,7.8,7.7,7.4,7.1,7.3,7.4,7.7,7.7,7.8,7.9,7.9,8.1,8.2,8.0,7.9,7.5,7.4,8.6,7.9,12.6,1.0,2.51,11.17,1541.5,4.8,0.97,6.65,7.19,3152.0,-11.2,0.78,16.13,13.53,5825.0,36.0,47.6,10215.0,5.0,5.69,0
2526,3.6,4.0,3.9,3.8,4.2,4.2,3.6,3.9,3.9,4.3,4.0,3.9,3.5,3.8,3.7,3.5,3.4,3.2,2.7,4.5,3.4,2.0,2.1,2.5,4.5,3.6,1.0,0.5,0.2,-0.1,-0.3,-0.4,-0.4,-0.6,-0.6,-0.4,0.0,0.2,0.3,0.9,1.5,1.7,0.6,-0.6,-0.2,0.1,0.2,1.1,1.4,1.6,1.7,0.3,0.25,0.26,-3.0,-3.01,1498.0,-1.3,0.65,16.9,4.53,3048.5,-16.0,0.19,30.21,11.0,5670.0,-5.7,17.0,10255.0,110.0,0.05,0
787,3.7,5.1,5.4,5.3,5.2,4.7,4.6,5.0,6.0,5.7,5.1,6.3,5.6,6.0,5.9,5.1,5.0,4.4,3.3,2.7,2.4,1.9,1.6,2.1,6.3,4.5,20.1,16.5,15.9,14.0,12.3,10.4,9.1,8.5,8.3,9.2,11.1,12.7,14.2,15.1,15.9,16.2,16.1,15.5,14.1,13.1,12.1,11.1,10.1,9.5,20.1,13.0,12.1,0.64,9.02,2.17,1505.0,3.3,0.61,17.04,7.77,3106.5,-14.4,0.11,21.43,2.77,5740.0,24.0,46.5,10145.0,-10.0,0.03,0
340,3.7,4.1,3.7,3.8,3.1,4.1,4.6,4.7,3.9,4.2,5.6,4.7,5.0,4.9,4.8,4.9,4.8,4.2,3.7,3.0,1.8,1.2,0.9,1.0,5.6,3.8,7.4,7.4,7.5,7.6,7.7,7.7,7.7,7.7,7.8,8.1,8.4,8.6,8.4,8.4,8.4,8.3,8.2,8.2,8.5,8.4,8.0,7.2,6.1,5.4,8.6,7.8,12.2,0.9,4.39,11.76,1521.0,4.5,0.98,11.39,13.0,3130.5,-10.4,0.17,18.33,14.1,5785.0,32.85,43.55,10185.0,-30.0,0.0,0
373,3.7,3.8,3.4,3.0,3.0,3.1,3.5,4.2,5.0,4.8,5.0,4.6,4.5,4.2,4.6,3.7,4.2,4.5,4.8,5.1,3.8,3.4,3.3,2.5,5.1,4.0,10.2,8.6,8.1,7.9,7.8,7.9,7.8,7.5,6.4,5.6,5.3,5.8,6.3,7.3,7.8,8.6,9.4,8.0,7.6,7.5,7.0,6.7,6.3,6.3,10.2,7.4,9.8,0.77,0.11,3.6,1521.0,0.5,0.52,5.26,1.94,3108.5,-14.7,0.39,13.45,6.61,5720.0,21.0,45.1,10170.0,30.0,0.13,0
6,3.7,3.2,3.8,5.1,6.0,7.0,6.3,6.4,6.3,5.4,6.1,6.4,6.1,5.8,6.2,6.2,5.5,4.8,5.5,6.1,5.0,3.1,2.2,1.6,7.0,5.2,15.6,15.6,15.5,15.8,14.7,12.0,10.4,9.0,8.1,8.4,8.8,8.8,8.7,8.6,8.3,8.2,7.8,7.7,7.4,7.3,7.3,7.1,6.6,5.7,15.8,9.7,12.6,0.98,0.48,7.46,1413.0,4.6,0.53,13.36,15.34,3027.5,-11.8,0.84,6.86,25.6,5695.0,26.75,48.45,10040.0,-80.0,0.18,0
1433,3.7,3.4,3.6,3.6,3.6,3.4,3.6,5.2,4.2,4.3,5.0,4.4,4.6,4.8,4.6,3.6,3.4,2.3,1.5,2.0,1.5,1.5,0.4,0.3,5.2,3.3,16.4,15.8,15.6,15.4,15.2,14.9,14.4,13.4,12.9,13.8,14.3,14.6,15.6,16.9,17.4,17.8,17.7,16.6,15.2,13.9,12.6,11.9,10.4,9.2,17.8,14.7,14.4,0.62,10.92,7.45,1494.5,6.3,0.62,12.34,18.01,3113.0,-8.1,0.12,17.76,20.86,5795.0,18.25,35.4,10115.0,-30.0,0.0,0
1452,3.7,3.5,3.3,4.3,3.6,2.5,2.9,5.1,3.3,3.9,2.6,2.3,1.4,2.3,3.2,4.2,4.9,5.1,5.1,5.3,5.8,6.4,4.6,2.9,6.4,3.8,8.8,9.0,9.4,9.8,11.0,11.9,12.2,14.2,13.3,10.7,11.1,11.2,11.3,11.9,12.8,12.9,11.6,11.0,10.9,10.7,10.1,9.5,8.9,8.2,14.2,10.9,5.8,0.43,2.17,6.13,1517.5,-0.15,0.51,11.01,6.43,3092.5,-16.9,0.6,15.74,15.33,5710.0,-15.7,23.2,10215.0,-80.0,2.11,0
2496,3.8,3.1,4.0,3.4,3.5,4.0,4.8,4.4,6.3,7.0,6.8,6.0,6.8,6.7,5.9,6.3,5.3,3.8,3.1,3.0,2.1,1.8,1.2,1.1,7.0,4.3,15.8,15.0,14.4,14.0,13.4,13.1,13.1,12.8,13.3,12.8,12.1,11.6,10.8,10.8,12.2,12.8,12.9,12.0,11.1,10.3,9.6,9.0,8.3,7.7,15.8,12.0,15.1,0.42,14.13,7.58,1427.0,5.0,0.65,17.59,15.06,3041.0,-11.6,0.35,22.73,22.73,5700.0,19.3,36.9,10040.0,-70.0,0.0,0
1079,3.8,4.2,4.4,4.2,4.5,4.2,4.3,4.5,4.2,5.1,4.2,4.1,4.3,4.6,4.5,3.6,3.4,2.1,1.0,0.8,0.6,0.6,0.6,0.7,5.1,3.3,2.6,2.7,2.7,2.8,2.8,2.7,2.8,2.9,3.5,4.7,6.4,8.1,9.3,10.4,10.9,11.2,11.6,10.6,9.4,7.8,6.6,5.6,4.8,4.0,11.6,6.1,4.55,1.0,10.05,0.21,1454.5,-2.35,0.43,13.89,0.04,3017.5,-15.7,0.39,9.872418,0.830116,5605.0,14.8,40.5,10160.0,-20.0,0.0,0
745,3.8,4.4,4.2,4.2,4.1,3.9,3.9,4.1,4.0,4.0,4.1,4.2,4.6,4.8,4.7,4.4,4.4,4.9,3.9,4.1,3.7,3.5,3.7,3.9,4.9,4.1,2.8,2.7,2.5,2.6,2.6,2.6,2.6,2.6,2.8,3.1,3.3,3.7,3.8,3.9,3.7,3.3,3.2,3.0,2.7,2.6,2.4,2.2,1.9,1.7,3.9,2.8,6.8,0.89,3.57,10.02,1499.5,1.35,0.51,14.57,6.46,3084.5,-16.6,0.48,21.97,2.1,5710.0,8.55,45.15,10195.0,-35.0,0.0,0
731,3.8,4.3,4.4,4.6,4.2,3.8,3.4,3.3,4.5,4.6,4.5,4.6,4.0,3.7,4.1,4.2,3.6,2.1,1.8,1.7,1.3,0.8,1.4,1.3,4.6,3.3,15.8,15.3,14.5,13.7,12.7,11.8,11.1,10.4,10.4,11.6,13.4,14.8,15.9,17.4,18.2,18.4,18.2,17.1,15.1,13.4,11.8,11.0,10.4,10.1,18.4,13.9,10.3,0.52,-2.06,-2.13,1630.5,2.7,0.24,6.22,-7.61,3214.5,-12.5,0.13,10.99,-10.04,5870.0,3.45,33.45,10320.0,115.0,0.0,0
780,3.8,3.3,2.8,2.2,2.1,1.5,1.3,2.2,3.7,3.4,2.8,2.5,2.6,2.1,1.4,1.5,0.9,1.3,1.2,0.6,0.5,1.5,0.8,0.4,3.8,1.9,9.9,9.1,8.6,8.0,7.4,6.8,6.4,6.9,8.8,10.3,11.7,13.4,15.1,16.5,17.6,18.3,19.0,19.1,18.4,16.4,14.5,13.7,12.7,11.8,19.1,12.5,11.6,0.19,10.95,-0.38,1492.0,4.6,0.23,21.94,-3.8,3094.5,-13.0,0.08,9.872418,0.830116,5750.0,-3.3,27.7,10140.0,0.0,0.0,0
998,3.8,4.1,3.7,2.8,3.7,3.9,3.2,3.0,4.2,4.8,6.0,5.5,5.1,3.9,2.6,2.8,2.1,1.7,1.5,1.4,1.3,1.8,1.4,1.3,6.0,3.2,9.3,9.6,9.8,9.8,10.2,10.2,9.2,8.8,9.4,9.0,8.6,8.4,8.0,7.1,7.2,7.9,7.9,8.0,8.1,8.4,8.6,9.1,8.6,8.4,10.2,8.7,10.4,0.86,2.92,-4.45,1575.0,5.7,0.85,7.15,-0.83,3187.5,-9.1,0.96,9.872418,0.830116,5865.0,25.2,36.6,10275.0,70.0,0.13,0
67,3.8,4.6,4.6,5.1,4.8,4.8,3.9,4.3,5.3,5.8,5.7,5.4,6.1,6.0,5.5,5.1,5.7,4.9,3.6,2.8,2.3,3.3,3.5,3.2,6.1,4.6,5.3,5.1,4.7,4.3,3.9,3.6,3.2,3.4,4.4,5.8,7.5,9.2,10.7,11.6,12.3,12.9,13.0,12.6,11.3,10.1,8.8,8.1,7.2,6.3,13.0,7.7,-0.35,0.68,13.25,-11.96,1411.0,-1.0,0.26,22.11,-7.01,2975.5,-19.2,0.27,9.872418,0.830116,5580.0,-2.75,31.95,10130.0,135.0,0.0,0
2176,3.8,3.1,3.5,3.5,2.7,2.7,2.3,2.9,3.0,3.4,4.1,4.2,4.8,5.1,5.5,4.7,4.5,3.7,2.5,2.5,2.1,2.7,2.1,1.7,5.5,3.4,14.0,13.4,12.6,11.5,10.5,9.7,9.0,8.2,8.5,9.8,10.7,12.1,14.1,15.3,16.2,16.1,15.5,14.1,12.7,11.8,10.8,9.8,8.6,7.6,16.2,11.8,11.2,0.55,8.33,-2.43,1537.0,2.1,0.85,15.94,-2.56,3131.5,-14.2,0.49,21.86,2.99,5760.0,23.05,39.55,10210.0,-70.0,0.0,0
1508,3.8,3.5,2.1,2.1,0.9,1.2,3.9,3.0,2.1,7.0,8.0,8.3,6.1,7.1,6.8,7.1,7.9,6.7,6.0,6.2,6.7,6.4,5.8,6.3,8.3,5.2,14.1,13.9,13.9,13.8,14.0,14.2,14.1,13.9,14.3,9.7,4.6,3.3,4.3,4.9,5.9,5.4,3.9,3.0,2.2,1.2,0.7,0.4,-0.1,-0.4,14.3,7.3,12.6,0.58,-1.87,5.29,1446.5,2.9,0.53,8.7,5.22,3048.0,-13.9,0.35,13.08,15.63,5680.0,14.8,41.25,10085.0,-100.0,0.0,0
691,3.8,3.4,4.2,3.7,3.2,3.5,5.0,3.8,3.9,4.6,4.6,4.9,4.9,4.7,5.1,5.0,4.4,3.6,2.2,2.1,2.0,2.1,1.7,1.3,5.1,3.7,12.7,11.7,10.7,9.4,8.5,7.9,7.7,7.4,8.0,8.9,10.3,11.4,12.4,13.3,13.8,14.2,14.0,13.1,11.8,10.7,10.0,9.2,8.4,7.3,14.2,10.5,10.4,0.5,10.28,8.4,1518.0,2.8,0.61,12.21,14.08,3117.0,-11.9,0.15,21.05,14.74,5770.0,14.25,32.85,10170.0,20.0,0.0,0
1447,3.9,4.7,3.8,2.3,3.0,3.7,3.4,3.8,4.0,3.6,3.1,3.5,3.9,2.9,3.4,3.3,3.0,2.5,3.1,2.0,1.5,1.6,2.1,2.9,4.7,3.1,7.3,5.7,3.9,3.7,3.8,3.7,3.6,3.5,3.6,4.0,4.3,4.6,5.2,5.7,6.1,6.2,6.4,6.7,6.6,6.5,6.5,6.4,6.2,5.9,7.3,5.3,4.0,0.94,9.03,0.24,1505.0,-1.15,0.73,15.68,-1.01,3073.5,-17.6,0.88,22.75,7.25,5680.0,20.2,42.3,10220.0,20.0,0.03,0
681,3.9,3.5,4.4,3.5,2.9,2.9,3.4,3.4,3.7,4.0,3.5,3.4,3.7,4.7,4.5,4.1,3.9,2.5,0.8,0.4,0.3,0.0,0.3,0.0,4.7,2.8,12.9,10.7,9.9,9.1,8.9,8.7,8.6,8.2,8.2,9.7,10.5,11.2,11.5,11.7,12.4,12.4,12.4,11.6,10.1,7.9,6.7,6.2,5.7,5.2,12.9,9.6,10.5,0.77,1.23,2.92,1521.5,1.9,0.58,11.37,7.39,3115.5,-13.7,0.13,16.93,9.77,5750.0,22.55,43.85,10200.0,0.0,0.69,0
1123,3.9,3.8,4.1,3.9,4.2,4.0,3.6,3.8,4.5,4.4,3.7,2.5,3.5,3.5,3.3,3.5,2.5,2.4,1.5,1.9,1.3,1.5,1.7,0.7,4.5,3.1,6.1,5.1,3.9,3.0,2.1,1.3,0.8,0.6,1.1,2.1,3.7,5.6,7.3,8.3,8.9,8.6,8.7,8.8,8.7,8.6,8.6,8.6,8.5,8.5,8.9,5.7,11.3,0.5,7.26,0.02,1533.0,5.6,0.46,16.36,7.2,3141.0,-12.7,0.4,21.06,6.67,5795.0,1.7,31.95,10225.0,70.0,0.0,0
707,3.9,3.9,4.5,4.6,3.3,4.0,4.5,4.2,4.1,3.6,4.2,3.8,3.1,2.8,2.4,2.3,2.2,1.9,1.3,1.1,1.3,1.5,1.8,1.3,4.6,3.0,8.3,8.1,7.2,6.7,6.6,6.5,6.1,5.8,5.4,5.4,6.3,6.9,7.6,8.3,9.7,10.1,10.4,10.1,9.1,8.2,7.4,6.7,6.3,5.7,10.4,7.5,7.4,0.93,-1.52,3.14,1479.0,-0.65,0.74,14.87,10.27,3057.0,-14.7,0.47,19.06,20.55,5675.0,24.25,43.1,10170.0,20.0,0.0,0
1449,4.0,3.7,2.9,3.6,2.4,2.9,2.0,2.0,3.2,3.8,3.9,4.5,4.7,4.5,5.0,4.7,4.4,4.4,2.8,3.1,2.0,1.8,1.7,1.6,5.0,3.3,3.3,2.9,2.4,2.4,2.0,1.1,0.5,-0.1,0.8,2.2,3.6,4.6,5.6,6.0,6.3,6.5,6.3,5.3,4.5,3.9,3.1,2.1,1.4,1.0,6.5,3.2,-2.6,0.81,-2.22,-5.69,1488.0,-4.1,0.89,15.5,1.69,3025.0,-19.8,0.47,27.66,11.94,5605.0,10.7,31.95,10240.0,10.0,0.0,0
361,4.0,3.5,2.1,2.9,4.0,6.2,7.4,6.8,8.4,8.5,7.7,8.0,7.4,7.2,6.3,7.1,6.1,4.8,5.0,3.2,2.3,1.8,1.5,1.3,8.5,5.2,15.4,14.9,15.4,14.9,15.4,14.1,11.7,9.7,7.7,7.1,6.8,8.0,8.7,9.1,10.4,10.8,10.2,9.1,7.8,6.8,6.0,5.4,4.7,3.9,15.4,9.8,9.3,0.86,12.45,6.94,1448.0,0.35,0.91,5.459634,0.994001,3030.0,-13.7,0.48,13.45,21.53,5665.0,28.6,43.65,10080.0,-95.0,0.13,0
1471,4.0,3.6,2.9,3.0,2.8,2.9,3.3,4.1,3.8,3.4,3.4,2.3,5.9,5.7,5.4,5.5,5.0,4.5,5.2,5.3,5.3,5.7,4.7,4.9,5.9,4.3,22.6,22.5,22.1,21.8,21.8,21.6,21.6,21.7,22.0,22.2,22.2,18.8,11.8,10.6,11.1,11.8,12.2,12.3,11.8,11.4,10.7,10.3,10.2,9.9,22.6,16.5,14.6,0.9,9.12,15.44,1508.0,5.0,0.66,8.2,15.72,3124.0,-9.0,0.08,20.23,14.17,5800.0,30.65,45.55,10125.0,-20.0,0.58,0
425,4.0,3.4,4.2,4.7,4.2,4.6,5.3,4.4,4.0,4.7,3.6,3.6,3.8,3.8,3.7,4.6,4.7,4.4,5.2,5.9,5.3,4.6,4.3,4.2,5.9,4.4,18.1,17.3,16.6,15.3,14.0,13.0,12.3,12.1,12.4,12.6,13.2,14.1,14.2,14.7,14.8,15.3,15.4,15.1,14.8,14.8,14.8,15.2,15.6,16.1,18.1,14.7,11.6,0.88,-0.51,2.21,1552.5,3.6,0.53,6.34,1.05,3152.0,-15.0,0.31,18.14,-2.73,5795.0,20.75,51.35,10200.0,45.0,0.0,0
746,4.1,4.3,3.6,4.0,3.7,3.8,3.2,3.5,3.8,4.6,3.8,4.3,4.5,3.3,2.9,2.5,2.7,3.2,3.3,3.4,3.7,3.4,3.2,2.6,4.6,3.6,1.4,1.1,1.1,0.9,0.9,0.8,0.8,0.9,1.1,1.4,1.7,2.2,2.7,3.6,4.3,5.3,5.8,5.6,4.5,3.7,3.2,2.8,2.4,2.3,5.8,2.5,9.3,0.35,6.88,0.15,1520.0,-0.65,0.58,15.05,2.06,3098.5,-17.5,0.15,29.44,2.58,5705.0,10.55,38.6,10235.0,40.0,0.0,0
1458,4.1,2.7,1.5,1.7,1.5,2.6,3.3,3.7,2.7,3.1,2.9,3.1,3.0,3.0,2.7,3.3,3.2,2.6,2.8,2.7,2.5,2.5,2.6,2.7,4.1,2.8,17.6,15.0,13.9,13.6,13.7,13.7,13.3,12.2,12.1,12.7,13.4,14.3,14.7,15.2,16.1,16.0,15.7,15.1,14.9,14.5,14.0,13.7,13.4,13.2,17.6,14.2,8.8,0.94,3.29,3.75,1519.5,5.4,0.17,9.91,3.88,3119.5,-15.3,0.28,18.73,7.92,5765.0,10.4,47.2,10170.0,-10.0,0.03,0
1532,4.1,4.4,4.0,4.2,4.4,3.8,3.6,4.2,4.6,4.1,4.3,4.2,3.9,4.2,4.2,3.8,3.4,3.4,2.8,1.4,1.2,1.7,1.3,1.7,4.6,3.5,8.7,8.8,8.7,8.6,8.2,7.7,7.3,7.1,7.7,9.3,11.4,13.3,15.2,16.9,17.9,18.8,19.1,18.6,17.2,15.5,14.2,13.3,12.1,11.2,19.1,12.4,13.0,0.95,9.1,2.71,1509.5,3.1,0.86,11.66,6.36,3117.5,-13.3,0.3,15.91,2.2,5775.0,36.3,51.75,10145.0,30.0,0.03,0
997,4.1,4.6,3.7,3.4,4.2,3.9,3.9,4.9,3.6,3.3,2.5,3.0,3.0,3.0,2.9,4.1,4.1,3.3,4.4,4.0,3.4,4.3,4.4,3.8,4.9,3.7,18.3,17.7,17.4,16.3,15.7,15.9,15.8,15.7,14.9,15.0,14.4,13.7,13.3,12.9,12.9,12.8,12.1,11.7,11.2,10.7,10.7,10.4,9.9,9.4,18.3,13.7,16.6,0.8,1.53,-4.07,1560.5,8.2,0.77,7.05,-2.92,3192.0,-7.7,0.56,11.78,0.49,5890.0,33.4,45.0,10205.0,75.0,2.16,0
701,4.2,4.5,3.6,1.9,1.8,1.8,1.2,1.0,2.4,4.5,5.2,4.9,4.3,3.6,4.7,4.2,3.9,1.9,1.2,0.2,0.0,0.1,0.4,0.6,5.2,2.6,10.5,9.7,9.2,8.2,7.2,6.6,5.3,4.3,6.4,8.3,9.8,11.2,12.3,13.2,13.8,13.9,13.7,12.3,10.7,8.1,5.9,4.7,3.9,3.4,13.9,8.9,5.6,0.25,12.78,2.74,1508.0,2.6,0.02,19.32,6.94,3089.0,-14.7,0.13,27.72,7.38,5720.0,-40.6,16.1,10195.0,25.0,0.0,0
352,4.2,3.8,3.5,3.6,3.8,4.1,4.3,4.0,3.7,3.8,4.1,3.8,3.4,4.2,4.2,4.4,3.5,3.8,3.4,3.6,3.6,3.3,3.0,3.0,4.4,3.8,1.6,1.6,1.6,1.7,1.7,1.6,1.4,1.4,1.6,1.8,1.9,2.6,3.1,3.5,3.3,2.6,2.5,2.2,2.0,1.9,1.6,1.4,1.2,1.1,3.5,2.0,11.9,0.98,11.69,8.62,1561.0,3.7,0.98,12.86,9.82,3167.0,-10.8,0.51,19.28,6.87,5835.0,34.1,45.15,10265.0,-0.119949,0.0,0
1516,4.2,4.9,4.2,4.6,4.2,4.1,3.7,4.3,5.0,4.7,3.6,3.7,2.7,2.5,2.4,1.8,1.7,1.6,2.5,2.6,2.1,0.9,1.6,1.7,5.0,3.1,10.3,9.6,8.8,8.2,7.5,6.7,6.2,6.2,7.1,8.6,10.4,11.9,13.6,14.4,15.2,15.7,15.7,15.3,13.3,12.5,11.7,11.9,12.1,12.1,15.7,11.0,13.1,0.37,3.9,-3.33,1602.5,2.5,0.31,8.95,-3.78,3202.5,-14.2,0.05,16.41,0.85,5840.0,2.9,34.6,10300.0,130.0,0.0,0
1414,4.2,3.8,3.5,3.1,2.8,2.7,2.6,2.7,3.5,3.7,4.2,4.9,5.1,5.3,4.6,4.4,5.1,5.1,4.7,4.2,4.7,3.9,4.6,4.9,5.3,4.1,7.2,6.9,6.7,6.3,6.4,6.6,6.8,6.9,7.0,7.3,7.3,7.1,6.6,6.4,6.4,6.1,5.2,4.9,4.7,4.3,3.8,3.9,3.8,3.4,7.3,5.9,14.2,1.0,-2.73,15.34,1487.0,4.9,0.75,0.42,16.93,3100.5,-10.9,0.57,14.26,18.21,5765.0,34.8,50.2,10100.0,0.0,4.62,0
1361,4.2,4.2,3.6,3.4,3.3,3.4,3.2,3.1,3.2,3.5,3.4,3.1,3.3,3.3,3.5,3.0,2.7,1.9,1.3,0.8,1.2,1.3,0.9,0.6,4.2,2.7,16.4,15.2,14.6,14.6,14.6,14.4,14.3,14.2,14.0,14.6,15.1,16.2,16.5,16.8,17.3,17.2,17.5,17.3,16.5,15.7,15.4,15.3,14.7,13.9,17.5,15.5,15.9,0.73,1.37,6.5,1511.5,7.4,0.79,12.01,1.93,3143.5,-8.4,0.77,18.41,7.94,5835.0,31.75,43.6,10135.0,-20.0,0.372026,0
2172,4.2,4.5,4.1,4.5,4.7,4.7,3.9,3.8,4.6,4.2,3.8,3.9,4.0,4.3,4.3,4.3,3.8,3.3,2.7,2.6,2.6,3.1,3.7,4.7,4.7,3.9,11.1,10.9,10.4,10.0,9.3,8.6,8.1,7.8,7.4,7.2,6.8,7.1,7.6,7.5,7.4,7.3,7.3,7.4,7.4,7.8,8.1,8.2,7.9,6.9,11.1,8.1,12.7,0.95,6.41,5.0,1512.0,5.3,0.92,11.82,12.14,3126.5,-11.2,0.48,18.76,15.1,5795.0,34.5,47.0,10155.0,15.0,0.0,0
1129,4.2,4.0,4.4,3.8,3.1,2.1,5.6,5.6,5.1,4.2,4.9,5.9,6.1,6.6,6.5,6.5,6.8,4.5,2.5,2.6,2.7,4.5,5.4,5.7,6.8,4.7,21.6,21.7,21.7,21.7,21.4,20.6,12.6,10.3,10.1,11.0,12.3,13.2,14.4,15.4,16.1,15.3,12.2,11.2,10.9,10.6,10.2,9.7,8.4,7.0,21.7,14.2,15.2,0.68,5.23,16.94,1495.0,4.6,0.6,6.64,14.23,3108.0,-8.9,0.04,17.93,16.22,5790.0,25.55,42.0,10110.0,-40.0,0.53,0
14,4.2,5.1,5.1,5.1,5.5,5.0,5.4,5.6,5.3,5.5,5.7,5.9,5.4,5.5,5.3,5.4,4.7,3.0,1.3,0.6,0.6,0.2,0.4,0.2,5.9,4.0,11.7,10.9,9.7,8.8,7.1,6.3,5.8,5.4,5.2,4.9,5.2,6.2,7.9,9.8,11.9,13.1,13.4,12.8,10.9,9.1,8.0,6.9,5.5,5.1,13.4,8.4,8.8,0.86,4.4,-1.06,1462.0,0.65,0.54,11.7,2.93,3051.0,-17.8,0.36,21.32,17.22,5660.0,20.9,50.95,10115.0,-40.0,0.0,0
32,4.2,3.6,3.4,3.5,3.7,3.7,4.5,4.3,4.1,3.8,4.6,4.3,4.4,4.0,3.4,4.0,3.8,3.7,3.5,3.6,4.2,4.5,4.2,3.6,4.6,3.9,11.6,11.7,11.8,11.8,11.8,11.7,11.6,11.6,11.7,11.8,12.1,11.9,12.0,12.0,11.8,12.2,12.6,12.9,13.4,13.6,13.6,13.4,13.2,12.6,13.6,12.3,9.2,0.86,-1.63,2.84,1428.0,0.85,0.56,0.2,-0.92,3016.5,-16.4,0.69,2.15,10.02,5635.0,25.55,48.95,10070.0,-40.0,0.81,0
695,4.2,3.8,3.1,2.1,2.1,2.0,2.7,3.2,2.5,3.2,4.2,3.2,1.8,0.5,0.4,3.5,5.5,4.2,4.1,3.8,3.5,3.3,3.0,3.3,5.5,3.1,21.0,20.8,20.3,19.6,19.1,19.4,20.0,20.6,20.7,21.8,22.8,18.9,12.1,13.3,14.6,18.6,19.4,17.7,16.3,14.9,13.8,12.7,11.6,10.9,22.8,17.5,11.9,0.58,3.5,6.91,1547.0,6.4,0.19,10.87,4.98,3148.5,-12.8,0.12,18.35,15.39,5805.0,8.1,41.4,10190.0,-20.0,0.76,0
1166,4.3,3.8,3.5,3.8,4.1,3.2,3.1,3.8,4.5,4.3,3.2,3.2,3.4,3.0,2.7,3.2,3.0,2.3,2.7,1.8,1.4,1.9,1.4,1.1,4.5,3.0,13.6,12.7,12.8,12.5,12.2,12.1,11.7,11.7,12.3,13.3,14.7,15.8,16.6,17.6,18.3,18.6,18.4,18.1,17.2,15.8,14.6,14.0,13.2,11.8,18.6,14.6,8.1,0.78,0.5,-2.77,1520.5,1.2,0.4,10.53,-1.14,3104.0,-18.1,0.42,17.68,-6.42,5715.0,19.7,48.8,10190.0,30.0,0.0,0
2289,4.3,4.0,4.1,4.0,3.4,3.4,3.5,4.3,1.3,4.5,4.7,3.1,4.0,3.2,1.6,3.3,5.0,4.9,5.2,4.9,4.5,4.7,4.2,4.3,5.2,3.9,22.0,22.2,22.2,22.4,22.6,22.7,22.8,23.3,20.7,17.6,15.8,15.5,16.6,17.9,18.2,18.2,17.6,15.8,15.3,15.1,14.8,14.6,14.5,14.4,23.3,18.5,15.5,0.86,1.9,12.41,1513.0,5.9,0.71,7.8,9.28,3136.5,-12.8,0.46,16.58,3.98,5795.0,36.2,54.0,10130.0,-15.0,6.43,0
1902,4.4,5.5,5.9,4.2,4.0,3.5,3.8,4.4,5.3,5.8,4.9,5.5,5.6,6.1,5.5,6.0,5.1,4.5,3.4,1.7,0.4,0.2,0.3,0.5,6.1,4.0,10.1,8.8,7.8,6.9,6.2,5.6,5.6,6.3,7.6,9.0,10.6,12.2,13.8,14.9,16.3,17.1,17.5,17.4,16.7,14.9,12.6,10.2,9.0,7.9,17.5,11.0,5.8,0.24,8.25,-11.43,1511.5,-1.7,0.38,15.86,-6.56,3080.5,-19.0,0.05,9.872418,0.830116,5670.0,-5.1,30.6,10215.0,80.0,0.0,0
1034,4.4,4.0,3.8,4.6,4.1,4.1,3.7,4.0,4.1,4.0,4.5,5.1,4.8,4.6,4.5,3.8,3.9,3.7,2.8,3.3,3.0,3.1,3.2,2.8,5.1,3.9,11.3,11.2,11.4,11.4,11.2,10.6,10.1,9.8,9.3,9.3,9.7,9.5,9.6,10.9,11.2,11.9,12.4,11.1,10.1,9.4,8.4,7.8,7.2,6.4,12.4,10.1,13.6,0.79,8.0,2.47,1486.5,7.5,0.24,13.57,6.99,3101.0,-10.1,0.46,27.05,7.25,5780.0,14.0,43.6,10120.0,-45.0,0.0,0
766,4.5,4.5,5.2,5.1,4.5,4.1,3.8,4.0,4.8,4.2,3.8,3.5,3.7,3.6,3.0,2.9,2.7,2.4,2.1,2.1,1.7,1.4,1.7,2.0,5.2,3.4,18.9,17.5,15.6,14.2,12.9,11.3,10.2,9.5,8.8,9.7,10.6,12.8,14.3,15.8,17.1,17.9,18.4,17.9,16.4,15.1,14.2,13.4,12.7,11.9,18.9,14.0,13.5,0.73,8.77,2.18,1550.5,5.7,0.16,12.12,0.43,3156.5,-11.1,0.1,20.78,3.66,5825.0,10.0,43.6,10190.0,35.0,0.0,0
1472,4.5,4.6,4.4,4.5,4.3,3.7,3.6,3.3,3.9,4.4,4.9,4.8,5.1,4.4,3.7,3.4,3.3,2.5,1.5,1.1,0.5,0.2,0.1,0.5,5.1,3.2,9.7,9.4,8.7,7.6,6.6,6.0,5.8,5.5,5.4,7.5,9.7,11.8,12.7,13.4,14.4,14.9,15.2,14.4,12.9,11.9,9.9,8.6,7.7,6.5,15.2,9.8,13.0,0.68,4.8,1.18,1503.0,3.6,0.63,10.56,4.87,3112.0,-10.7,0.57,23.32,17.78,5770.0,22.4,40.4,10175.0,50.0,0.0,0
1053,4.5,4.8,3.7,3.8,3.5,3.4,3.1,3.4,4.1,4.5,4.9,4.5,4.4,4.8,4.9,4.2,4.4,3.1,3.1,3.3,3.0,2.6,2.0,1.4,4.9,3.7,12.3,10.6,9.1,7.9,6.9,6.1,5.6,5.6,5.8,6.9,7.7,9.0,10.1,10.5,10.5,10.0,9.4,8.1,7.4,6.9,6.5,6.1,5.6,5.2,12.3,7.9,9.1,0.61,8.3,-3.31,1549.5,1.6,0.53,12.26,-2.28,3133.0,-15.1,0.15,17.58,-3.8,5765.0,8.15,39.25,10235.0,25.0,0.0,0
1826,4.6,3.8,2.8,2.3,1.7,1.6,1.2,1.7,2.4,2.0,0.9,0.8,1.4,3.0,2.1,3.4,3.0,3.3,1.7,1.8,1.6,2.0,2.2,2.7,4.6,2.3,6.8,6.2,5.7,5.1,4.4,4.0,3.2,2.6,2.5,2.8,3.3,4.1,5.1,5.7,6.3,6.6,6.6,6.1,4.9,4.2,3.4,3.1,2.5,1.9,6.8,4.5,8.4,0.65,6.42,-7.95,1527.0,2.6,0.26,17.19,-6.34,3114.0,-15.7,0.28,9.872418,0.830116,5750.0,7.5,40.7,10245.0,105.0,0.0,0
1368,4.6,4.0,5.8,4.2,4.6,2.5,1.5,1.5,2.2,2.8,1.6,2.8,2.0,4.9,4.8,5.3,5.4,4.6,1.9,1.1,0.6,1.1,1.3,1.7,5.8,3.0,26.1,25.6,18.9,18.3,17.8,17.5,17.3,17.1,16.9,16.7,16.8,17.8,18.5,16.3,16.7,18.0,18.2,17.0,16.2,14.9,14.7,14.3,14.9,14.6,26.1,17.5,16.5,0.99,4.73,19.47,1448.5,7.4,0.81,9.0,19.3,3079.0,-9.2,0.25,15.4,16.92,5765.0,38.55,51.25,10035.0,-75.0,3.99,0
2186,4.6,3.7,3.2,2.6,2.9,2.8,3.0,3.5,4.2,4.0,3.6,3.5,3.4,3.3,2.5,2.5,2.8,2.1,1.3,1.3,1.0,0.4,0.5,0.8,4.6,2.6,5.3,5.4,5.4,5.1,4.8,4.3,3.6,2.9,3.2,3.8,4.9,6.2,7.4,8.6,9.6,10.4,10.8,10.4,9.2,7.9,7.1,5.8,4.5,4.7,10.8,6.3,2.2,0.9,6.54,-8.88,1437.0,-1.9,0.66,13.48,-2.67,3003.0,-17.9,0.31,15.59,-1.84,5600.0,15.8,38.55,10135.0,80.0,0.0,0
431,4.6,5.9,4.4,2.6,5.1,5.2,4.4,4.9,4.6,6.1,7.0,7.2,7.5,6.6,6.4,6.1,6.4,6.8,6.3,6.5,7.0,6.4,5.9,5.6,7.5,5.8,19.6,19.4,12.7,10.6,9.7,8.5,8.1,7.4,7.1,7.3,7.9,8.7,9.8,9.3,9.4,9.9,10.0,10.2,9.8,9.4,8.7,8.2,7.8,7.4,19.6,9.9,13.5,0.79,4.25,16.19,1446.5,3.1,0.8,11.15,11.71,3052.5,-14.2,0.66,18.1,14.53,5700.0,34.4,51.7,10060.0,-70.0,2.54,0
1891,4.8,5.0,5.2,4.6,4.2,3.8,3.8,3.0,3.5,3.7,3.8,4.6,4.8,5.5,5.1,5.2,5.4,4.9,4.9,2.6,2.3,3.4,2.7,1.5,5.5,4.1,11.6,10.8,10.3,9.6,9.1,8.6,8.2,8.4,8.8,9.7,10.6,11.7,13.1,14.1,14.7,14.4,14.3,13.7,12.7,11.9,11.2,10.7,9.9,8.5,14.7,11.1,10.0,0.83,4.63,-1.99,1490.0,1.05,1.0,8.84,8.24,3084.5,-14.4,0.37,24.87,12.45,5730.0,31.35,45.8,10155.0,90.0,0.0,0
1528,4.9,4.2,4.1,4.0,4.0,3.8,4.1,4.6,4.2,3.8,2.7,3.0,3.0,2.1,2.5,2.3,1.9,1.9,1.5,1.7,1.5,1.1,1.3,0.9,4.9,2.9,11.9,10.5,9.3,8.3,7.2,6.2,5.6,5.6,6.7,8.2,9.4,11.1,12.6,13.9,14.7,15.3,15.7,15.7,15.2,13.8,12.9,12.1,11.3,10.6,15.7,11.0,8.8,0.17,-1.23,-5.75,1567.5,1.9,0.13,6.46,-7.5,3155.5,-12.9,0.07,10.62,-8.56,5800.0,-17.0,19.4,10260.0,-0.119949,0.0,0
336,4.9,4.3,5.3,4.4,4.9,4.6,4.9,4.1,4.9,4.8,4.7,4.7,4.2,4.0,3.8,4.0,3.7,2.6,2.9,3.0,2.5,2.0,1.8,1.3,5.3,3.8,11.4,10.9,10.3,10.1,10.1,9.9,9.7,9.7,9.9,10.5,11.1,12.3,13.2,13.9,14.3,14.3,13.8,12.5,11.2,10.1,9.5,9.7,9.2,8.7,14.3,11.1,13.2,0.87,2.136487,1.662464,1524.5,5.4,0.57,7.67,9.99,3136.5,-8.0,0.29,19.46,16.25,5815.0,20.6,40.1,10155.0,35.0,0.91,0
1479,4.9,5.1,5.5,4.5,4.4,5.2,5.2,4.3,3.8,4.2,3.9,3.8,3.8,4.6,4.0,4.3,3.5,2.7,2.7,1.7,0.9,0.4,1.0,1.0,5.5,3.6,8.2,7.6,7.0,6.3,6.0,5.7,5.3,5.2,5.4,5.6,6.1,6.1,6.3,6.7,6.6,5.8,5.6,5.8,5.9,5.8,5.3,4.8,4.4,4.1,8.2,5.9,13.5,0.59,9.31,1.45,1534.5,3.7,0.96,11.94,8.81,3146.5,-10.2,0.58,20.61,14.27,5810.0,26.9,37.75,10205.0,75.0,0.0,0
78,4.9,4.2,3.4,2.7,3.2,2.8,2.8,3.7,5.3,5.1,5.0,5.5,5.5,5.5,5.5,5.3,5.5,5.0,3.4,1.9,1.7,1.4,1.6,1.3,5.5,3.8,8.1,7.6,7.0,6.4,6.2,5.9,5.6,6.5,7.4,8.8,10.2,11.7,13.0,13.8,14.3,14.7,14.6,14.1,13.1,12.1,11.5,10.9,10.1,9.6,14.7,10.1,13.575298,0.57732,2.136487,1.662464,1531.49426,5.931129,0.406445,5.459634,0.994001,3145.420501,-10.51141,0.304716,9.872418,0.830116,5818.821222,10.511051,37.388335,10164.198442,-0.119949,0.0,0
363,5.0,4.5,3.3,3.4,3.0,3.2,3.6,3.7,3.8,4.4,3.6,3.1,3.2,2.2,1.5,2.4,2.0,1.2,0.8,0.4,0.4,0.1,0.1,0.1,5.0,2.5,0.5,0.2,0.0,-0.2,-0.3,-0.5,-0.9,-1.7,-1.2,0.1,1.6,2.8,3.9,4.8,5.4,6.1,6.1,5.5,4.1,2.4,1.5,0.7,0.3,-0.2,6.1,1.7,-1.9,0.29,0.02,-11.6,1535.0,-8.2,0.62,6.02,-2.12,3058.0,-19.6,0.35,9.872418,0.830116,5615.0,-4.75,20.9,10315.0,135.0,0.0,0
1030,5.0,5.6,4.5,3.3,3.4,3.2,3.0,3.2,3.7,4.0,4.2,3.8,3.4,3.8,3.5,3.6,2.9,1.1,0.1,0.2,0.2,0.2,0.2,0.3,5.6,2.8,7.2,6.7,6.1,5.2,4.6,4.3,4.0,4.5,6.3,8.7,10.4,11.6,13.0,14.4,15.2,15.5,15.4,13.8,11.1,9.6,8.5,8.0,7.5,6.7,15.5,9.1,11.6,0.6,2.136487,1.662464,1421.5,5.6,0.5,20.08,20.33,3029.5,-9.1,0.1,21.43,27.54,5700.0,5.3,32.15,10065.0,5.0,0.0,0
1078,5.0,4.6,4.2,4.0,4.2,4.6,5.0,4.1,4.2,4.3,3.8,4.4,4.2,4.6,4.9,5.1,4.6,3.9,4.2,4.4,4.5,4.7,4.4,4.3,5.1,4.4,4.8,4.3,4.1,4.0,3.9,3.9,3.9,3.9,3.8,3.8,3.9,3.7,3.2,2.8,2.7,2.6,2.4,2.3,2.4,2.4,2.3,2.3,2.5,2.6,4.8,3.3,10.0,0.99,4.18,8.36,1526.0,0.9,0.93,9.09,5.79,3119.0,-14.5,0.17,16.48,3.49,5745.0,33.45,48.9,10180.0,-60.0,0.23,0
368,5.1,6.1,7.1,6.5,7.1,6.2,5.5,4.7,5.7,5.3,4.7,5.5,5.4,4.8,4.4,4.2,4.2,3.1,2.2,1.7,1.7,2.2,2.1,2.1,7.1,4.5,7.2,6.3,5.2,4.6,4.1,3.7,3.3,3.2,3.2,3.5,3.7,4.9,6.3,7.8,9.0,9.9,9.8,8.9,7.8,6.9,5.6,4.8,4.3,3.4,9.9,5.7,10.2,0.88,8.95,-0.38,1485.5,2.4,0.29,13.05,2.56,3078.0,-16.3,0.38,24.54,10.71,5705.0,14.6,50.9,10145.0,-20.0,0.0,0
1077,5.1,4.5,4.3,3.2,3.1,3.7,4.0,3.4,3.8,3.1,3.3,2.3,2.8,0.8,1.0,1.2,2.9,4.2,3.8,4.5,3.8,4.7,4.2,4.6,5.1,3.4,10.4,10.3,10.2,10.2,9.6,9.2,9.4,9.8,10.3,10.9,11.2,12.7,14.6,15.0,15.3,15.9,14.8,11.0,8.3,6.9,6.2,5.7,5.4,5.4,15.9,10.4,6.5,0.87,-2.53,9.1,1549.0,0.35,0.75,4.75,4.97,3132.0,-17.0,0.57,9.99,6.75,5745.0,24.1,45.0,10240.0,-20.0,0.56,0
2173,5.1,4.8,4.2,4.7,4.8,4.6,4.5,4.7,5.3,4.7,4.8,4.6,4.6,4.2,3.9,3.4,3.4,3.0,2.3,2.5,2.9,3.0,3.0,3.2,5.3,4.0,5.9,5.4,4.4,3.7,2.9,1.9,1.4,1.2,1.3,1.9,2.8,3.6,4.4,6.1,6.7,6.7,6.7,6.6,6.6,6.6,6.8,6.7,6.6,6.3,6.8,4.7,8.6,0.28,4.87,-6.0,1552.0,2.0,0.83,15.35,1.16,3143.0,-12.0,0.39,20.61,4.41,5790.0,1.75,16.2,10270.0,115.0,0.0,0
432,5.2,5.6,5.3,5.3,5.6,6.3,5.5,6.5,6.2,6.6,6.8,6.9,6.4,6.3,6.4,5.9,6.4,5.5,3.8,2.8,1.8,1.1,0.8,1.1,6.9,5.0,7.0,6.8,6.7,6.4,6.1,5.9,5.7,5.8,5.9,6.4,6.7,7.2,8.0,8.8,10.1,12.1,13.3,13.8,12.9,11.8,10.7,8.8,8.1,7.1,13.8,8.4,2.25,0.75,3.31,-9.66,1401.0,-2.55,0.42,5.459634,0.994001,2953.5,-17.1,0.21,9.872418,0.830116,5555.0,-4.1,33.7,10095.0,35.0,0.0,0
1111,5.5,5.6,5.8,5.5,7.1,6.5,4.6,1.9,1.7,1.7,2.2,3.4,5.2,5.7,5.9,5.8,4.4,3.4,2.2,1.4,1.8,2.8,2.5,1.4,7.1,3.9,20.9,20.9,20.9,20.4,9.9,8.6,8.9,9.1,9.3,9.7,10.4,11.9,13.8,15.5,16.3,16.7,16.9,16.8,15.7,14.7,13.9,13.4,12.6,11.8,20.9,14.1,13.8,0.87,5.34,20.5,1505.0,6.5,0.58,9.29,18.59,3115.0,-11.5,0.45,17.37,15.65,5790.0,25.35,48.35,10125.0,-80.0,1.24,0
1130,5.5,4.7,4.2,4.1,3.5,4.0,3.9,4.0,3.7,3.9,3.4,3.2,3.5,2.8,2.8,3.2,3.1,2.8,1.9,1.7,1.7,1.8,1.6,1.6,5.5,3.2,6.3,5.8,5.6,5.4,5.2,4.9,4.7,4.4,4.3,4.3,4.9,6.1,7.2,8.6,9.9,11.1,11.8,11.8,10.7,9.7,9.1,8.3,7.3,6.6,11.8,7.2,6.5,0.31,5.83,-9.93,1531.0,6.4,0.02,5.459634,0.994001,3124.0,-12.9,0.21,27.21,4.89,5785.0,-34.6,22.8,10240.0,130.0,0.0,0
1415,5.6,6.0,4.6,4.7,4.9,4.4,4.0,4.4,4.3,5.5,4.9,4.8,4.6,4.3,4.1,3.4,3.6,2.1,1.0,1.1,0.9,0.7,1.2,1.6,6.0,3.6,3.1,2.4,1.6,1.4,1.2,1.1,1.3,1.6,1.5,1.5,1.4,2.7,3.9,5.1,6.1,6.4,6.9,6.6,5.6,4.9,4.2,3.4,3.0,3.2,6.9,3.3,14.4,0.95,2.136487,1.662464,1453.5,5.6,0.83,5.459634,0.994001,3072.5,-9.5,0.92,9.872418,0.830116,5755.0,34.7,47.05,10095.0,-5.0,0.56,0
1063,5.6,6.1,5.8,5.8,4.8,5.5,4.5,5.0,4.7,4.7,4.8,4.3,3.9,3.4,3.5,3.3,2.5,2.5,2.3,2.6,2.5,2.1,1.9,1.4,6.1,3.9,3.2,2.4,1.7,1.3,0.9,0.6,0.3,0.3,0.4,0.6,1.2,2.1,2.3,2.9,3.1,3.4,3.4,3.6,2.8,2.4,2.6,3.2,3.9,3.6,3.9,2.2,11.8,0.81,7.35,-1.45,1530.5,7.0,0.26,15.59,0.02,3133.0,-11.8,0.2,17.96,4.49,5800.0,15.15,43.95,10200.0,35.0,0.03,0
401,5.7,5.1,5.1,4.3,4.3,4.4,4.2,3.6,3.8,4.1,4.5,3.4,3.6,4.0,4.0,6.9,5.4,6.0,4.9,6.4,6.0,7.4,6.7,6.0,7.4,5.0,22.7,22.8,22.8,22.8,22.7,22.6,22.3,22.1,22.7,23.4,24.6,25.6,26.3,26.8,26.5,17.2,15.1,15.4,15.3,14.4,13.3,12.7,11.3,10.1,26.8,20.1,14.8,0.46,3.22,13.77,1533.0,5.8,0.3,3.14,10.5,3151.5,-12.7,0.47,6.84,1.21,5815.0,13.8,41.5,10155.0,-20.0,0.25,0
725,5.7,5.7,5.0,4.1,2.2,2.0,2.2,1.1,2.1,2.5,2.4,1.7,1.7,2.3,2.9,3.1,2.5,1.9,2.1,2.2,1.9,1.9,2.3,1.7,5.7,2.6,15.8,15.6,15.6,15.6,14.7,13.6,13.9,13.9,13.2,13.2,14.4,15.0,15.1,15.3,15.1,14.8,14.1,14.0,13.8,13.3,12.8,12.8,12.6,12.6,15.8,14.2,10.6,0.64,2.21,7.77,1564.0,2.5,0.64,9.99,8.91,3159.5,-13.7,0.29,17.7,11.36,5795.0,21.4,41.85,10235.0,-35.0,0.97,0
350,5.7,6.3,6.1,6.0,6.0,6.0,5.8,5.9,4.9,5.0,5.5,5.2,4.6,4.6,4.4,4.2,3.3,3.4,3.3,2.8,2.7,3.0,3.1,3.1,6.3,4.6,5.1,4.7,3.4,2.6,2.5,2.5,2.7,2.7,2.7,2.9,2.6,2.9,3.3,3.3,3.6,3.7,2.8,2.4,2.2,2.1,2.0,2.0,1.9,1.9,5.1,2.9,12.7,0.86,7.94,5.83,1564.0,7.1,0.41,10.49,6.06,3177.0,-10.9,0.32,19.47,9.17,5855.0,21.3,44.7,10225.0,15.0,0.03,0
1478,5.9,5.8,5.3,4.6,4.0,3.4,3.4,3.8,5.3,5.2,5.2,5.1,6.7,5.9,5.6,5.2,5.0,3.8,5.3,4.7,4.9,4.7,4.0,4.4,6.7,4.9,22.4,22.3,22.3,22.2,22.2,22.0,21.9,21.6,22.3,23.3,24.7,24.8,14.7,12.5,12.3,12.0,11.4,11.6,11.4,10.7,10.6,10.1,9.3,8.8,24.8,17.0,14.1,0.69,2.64,14.97,1516.0,8.6,0.28,4.95,13.15,3131.0,-7.3,0.06,13.03,20.6,5820.0,13.1,36.9,10130.0,-20.0,0.18,0
1504,5.9,6.4,5.9,5.9,6.3,6.3,6.9,6.8,7.1,6.9,7.5,8.0,7.6,7.6,7.8,7.6,7.7,5.9,6.3,4.5,3.4,2.9,3.5,2.4,8.0,6.1,10.8,9.1,7.6,6.5,5.7,4.7,3.0,1.7,2.0,2.8,3.0,2.4,2.1,2.7,3.4,5.3,6.6,6.5,5.5,4.4,3.6,2.8,2.4,1.6,10.8,4.4,8.9,0.89,8.48,0.43,1515.0,3.1,0.11,15.65,-1.3,3110.0,-15.5,0.15,9.872418,0.830116,5740.0,6.05,47.05,10195.0,20.0,0.0,0
1122,6.0,5.6,5.6,4.7,4.3,4.0,3.4,2.3,1.9,5.2,3.8,3.1,3.6,3.7,5.3,5.2,5.1,4.4,4.7,5.1,4.3,4.3,3.7,3.6,6.0,4.3,21.6,21.5,21.3,21.2,21.2,21.1,20.8,20.8,21.0,14.1,12.1,11.6,12.6,13.4,14.9,15.1,14.4,13.6,12.4,10.8,9.3,8.3,7.3,6.7,21.6,15.3,12.7,0.8,1.75,15.8,1525.0,5.0,0.58,6.85,17.56,3132.0,-11.4,0.36,14.17,11.89,5795.0,24.8,44.5,10155.0,-30.0,0.41,0
1509,6.1,6.2,5.6,5.1,5.5,4.7,5.1,5.3,6.0,5.7,5.9,6.4,6.4,6.8,7.2,6.4,6.3,4.6,3.1,2.0,1.6,2.2,2.3,1.6,7.2,4.9,-0.5,-0.6,-0.6,-0.8,-1.3,-1.7,-2.1,-2.2,-1.9,-1.2,-1.2,1.0,3.4,4.8,5.0,5.9,6.2,5.8,4.9,3.9,2.9,2.1,1.4,0.7,6.2,1.4,5.4,0.42,5.07,-12.44,1464.0,1.9,0.27,18.1,3.69,3042.5,-13.8,0.49,30.74,17.75,5680.0,-7.8,21.5,10175.0,90.0,0.0,0
382,6.2,6.8,5.4,5.3,6.0,4.8,5.1,4.3,4.4,5.2,4.9,5.2,5.4,5.0,5.3,4.7,4.4,3.2,1.1,0.5,0.3,0.0,0.3,0.2,6.8,3.9,9.2,8.7,8.1,7.8,7.6,7.6,7.7,7.9,8.7,9.6,10.8,12.3,13.8,14.6,15.5,16.1,16.0,15.1,13.4,11.3,9.5,8.4,8.1,7.1,16.1,10.6,9.5,0.22,10.65,4.85,1416.5,0.05,0.27,16.64,10.13,2999.5,-19.0,0.21,10.83,22.53,5605.0,1.0,35.5,10070.0,45.0,0.0,0
2525,6.5,6.0,5.6,4.6,4.6,4.9,3.5,3.4,3.2,3.8,3.5,3.0,3.0,2.6,3.0,3.4,3.7,3.2,2.7,2.4,2.2,1.8,2.6,3.4,6.5,3.6,1.0,0.8,0.7,0.6,0.3,0.0,-0.3,-0.6,-0.6,-0.6,-0.4,-0.1,0.7,1.8,3.4,4.3,4.4,3.5,2.8,2.4,2.1,1.6,1.3,1.3,4.4,1.3,6.1,0.59,12.4,-8.04,1446.5,3.5,0.12,5.459634,0.994001,3029.0,-15.1,0.11,9.872418,0.830116,5670.0,-11.1,34.0,10145.0,45.0,0.0,0
2194,6.7,5.1,4.9,3.6,2.7,1.7,1.7,1.9,3.5,4.3,3.7,4.2,4.2,4.4,4.6,4.2,3.8,2.7,1.2,1.0,1.4,0.5,0.8,1.0,6.7,3.1,5.1,4.6,3.9,3.1,2.3,1.4,0.8,0.6,1.1,2.4,4.1,5.8,7.3,8.6,9.5,10.1,10.2,9.7,8.3,7.2,6.4,4.9,3.7,3.4,10.2,5.2,4.7,0.28,11.47,-9.08,1476.5,-3.7,0.51,22.18,2.53,3035.5,-17.9,0.04,9.872418,0.830116,5625.0,-8.35,25.2,10170.0,105.0,0.0,0
402,6.9,6.8,6.9,6.1,6.3,4.5,3.9,4.6,4.2,5.1,5.2,5.4,5.5,6.1,5.8,6.0,4.8,4.0,1.9,1.3,1.2,0.6,0.1,0.2,6.9,4.3,10.8,10.2,9.5,8.7,8.1,7.3,6.6,6.2,6.6,7.8,9.2,10.6,11.8,12.4,13.2,13.4,13.6,13.1,11.6,10.1,8.9,7.7,5.3,4.7,13.6,9.5,13.575298,0.57732,2.136487,1.662464,1531.49426,5.931129,0.406445,5.459634,0.994001,3145.420501,-10.51141,0.304716,9.872418,0.830116,5818.821222,10.511051,37.388335,10164.198442,-0.119949,0.0,0
721,7.5,7.7,6.1,7.3,5.6,4.5,6.1,6.1,6.7,2.847708,6.9,6.5,5.9,5.9,5.6,5.5,4.9,3.3,2.1,1.7,0.9,0.2,0.3,0.4,7.7,4.7,13.8,11.6,9.9,8.3,7.7,7.3,6.9,6.1,5.8,21.216943,6.8,7.8,8.7,9.6,10.4,11.0,11.0,10.2,8.8,7.5,6.1,3.8,3.3,2.3,13.8,8.0,10.0,0.45,16.65,3.69,1495.0,6.3,0.15,22.52,10.54,3099.0,-12.8,0.09,27.16,18.88,5755.0,-12.5,30.8,10165.0,-0.119949,0.0,0
